{"version":3,"hash":{"type":"Buffer","data":"YaTD44WmoFlHAl0yUaCfJo4Dcmm44KbTZBDcvj5MfjWRKKzCd7B1/0iHjXZRGPb5Stt/yxzP1acUUXO26HUotkHoOe9YtoY9ZHrKf2q9wiyJZ33wuQOq+sseSQy7qWJJD523mkrqiu82DqKkQXBBUh8YNSXHlNTJegWZsS7waoc="},"indexValueMap":{"IgQvpxPD5QXkk1T4x6gtUk9GodwbyQkuI8ib10P5ZmI=":{"valueMac":{"type":"Buffer","data":"4E9RRgb2zJf2lurhCsPRECNEkIsl6CLpAFRX4YMNS8c="}},"HUGGK9mgv95UBYgkJM19MRYgwoJ9hC8og5C4RzNDqi4=":{"valueMac":{"type":"Buffer","data":"XWF0WstL1l8NKyHqt65CIbILQq1B7yfQipyXJhqJ2QA="}},"g4J8a6PPTtP7HdgsjSROEgQBFVucp8aYcSd7ckxztEY=":{"valueMac":{"type":"Buffer","data":"Dhulp9pSc5oRf9fMDNP1o7aIy/NfINQoCDq0fl5Xzpc="}},"XZgLHGmqrGfhFFt7sAhPkkkjYoapcKV8BChGyMwHD/4=":{"valueMac":{"type":"Buffer","data":"QWA1Bac3eakzpUWtNtz1245lJ8RfHBZaKfMRc8ixfVw="}},"kr0R+D84X+m/dK61RBhMzoJQwYGTX4QfaX9OaSmestI=":{"valueMac":{"type":"Buffer","data":"FnIqvnfBPlSJmv/C1fk5usb9lWcN+1J8YKbP1GL3z00="}},"+aioIBAD5tFB3BU7ex5HmFrUY8dp2VKNdWX0UH843iE=":{"valueMac":{"type":"Buffer","data":"hJ1ivbgRX/GcTompZ+fRK2oRS724QJMxYIJKRRxuDjQ="}},"+Oe0esC2L5PD3aiHjgKfgiqlk35/53MnVyMKl1kFZCo=":{"valueMac":{"type":"Buffer","data":"iuNHANGnoZt8L1IEWz5oYA5CWGFe68TsBDF6sifn2dM="}},"uV02zl09jclw19LE+TEa4HCV5Nhpmh0AynmKKoXjEyw=":{"valueMac":{"type":"Buffer","data":"7epbt2H1sgWe/j7PkfPzJLSf1SNyY2ZWLGN3vMG/QwA="}},"k6NnZFCcauQkd4coifrcluigEWM1s1SiFFC6oJIRMQQ=":{"valueMac":{"type":"Buffer","data":"1hjxJja0/gv3NJsdmMIj9O8bhRnXsPHBiT7H0rpkCoY="}},"xi8mtiTQSWB8BLRJqIrfDtmk83BHUpQFK5VBaqnEC/w=":{"valueMac":{"type":"Buffer","data":"hFYXTF/ZK/rvRwuD0lRWnxirCajMebNiUSsI3AQoHto="}},"pV/qPxNBNxk82U4BYFRq3pTdps7uZeASFNqShF5t1tc=":{"valueMac":{"type":"Buffer","data":"SjK4h07e8+AEVLe56hUYdvcxCSR5xG7FH1sP/Zhzv1Q="}},"79Y8xi+wOARqwHhudnpK/cRYjP1AZJmK5KkHyP4o00E=":{"valueMac":{"type":"Buffer","data":"e1Iy4T7aTRxPqsiztav969JvCIlKFK2WFLt4Rkx3F7w="}},"2TRC1s1wXjImjDqE4OL387SVYibxCFQ/uJJs3RY6vgA=":{"valueMac":{"type":"Buffer","data":"KHeoXYpmT6Iosirjn/r27IK4sOmIqoWnqGVScNV0VTI="}},"wA8hTKoKH6n/kkK7a279t0lachrVCoemo2qhuXVz2mE=":{"valueMac":{"type":"Buffer","data":"ij2YF7Ywjw07KIUWGnsb1gsog6U06D5BjXBRrU0W8hw="}},"yjDqOd+8z7kkoVeVHRsLU0sLIYqCTwRQ6HFxNV9wEMY=":{"valueMac":{"type":"Buffer","data":"h2ttqX/zxRJ0hrceibFAC5JoGkrQn40jQOJOiU/LhFI="}},"IOrL6oxd70538XlsldHsSeN48W6BPQMQOBibYkuF70o=":{"valueMac":{"type":"Buffer","data":"u6KlgjuZcfoec1y2/+SBKdefXmOmlPgyw1YsDz0d2QM="}},"Lb7s00IAIjXXCE6QLGd4XmsPmEKDVDPTRjOfZRep1Gw=":{"valueMac":{"type":"Buffer","data":"pEoJh73qEnuB72+Gl8CYNXglxMxpvHzhI2sYmKSXh54="}},"UDu4t4ljp9MIE6HWppIxPK8mf9rLKbs4IGqddyiJ/Zk=":{"valueMac":{"type":"Buffer","data":"i2R1I6u+qwFOSZBMSKtAtLUsUc4eLRf8USW84AIW8YI="}},"edGiTOarLl03g+VhJFmL3xLdNZBUW7Us/nWTNeDvGj4=":{"valueMac":{"type":"Buffer","data":"WSiW75yAJGxozobtaLvkfvfyPy7WDhV+99m6rqqnZm8="}},"5MBAa4Cc8+F+yqSgFXEfTcr6BnzCu815MsSl8ENInfo=":{"valueMac":{"type":"Buffer","data":"WBdKj3ToMF0VNPppnNsg2ZBHGzbLIbQyKnUQ60A7vEs="}},"U2KpjtSxHBl1WsD7fODb01qdeEuQrKWF+X/iuiZvIKY=":{"valueMac":{"type":"Buffer","data":"KFxLJogtU68JeI1IuMfFXtY88aEczkB2oC48GWRaEPU="}},"FyCPDtezUU68ZSPNdAQ//Y0Na37igY1uHblFOcAWJdo=":{"valueMac":{"type":"Buffer","data":"3DE8nJ97zE130IKA2s2RYd4r9/em+nf5e35n3gPED28="}},"yEThgRWFM/VVfklnStk1/gSCtaYLbRhrJaG/mphOoAk=":{"valueMac":{"type":"Buffer","data":"zmdK1RLAR6VB2snaUNd0uAyeXwlhzCw4Cz6cldpyUUI="}},"Nxaj0pNgEv6mmHd30WtRHdMTnyO0PHucOH0PCjOltmk=":{"valueMac":{"type":"Buffer","data":"tO4fairmWYE2tr3Uf62bBE/tkFUc58pHUQGV4i1p548="}},"FQjos2ihvDGuiTdWCRl/Q9+4Jpb+9bSxXHdom3ZYt0s=":{"valueMac":{"type":"Buffer","data":"bCU5mRuYAAvZ1JS3L9YabBf6YS/f3bbypjXdMGE3U3s="}},"SrMWfjMQvOU5Mw2IrUNAxp8lSyfcz/0EUYuYBMh8NRA=":{"valueMac":{"type":"Buffer","data":"TcrHXEvLfABCYm1F79PxjcKPCdf/o8LpgZNi7/yfE1g="}},"D2D8jttkKBUe1w2eAZHt4ml/ySXD10P7XsFSdLTn2JE=":{"valueMac":{"type":"Buffer","data":"r1dOzSKHq9RrBNO5SFttS6d1UWe7aRHzJcmZUUunJSQ="}},"3nELjtRBgFbQlNNL4gPllzEr5hz7dUhXuOZFsX0EohM=":{"valueMac":{"type":"Buffer","data":"vYVwu/sYTIVB+JcJewiQl1FmHI81+OM5qh0swUX4vEI="}},"Z/vsQTcYlYFavaJVJkLgomMFfokz8B1QeRU2EG8EOTA=":{"valueMac":{"type":"Buffer","data":"mw47hIMqZLT8xMkEOhH++estwmQ9iUTLrClQ8qyEAIc="}},"Jx4jCJTDy7ckL0eZZGWcreosfi2eSXm9ihWUBXY6kDY=":{"valueMac":{"type":"Buffer","data":"krB70pX+gdJXz0tozhZ+h8AuO4aCb7sjnOhkwagSr/M="}},"kFV/WUZHlVg2zAXXVSqSUSBL4vR0I3N35GEfQf02l7U=":{"valueMac":{"type":"Buffer","data":"h7ruMLO7drqeajPBroJfPL6ksbVkHRrKV3NcPsAbu4w="}},"muHqDHoUSNcLgkR6QdBQCjVgLRbXBkM2GZ5ZYfzhQCM=":{"valueMac":{"type":"Buffer","data":"tcJiBG1P+E7XZtVMxf9nEwUIuc8zAfoTVsXzRwA/Puw="}},"TzdIh6QkaJh8vfkWkfBE9voSLuYZipSTWaOCQlccJjk=":{"valueMac":{"type":"Buffer","data":"DMhIVHwlZoJmMlP6LrZcytivXY2QV9EHsrHL65r+tTc="}},"HjXYNEoFBut4yj3IMNuJ3CrFcgE4Xg0VZJGd3rSPp0Q=":{"valueMac":{"type":"Buffer","data":"XJO67DekhOYTSBLHznmKCMD4OKBqHiVnwyVE+Y4jZ88="}},"2vAdcD7BOEzNh8+g5QVruc4v5CaUmrrsYfc/xLAIrjo=":{"valueMac":{"type":"Buffer","data":"4M5YNOJ/H+HcIMm9UDQXnFT5ySZ5R90JDQKtxdZKIJk="}},"yycC8qkz+rAt6QVi89lMuSXlEuPfmg+8InpTnXdSgZQ=":{"valueMac":{"type":"Buffer","data":"KwGaKQ5pn6ISlTltoWV5yxAP0WGSQbb7vfpoaGB5wR4="}},"kUtEneaTDd6khsUm2PD9NOEQYu6qWXnLCByVuCSmLVM=":{"valueMac":{"type":"Buffer","data":"/Ck31ujkH96pGBCVOKzObg80y/Hrs5FgJrzJf5CHJUk="}},"rHzd1Pyii7PKh5PNvMD+eisGf6SlW7swJ2w3OGKOgYQ=":{"valueMac":{"type":"Buffer","data":"CjuA8ZeO7kfRgeo9NmtiAl+ZWQS/WoJ/CdsdL1h/MfM="}},"yOs5+p244jRzs/s+7MZdmRJmIqqfsxLPTg0JHQLlkbE=":{"valueMac":{"type":"Buffer","data":"8gfNXmDsFXY0IM9s5bf811qmNvNep6NeIU9h2ygt3Tc="}},"LHGgCGZ0uqYA/fMfv0gJuyNZJgfnHDGvfP6Eh5whMA0=":{"valueMac":{"type":"Buffer","data":"5Ih1GQjeXpUjQjLydtKpia24nXEhysY8gV35RaLWQ0Q="}},"Vvwyii4jmGl4Z9MxtsbPMjLUkzz7OOnd3vhWwSv1Brg=":{"valueMac":{"type":"Buffer","data":"OLPH1BHRwnnf2l/M8XvDX9CD+KmI3hjsHO49+A6tXiE="}},"s7Y9nJuc/2ltcCVfIiI7ePC5IGCbPTAG0FTymB+Xfyg=":{"valueMac":{"type":"Buffer","data":"Ddq4jSbz4L+PAzCAWzyxBjuk7pRIpYx2FE0vieDPV14="}},"yPzsaKA6vnPHdf6UiSSb40xzRAMwA6RymV/pZjdxlPI=":{"valueMac":{"type":"Buffer","data":"Ja65w8XdaPoj7Qf2ITDPyipJIAAQr2tU3FWkdxpIE+E="}},"q0Wa0WM4k+LHsZmNg60agoPFRVEzfVSJ+q2DOlvjib0=":{"valueMac":{"type":"Buffer","data":"ThPdBxA3Q0XkzFvUBApPQXUEan9/ZGoAYzvtnNKOnuQ="}},"Uifl3jpx3P548bZv6NHqTcOUYwgYNtZobAyCHkOC1jc=":{"valueMac":{"type":"Buffer","data":"SwHtiC5OkwALUO5ipZlZru8jVzkijwwe51B30TxFcMg="}},"hR1+9g6a1iAPdJZnB+5bO05B+wEM1EUapnKbYVcE32g=":{"valueMac":{"type":"Buffer","data":"GUuLdpON4dOS1UXBEMAv0otRHpDzzPK3LlV9COG2pQY="}},"km8RQS9Q3uLAWEgSAXBodAs20XZ/aAF+1bFrEBVq9OQ=":{"valueMac":{"type":"Buffer","data":"Jp7KStilqP2L36tGSIq130+uqK8kCLoQbh2+4nFc50A="}},"/Txh5dqj2FoCL0Iqbz8WNAhrVUoJqVip92ej/79lTX4=":{"valueMac":{"type":"Buffer","data":"nYYr1eQjGKevaX+Yocf1fxc1BQR09HwWEY7gnRDP3nY="}},"7ubRvXLaElPwEU8+c0Nj+rfixDmPymA+yZgiE/4hUC8=":{"valueMac":{"type":"Buffer","data":"CtKUZSLDf1/DeniPQNJjJ/t04T/JFc/xn3DYJ+0PmBA="}},"o+LXbfpoaJShSU1TaKlbwQZR4ctV/tdyj9Z4xcIW2Js=":{"valueMac":{"type":"Buffer","data":"A2IaHRX5ieS6+GWhbsOrSAZOxsRa/cImVYLD91WycH0="}},"uUnfFZqLE+kwad3kENePtR3baCKG6ld/wBdlc1d1nN4=":{"valueMac":{"type":"Buffer","data":"5eMeU6KTuZpQwkWsrER0KmktVXta07z0tEHAOCO1lWg="}},"4yrlejpSO2FR3ghbMhie6BXKaQpIj6/lAg8RRzcRDO8=":{"valueMac":{"type":"Buffer","data":"G6uqqSHrgu1QEFwJks6agunfuXMzKz2to54CeoNLLEQ="}},"yNECOdkJoJBkWv0Apqd8IIkVsAtqMBnH6eJUFWlvi3k=":{"valueMac":{"type":"Buffer","data":"NNfMxp06DR8oFst7JklrYZOthn23czXMq8gRz5r45Mg="}},"a1LWtfSVvfMllqr773bdvudmV1fkinHZQJOP5r59TPg=":{"valueMac":{"type":"Buffer","data":"8wFve0V5iULC2stKd5DlHOlCrCI3gvSBW14+UVFeqjA="}},"xkv5g4TTXE0Tzo4HiJeK4T60o/IsGnhct/AcwA2kJrI=":{"valueMac":{"type":"Buffer","data":"5PLoq+iCXoDjT/i94mTKnkvImltOUBcNOU1/BUfGjT0="}},"+dZkkOUrPoQp0k0jFQeGJfRTgp77+f64n+JfNrAEVg8=":{"valueMac":{"type":"Buffer","data":"zkxyJBHlimHbHB2pL5wdCTf0McGi/c9/3CSgf1C4KeM="}},"PCebBdqADThrM4GT+wcTGGeIW3YwKsroABRUkqnPAl8=":{"valueMac":{"type":"Buffer","data":"udBxhsTpECVjh/05jmmfT7fBo/bsKzuKLyZPmKPeDLo="}},"8fiMcqC7mx8NryQ1THIfv56RPl+o+dgMI4SoRzirLG8=":{"valueMac":{"type":"Buffer","data":"m1d0OvwViA9uvHIvxqnaS0vzsgqe/cbUEHsZp/y427E="}},"/ftBeJykzFyajGyZQRJsVHL4gqW9z9d8ptWszFuS9mM=":{"valueMac":{"type":"Buffer","data":"cZtc7xaR2zzGtszp6QJeXsV4U82k8KYwZbDILGEAF2Y="}},"wHvg7zFXSIZkD2GSeOMdIx/k0CrvqVWbBNBrfwvKLCw=":{"valueMac":{"type":"Buffer","data":"MLupopvaIY18CYSeH/bZXDllg7834ReL6xslnlsu/NY="}},"NCpUwPdcMxLuNCtKyR7yp4OH+LefXjtsf8bDPJlSZUE=":{"valueMac":{"type":"Buffer","data":"iw18o3N0/+7pzexGxyKYkp5nR2tACttX3lFxxkac5VI="}},"HOyy7g3qW9KRrpdJl+o62it7GhMmgrguUuhx3Rx5/Ik=":{"valueMac":{"type":"Buffer","data":"9abfiSEDScuHB1XBl5rgdeNfNOHGgmDKYQbruzfRNXY="}},"pfGYrLfFGgc7maD42PLykwgzJnINW276jh8ZeBAqZ1k=":{"valueMac":{"type":"Buffer","data":"YvHZE240eBwkfKjJtwAGMMI5HJ3L2UODIOyJo1LL4I8="}},"XCVGljkTE6SqpGyekONkAKccIziHf9lKDaV8k7KPRUg=":{"valueMac":{"type":"Buffer","data":"LFuf8xQB+LJbgl3LG13e6bn0VCG4amGc7USgfHZoGos="}},"/LPfuyHiYqYKHStSmMI2ZdUs45lnltwospa0bRVq5Cc=":{"valueMac":{"type":"Buffer","data":"HXLTNj54TMzT1xMHhG3dx6PTB1xoRHgO5KLb4u6e8SA="}},"Bik1Q/UsEAMTU2WzWRQjVZX1h77zWWs8CA9GEnnpjZI=":{"valueMac":{"type":"Buffer","data":"AIJaU/9UMm8PHsRu5IdKe4du2OlEAU/gEzfrBP0OnQo="}},"tUoQAMdgAme4oNo9F6pbBnE6rPTOhjgzBTe7T4PDJmA=":{"valueMac":{"type":"Buffer","data":"ehcphUXy2oaaHWLBZNMi7UvfQ8hIaXm+KQtmEqwIQNU="}},"9MzEJVODZLRR8WJImWXq0WGwt29xKdcRUq5wFN8vy1Q=":{"valueMac":{"type":"Buffer","data":"m1MhAnxQA7a+xD00iS2FiZLcKlXBo1qVi7pmCjqTNeU="}},"lMGvVGdHcf5PMBkmZsEDxv1inuiY2cLUbOdwRTo1Ofo=":{"valueMac":{"type":"Buffer","data":"Gt0tlzrMHmI/pylrDtOT4mhKgA3owfRYb4hxPMhSveY="}},"U8o026zUA6AInievYXyYv5ncYpjG68TjFSviTJXBrIA=":{"valueMac":{"type":"Buffer","data":"rboj4PheUw/waPCtJ2sB1tCdcyfIovCUhlIMpQzKuBo="}},"asKHVa76VFht3oqKY/d8gR+13O+8DTXA4UO63NoqgQU=":{"valueMac":{"type":"Buffer","data":"QBjNgvcc3adFJ6veBTbmm+vg946Q26eHTMA4eqrSaQk="}},"j5zTOdSQ9czLvrXmtIbMjy97ZCyyhpb3h+8ARPfGKBk=":{"valueMac":{"type":"Buffer","data":"qfH7u+NTrdio8qWEkE91OafXY8BxlV2d35ctdXmgrKk="}},"Hpp8Ckma0y7022pky/Nu1w6IR8icXleLG1amsxHbhKk=":{"valueMac":{"type":"Buffer","data":"YaJ2kVVtoYLyXyViHIvyw5e5xcW689E0AXvpFxk0tJ8="}},"bI01rI0q8MqJQE69ByBjGBWFnah+QAlUA01L1kpGyVE=":{"valueMac":{"type":"Buffer","data":"NBJ8uIUob7LFNrUiZ/uyABtR3W+dQ6G1kW0RK/TudK4="}},"kgC8dKhNGoKVXPuwplFI9x+ACGQwS6Jr2l3v9LpePIY=":{"valueMac":{"type":"Buffer","data":"TMMa5hXlkJGpjrpDZl+4u1HkMa2dZCVsqv5LYZbJGlQ="}},"r/XcugvubYCPYuOgFN6dDwejaalS6tuYPoybe1Aa2aM=":{"valueMac":{"type":"Buffer","data":"8vUxMBsPcTr6BV0/puhSb3GAOCxxP7RumwV7QatPTbA="}},"f7Cq3MVtvhSFWUATSuUXXOwdzbxKjOJv8Z7eGEyYbPk=":{"valueMac":{"type":"Buffer","data":"fp3qBdYCQ8l2a4pVGNNJydppKpGW8VmwQrbF8lIiFto="}},"N2as5OBM+E4Z7h9KzN6Rb7kWFoTnAQp4vNQoVbQd3U8=":{"valueMac":{"type":"Buffer","data":"DIMDFD+TJIB+jtR2bMoe9uQqqn+gpEnRplv+Mg2gKDo="}},"kA9Orwom1ZZkUIqBW7w/sAqEmeiu+R4uwZUpRJVPuZI=":{"valueMac":{"type":"Buffer","data":"R6eDhwnBbY6ZAzSDZvohsJeIgOmOh4AvDBjgb23K1o0="}},"bOx0QuqWFGVGugzIztValbaIAXm8OcEaTBIFzLBexC0=":{"valueMac":{"type":"Buffer","data":"pM+k+Mwm4laMcaMqWzdXBLhbzXeM54DjOdqctc/+aiw="}},"DVPfE8Su16lCtZolGKC1rxaL+Ao/UsUA8m8EaGmgqv4=":{"valueMac":{"type":"Buffer","data":"vuqa1dCd7F8W3Ci/fIU8lOxaj2guOvQX39fFWcPzxtY="}},"N6vOoLdwDpFX0K3SgZnIDzH9DdgWDOO2levm+eucsbk=":{"valueMac":{"type":"Buffer","data":"CHcOldpqLvz+dfQGl9aF81WKhJ8YBMfKKnn0U7kNHp8="}},"IkCbQVm974+mQe4xwR0M0JoE3kETUJ66urKHdTqdG6Y=":{"valueMac":{"type":"Buffer","data":"8k12tescki176UTyLczq+mWDfhh+gPsxCONOAtMA1Yc="}},"AABFg8W4Eesp1L9+v4YUudayHmu+DKeiWqa0489Q5SQ=":{"valueMac":{"type":"Buffer","data":"ffdu4/iw7xwzKG+U/ri7fGLWe9ycErVwpPb8q/ef0X8="}},"27BXZitEcDOQ7VQ6unm2iW93Dx3e8hCok+JKN6RbdI0=":{"valueMac":{"type":"Buffer","data":"Hr32sazwA3vpfWgNVo9l4dcS+2Aiq6e9otvQfypJHko="}},"xLims43u+PDKd2k/nVlM6Lcg8yE6okRu/TbvoHRKt5w=":{"valueMac":{"type":"Buffer","data":"GiuUOPwB5CFrxaKOK6aRa4brW0dbZMuZlmK0W2geeYc="}},"cNQH2MLItX+prXYJSz6B7At34wMXJztIaLGV3T8vXtk=":{"valueMac":{"type":"Buffer","data":"kn8pPnr4/TpZNtv0WNN0hVclMypBcl06Bn5ii+hQBpY="}},"0BI3X0ySRRmvPu3Dhh4Y9JhGhbEp8LValQb43zE3BuY=":{"valueMac":{"type":"Buffer","data":"jES8PS/eYJgtLqX/Q35VFxS0ybEnOSpPwU4ALU05I+8="}},"J60U/ndflwgDoe97XIt1Wg7TSY/SEtjFBWJnx0ZH46g=":{"valueMac":{"type":"Buffer","data":"LshHNjKEIMQuxITTO5/GIjYCPp92oU3G00n/VMH7gdw="}},"HvaKFJpAxYWdEM4xLffxgLl/wpI0yKQWSLeTDlY7gjE=":{"valueMac":{"type":"Buffer","data":"J55e0MFQoh261l7HPSj3UQQl2WxmCazfppIL9FhMyik="}},"C7nntSmGmQUmoR8I+xc9UNEmefv5Tc/g+eAJjp97RYE=":{"valueMac":{"type":"Buffer","data":"VmB1STzLub61Pz/ZLeTScuzJExB+keMZmMfNzOVSyYU="}},"tPKLrjxyg3FCakpzzC/s6YZWkI/xZU7SxQGTPJagyoI=":{"valueMac":{"type":"Buffer","data":"wJiRtbR6Iuex9ucOk+wGVKsXTcC/u2jxPeykGRXNkaE="}},"0xPVtdK8pwkyRMMd1pytNcycckkzka0VdhPpqF9khoQ=":{"valueMac":{"type":"Buffer","data":"AhsVCcQmcOXFK6mJzWDe5wa7d/5y3i7XfZqDVJVQsZA="}},"E9vNp4g+Hg3BZWIZOCmUF91kWw4bj4cqggJ/vr6fDhE=":{"valueMac":{"type":"Buffer","data":"y70t8Fdr5QqPzzfihVevyT/9J4t57uBKoX03RR93tvc="}},"KA81QmU7qew7VhqtLO2qhDOT+hl8s9xOaoBoEIzwOHk=":{"valueMac":{"type":"Buffer","data":"xQVJbWd175vClLfSeUoUyt19NTkdXFPZjZo544oTiQk="}},"iEwGd6YRUvvTec9vf2IFrWsyDSfiudJAZH8CJCCXuWo=":{"valueMac":{"type":"Buffer","data":"qHA5LEHqQrt4Prshj4+Vcsa5mdsH7mEYuLOAeX87Ymk="}},"LD7zN8Cz4SdxLtELgxIkSbX6Ys4FyjVIAIP75IT6X58=":{"valueMac":{"type":"Buffer","data":"CoAFNabqXYZpy1H/XaMoN3bu4uFdhnbnQzR9lyyETrc="}},"Al3/0liCRoJuzSD0MYGh3ksym03Ra19rgFKVtGft2Ys=":{"valueMac":{"type":"Buffer","data":"oCIZF08NQTrbNNgsR7CjLw43+gBgFL5tZ9c8XY3oPD0="}},"++gyyRCcv7VFQCa0wyvyK0YilfVF2IijaO/76of8slI=":{"valueMac":{"type":"Buffer","data":"WWpxci/D2PXjrB+ZIVFUzpYLJjhz+EaxMiSQoNRVJVo="}},"Sf0zyXnnqwjuOOQcq9n5zwpKg2Pjr56dJBij7ma8SFA=":{"valueMac":{"type":"Buffer","data":"Esx59K6Gv1OfQKR9wu4Oz4ZVb4b9413qwiovfg01PYM="}},"a/IQLEhy3pV4i985QgYvGUIVob7JGZVyfCU6c7o8yEY=":{"valueMac":{"type":"Buffer","data":"sBB5GANEkrSF96uwZ7asZJlR9FQopxpsu5R8y/Xi+BQ="}},"FuzVcSE2EM2istTEeBJYz0slMcR48zx596N7XUJNzPA=":{"valueMac":{"type":"Buffer","data":"lzhdt5KTnkVJ51ebkEhS++UhxUfE9Cnn8jTXHjKNASo="}},"+WpGmWpm5Ij0LZob4jg8IoLKGF6pnk22UpY0PhF+96I=":{"valueMac":{"type":"Buffer","data":"rdfmQD/oqzW3wDxB7XTd+nxn3aVs+hmsfoDBkMaMogA="}},"61+YGNJBCTDOV2KBOjMcuWi9xG2pfRluSNHxjVg+f0U=":{"valueMac":{"type":"Buffer","data":"EaCwSm9EZNfQkYlm604bnUVZKqRjaznKnglPaXgwc5k="}},"u/AN5bCyHrCuGRpPD/d4+1dUuAkoHAmkyDmJ7sonDTg=":{"valueMac":{"type":"Buffer","data":"8mvUCaVOoZ+5AkVIiler6ot3AVtJC8aqzMuET0jXRYU="}},"W4Io6/fxIsRqB97OVEkpO7isxWtlZ7GkndvmSZJ549E=":{"valueMac":{"type":"Buffer","data":"ifegufmAmitTFKeLXxpCGlXfEIh+aqNA/qzcaYC3gfo="}},"pBF58jiScx85Sh6AWgpV17ldm6OC1Kge6H052tf/5IM=":{"valueMac":{"type":"Buffer","data":"woS0Dwns0Ij66rz/X63gZVDRJ8Iw5rhj0dW16B7op2Y="}},"X3WHK84R1ShNFgskNxQhldoSlN1MGEwfUEnSJpyGB5A=":{"valueMac":{"type":"Buffer","data":"rDZoZCt5SM+RAN1OM+4d+uLK2OSDfFs5int1Ut5f+T4="}},"g+ijB2ecA+JLl5fi1u7kcUteamqMYrurZImEmYHEcVU=":{"valueMac":{"type":"Buffer","data":"yOl3tXohbWbXKgkwPYk4eopbrHi99PXnu1O0Lx7LuKw="}},"0GYkNOVPiUSqUafvBrtIEvaySMWBwFK5dc6ncab4n+Y=":{"valueMac":{"type":"Buffer","data":"Zf+379L3mUq6c1KRnIpQuvtst1CrAsAn+An/eau/pi0="}},"rwnuBx6jO4ZNACJ1ox+pbzrsq0czHZqYPvT/fwaUR1M=":{"valueMac":{"type":"Buffer","data":"E/ydXJiXWakbp30fIqHe4bv1GAxV0Hew7LdRiUEkdr8="}},"ny+/WzH1nW4VUSiV3zuAh9u1qRBTLT5Cf5KH0i6bRyY=":{"valueMac":{"type":"Buffer","data":"Y3IhENiDAc2+WGMthyEd1BEX80RCFsYE4XuIRyRdC0Q="}},"LAUm4QB8Zu3tWQl4NyvG+aY0Z71HPz3zK5i01qCTZYc=":{"valueMac":{"type":"Buffer","data":"Um4KuK10sQG5/3Ef5+oYh8fQ8KhOuOq0QN6I/OlaClI="}},"MFy7DUw8vscSVCslwcevOXKCc2OaoywASbyuYckC89s=":{"valueMac":{"type":"Buffer","data":"3q0xUREAKYlM4/+dlOdiSSXHpTuOg0Nhav5feIRyko8="}},"7kK+aMy7Bgf1HmpWb0gcPy+WERfQuh7ZJplUxdUWHLo=":{"valueMac":{"type":"Buffer","data":"X1btMYeZNvsQMdj3voVxNFpb49fqgLbfJqgxlc9+4yY="}},"BOguYY166d2RK2bJoU+K3RjcZGs679tcLE7ut2viYQU=":{"valueMac":{"type":"Buffer","data":"YFNZ4pF/E95r6KN35sSVehaoyFkmu0FOFvugSJmJ4H8="}},"kClbepPKs1+plOJBrP7DIASHWQnzi6g3r0hkYU6x1yE=":{"valueMac":{"type":"Buffer","data":"NJln/tdkdj2jjpljFoBQ5Uhyx7JC7wa+3Al94urpXHw="}},"FdIrQgjpzbcyXC8zq9AiJZVQr8GEZqCMnAWtZKbypQw=":{"valueMac":{"type":"Buffer","data":"bAxai0HZF1xCNe6Hr1i6oj4xgZeSC1c1R8c/c9JqcQw="}},"NHJdGqSLXdKIoU5nAiyb4esFxBr1IMR8U+yjeeQH4fs=":{"valueMac":{"type":"Buffer","data":"7e0Tv5nf9MMbwYlnGLLMjfT1gaEMitbNnMaJGA3Eo64="}},"FTjDP3eA36aiHFye8oAxcZPDHgHs5HrdzftGk+pmOHg=":{"valueMac":{"type":"Buffer","data":"0S0dVLVWtXlPX2mUyJhyjkccnQQHptUs4v1VdgNA7dY="}},"pzGN5v60dBnvZUEiP+wmyilXSWcP5XxAsE8gvw+AFHk=":{"valueMac":{"type":"Buffer","data":"fZiOfAD47f85+tIbs7IO13F83bFKj83Yc+e+/R7ERxQ="}},"yKdb6V8eUHc0lbdBExD5Z4yooG0fscOF3N21kT/P/Q8=":{"valueMac":{"type":"Buffer","data":"XgH8Xm2Gj63yTWXNqvbQifrvAFf1FbJxiNi49gvT/l8="}},"xlv6xg0lnma+fz0aACOCrysXCpp5JzIG9uYCEJ8QBDk=":{"valueMac":{"type":"Buffer","data":"n06nS2wH2cFx2EhMBknUTFgFF0Fz+EdiLowp1YEaBBE="}},"3tX4pTATKBtoZ3QFWsIr+LqPoUBO1tbYVh/utJFdwVY=":{"valueMac":{"type":"Buffer","data":"hjPooxti+2c5HbAvt/9QQtfti9FK+y++5fd3rZFLKP4="}},"wbrG3ZW832uiLhkJXCA7NrhY8wVp0tKcGY45hXKjuDg=":{"valueMac":{"type":"Buffer","data":"AjccA5JOyLDAu7hAQ/BXHYNEn5yf3Gk6LAiFLsK1nxQ="}},"V9IInW1nrj5l0adM7tbHuM54+T27fDVClMHhc+hyT+U=":{"valueMac":{"type":"Buffer","data":"EmzF6kilrhVyVMViZ2wDk+WWVTgpLADgQ1zVF78WwJs="}},"NGM5Vz103KEIMPK6k0mTewS/R0SdqBHhCV1imU5Sdfg=":{"valueMac":{"type":"Buffer","data":"hb6rR7D/QRFh83w/lh81FGEa4OGfIzBxkPDx95sSyjQ="}},"mN+3FlIZmEIOsdYttymQnloPMhldKMByAWuTkx3Nz8w=":{"valueMac":{"type":"Buffer","data":"DqL3cz5TMyeNfhlUasuWxYAzBsLNcouyDNIdn1m00nI="}},"Hjt4BlTcaDf3pmHNGRzTpdUWJWW6JeOrIXENELrRqD8=":{"valueMac":{"type":"Buffer","data":"IF+R0NNbEbxxbBxXlMYI+TDSbSuTRmg0NGO0uWHS9E0="}},"vGLeUx/lJafcA4S5nULZlrAYyXL3E6Jl09DIulVUVN8=":{"valueMac":{"type":"Buffer","data":"tVUDEaaO7xxhjZj0FhUXGtdh2yf2vZ0P0aMKIv7vakQ="}},"mE8Ip5DtWodIMQlSpeIlr67SzKUFPjR2JlexMPFS/bA=":{"valueMac":{"type":"Buffer","data":"C50DrwNxWY/8QoxFsRmpd7Yo3pmdKNAH3LFz5VFjloA="}},"K5sCFMyphQcTnLwS0yjosO4KaT+BUI7wLz8lVGxNFF0=":{"valueMac":{"type":"Buffer","data":"XWbr/nQbXTEJDDXLd/I80BiLPnkV/qaiaTMuRhR80PQ="}},"/S1MDKyKLdH8YArVlxlbBnBZbVYfdZXY20pZftcQvFg=":{"valueMac":{"type":"Buffer","data":"6sQqqWt7QzN66SlPyLNjc+xnn9BO55/qC/nGHhW3AMc="}},"19RcJ99HlzhaxxnOOLR6+Ho+LNIrw93poGCUnS8mIuc=":{"valueMac":{"type":"Buffer","data":"bTSOge+7iNogV0wUmPh/cmrMoibWwI+qbHnw9aYoAjM="}},"D783aYLhbok8diQNlC/lU8ZpgD5FokxsgsJCd4XMdxc=":{"valueMac":{"type":"Buffer","data":"NBC9AMRjJTggHt1xxwRNYxWGtdco2hznpgCoHWlaO24="}},"x3hKG4yx0gFPBqpaIR+s/WfevNWbkOVpkzNX6z0qqM0=":{"valueMac":{"type":"Buffer","data":"8DZOIFjM/Hxhgt47mGlUqOFWKCwW/ylRRb+lJiCO8Fo="}},"5yuhNfzCV60ycWZXHQdu4WIGb+UidbpED7XFGYCbPFA=":{"valueMac":{"type":"Buffer","data":"9UfJbnd1EDNISruFokue0wRLCAkUovSExPwpVc+2VrI="}},"KSSQASm0XolnlMMBbPfmCpv2YqqHb/rYWFrI7Nzy7pc=":{"valueMac":{"type":"Buffer","data":"Omze7BtX/lM1RYiMybMdj82MN2cVV+aYF0qCv9pNVNo="}},"OT1nnTyJ49mZCtcS3l+9Cogosao3uP8ML4YLP+8pvwc=":{"valueMac":{"type":"Buffer","data":"SznOI614mql2xuNmKQh3L2/IpgU1oAPA6NlV6y2c84s="}},"EI4uL5cUWs26ZqprOv1I0JtjaTTGj2+6WmG6RatpD/o=":{"valueMac":{"type":"Buffer","data":"OAa5CFORnaQoTeBmObuG6AJdo8bG/2oHxaD6MGPucFA="}},"/CVduTYMS/j3pzSM9kuLi8SKzLGsmzr8sG0ZGZ/p8mE=":{"valueMac":{"type":"Buffer","data":"/QUvmPkQGKfy8zplUvP5Y4yqKTofKqznND9IK8Myjk0="}},"ZQIkUR3F2yWKjKtkop0VHs/LeiAI32bO2jFWoavEMG8=":{"valueMac":{"type":"Buffer","data":"XYmtAI6ApUZo5mfXsRbi6rkwakhqKmMs0fd4PSX1x/4="}},"0UYMCuauJUiF+/T9AvGHPUZgtcVbP7ud+avgJDB0bAY=":{"valueMac":{"type":"Buffer","data":"V7UJTHQw6RY77IVI9hsFdZJ/Sja40AVqs3o5KhRaU+U="}},"xigasDeCaLZoGKLN2NswGY8u1rvfW7IPMcZ4PYaeHo4=":{"valueMac":{"type":"Buffer","data":"59ryTbHN63v5p7FNLpXNkmrM5G9OvHWR9d353Kx/RKw="}},"d5RoeLW2YSoH58auN/c62q8aZLI8bXQCFTR1TjNUmO4=":{"valueMac":{"type":"Buffer","data":"54MQqmh/rTN0uB2z52qMV6NTYwDwURCILnis4Dz6hcc="}},"gcVDUUe9eLO+WmpdkUd6DN3kF+Acazy1wflz4sVrTFU=":{"valueMac":{"type":"Buffer","data":"uO1+80jMzymxag3/9jhaSPQPxPCVgfZ8FawYBJmPRK4="}},"xHw/vgwBVupfp7Y4xKyJAYSmrFvpGR1OU5L1BrrNDZ4=":{"valueMac":{"type":"Buffer","data":"+uhzp15Q3oMekP7jc8Kka89/F4fhinYQsuMPfZeWpNI="}},"fBLOz1AIhk+K1Ua3yG4oflHu63iRP4tYt/hnsNhNHOA=":{"valueMac":{"type":"Buffer","data":"bw2+Q+mxHERzUbFmcY+MYgtTV1KBbXL2klkb8NcpOeU="}},"v/zvmo+fXUmr2jeQ4EuA7T8UrsKw0nexleRtvd6x3nY=":{"valueMac":{"type":"Buffer","data":"c2OOt5NmIdBorFcqVu0IZmMmJYP8ulsqsLLyq1NYObk="}},"qYuGatMjXbOZ/RqwxLVftObwYfSPXO5MFKYbXD+E27w=":{"valueMac":{"type":"Buffer","data":"mBYBs33WYVsyJK/csorpMYLf+l643AI5zr2O0Jia5Ng="}},"8mzLkOsNy5Al/tGrn6Yu4lo6RjM1ytu7fWRmGhEkZPw=":{"valueMac":{"type":"Buffer","data":"3KPgWnzb924qIltvGUVv0OSe1BNcRWaQLn8OAIE9xmE="}},"tcjRBYl78FLEUYYA7vi/1nCTss0JVNUmUSKVBdRXYgo=":{"valueMac":{"type":"Buffer","data":"qISi8/9DNM7NbQX8T5+qVS89/EspDSYziwXk270lA4k="}},"gjFJPudEvNvHnIBLgxJqDCRCVRC2U5q3uq+zvwicCvI=":{"valueMac":{"type":"Buffer","data":"3l3yg0Kkq1QiB11EwZY1Mv3g8WMcvZdPmZsFeK4Xc1g="}},"1DxHj0C8+X7uo82xHMyVaEZi+ek84dWeqyYJga9D7Qo=":{"valueMac":{"type":"Buffer","data":"P0nH7iSpWpuhIYvVWEc0VI80tbYvi8HadAonjhTbjro="}},"O243SSFVPGZIAdMIdxxtkl2DNimQy5PtwgKRHMecPdk=":{"valueMac":{"type":"Buffer","data":"S8ldv8+RJip/udzz5qMOozq4PjeQ8YkImFu3jniOGdQ="}},"rOLzYlEalHuC4I0bdxlgf0byOzLXZpTM7fU4wsDQes0=":{"valueMac":{"type":"Buffer","data":"yXqvbk9P1yBmSq55djTLkQCwYQnAIjGU0648PlmNDKM="}},"VjQsEN3uuyKQmD/Ig68cDYjGtPT7Xem114JmuCfj1VA=":{"valueMac":{"type":"Buffer","data":"pXFa2XGEYnl2OpazY1ys5Gf9SMXdwPu2aHGpf1RjqPo="}},"IXbiwppHyKGN30aDHhmeOYIjftX7fMnrlUspIYolGPY=":{"valueMac":{"type":"Buffer","data":"IL3p3SMW8mWSMg7olvREVzHhbBO8WSpfJSqzrkZ2R/U="}},"79Lab+5PjuNsEe1nKsaHH3xhxLup7Fj9RuGG/yeysfA=":{"valueMac":{"type":"Buffer","data":"JUofw44+TeqY6iA6WK87oBK6zv9wxLWYkCKaLMIRdzE="}},"/gEhxNKJodj7tfS5e3/Nak1jHaC+GdkI65cyF8ZcswQ=":{"valueMac":{"type":"Buffer","data":"Kgw0JUVg4i7cSf0yaGq8syR9f/6LqzPSbBAAAHPHKFw="}},"tkNx4w1Y7bC9H6ft6WhxDavqv7ukUadphv2AY/DNLBI=":{"valueMac":{"type":"Buffer","data":"JtqAGegHQkFtOO1ngoxgSw6SgBgsNaex/we1zmp92Wg="}},"NkflnM3nl74QLDvS9pSZwME3fVMOrGMEAtao5I19SBc=":{"valueMac":{"type":"Buffer","data":"WkBc2V8Th6RndQCQY23qWvwSkXPv45RDsn6ivZuZJSs="}},"cgF82vgwaiI2USslExP9ed3xoAwEixmrAV+9CubwrYU=":{"valueMac":{"type":"Buffer","data":"pv4+bMB42cFHkeZUa8UCOXyA5ZoINYm5IadT1DmBJao="}},"CjrJK2P/trpHpaNr7jNNJZp0RWTQ8vZ35fShR8DhaHQ=":{"valueMac":{"type":"Buffer","data":"BEBWgU0QtP3ZAILBSFx4zJupHrNe5CoNzFXo7BkwPA0="}},"n46OBUeu6FqHd84Bme+oxfkEcA/KqsAE8xtMbhqjOgE=":{"valueMac":{"type":"Buffer","data":"9/aLyggV87XznH3ggtaI7WCtZxtKchROPkRkfrsYRwc="}},"iv5+S4twyb1TCwIvDCqFOr0m2O7hrNfl3+wJKouvc5s=":{"valueMac":{"type":"Buffer","data":"G4Wo0JurRtxDS1x+gxMZfL6FSzVtcaG3TrRFLXcwN1g="}},"tbzmUsg0g1IrGq5cJghRS5rY0trw69V0TUW8TJX/Kyg=":{"valueMac":{"type":"Buffer","data":"LZGmOV7sAaVam3Jyvq++PKO3lJoKoGqIhG+h+laEXjE="}},"gkPUd5/MGgH8TkSIHupTdGPFXv8cKLL8N7oqx5DA+Mk=":{"valueMac":{"type":"Buffer","data":"AyUyACqQLayhTVEIGURnLSnUI8PKJ4mIsUJZhQ6mXrY="}},"IsTJTVgVnUpZD926NAFj+3xmTPw9eTzheUrFoP8MjqY=":{"valueMac":{"type":"Buffer","data":"RDvbdSXCh9BkyHzdo2DScAwV0sp4prs+l/hkcJeATJk="}},"QoVFob91EjEcG+WO3dpyqNSgVc17e8yXZlWdL3YeqwM=":{"valueMac":{"type":"Buffer","data":"UYXvaPDjuFAWjc5G0Qfnc+eMJlgaw/KQQHk0sqphcJw="}},"+CauuNMl8TcnS0RUWIJdc8MZm7z5WjqcFy9D9Fkx/fo=":{"valueMac":{"type":"Buffer","data":"1SihtRkwd+rvCMpdZitZg9EJclHnvFxyOKh1xLrdoS0="}},"VSGJaLJZfGvWNDCcARdjPULVzvVQQguC65cFTTVrqnY=":{"valueMac":{"type":"Buffer","data":"tbNuTeTujpZsCkW4lJFaQktMODCWjui2Nj15kbjjvYc="}},"blG+7y5OtFFg85+2jHS4JzQLyMHXbDoyB6BW/Qgp9gk=":{"valueMac":{"type":"Buffer","data":"yeD1XXmtjA94vQbgenB1KUAbeldcrqER4fFxtIYXL2I="}},"FUIrkPz6tMXBVbgn0bQaOkzEpySI0cFVMcIVK8s8fxE=":{"valueMac":{"type":"Buffer","data":"0sgo8fbfr7ZoTpOhkdTmXNkQ/abQgn+0VUeXCl0+z54="}},"yz3oqf260PfPBPuO5Lc6rjeZSOfFQZrAjNNp4M1GrZo=":{"valueMac":{"type":"Buffer","data":"wMONvqYnlZNh7va3qaUlTSR0P4DXv85SmvVCDQlAO30="}},"+QTisjWK3dyHtqI8P5k/wkWRab506N5bkhYbn+gf6tU=":{"valueMac":{"type":"Buffer","data":"+RxCFS6wPCblY7DNORqCGy6aoVw59NtHwD7g7UTAGM8="}},"jxHT78ueBddnprTcWcSIRB0q7s/f+vQv4rMbXnbYoB8=":{"valueMac":{"type":"Buffer","data":"9JpHiu+32OTfJank0dhVQ4cadZTiWt44Uq+jM4XZqgY="}},"tnq3Qe/iXm2DD894kEJJMhGry+xsFrlKKZycbMhax1A=":{"valueMac":{"type":"Buffer","data":"GOAxt5/n8joPBbghTIx5T+F7SkN3lJ719lJCVF7NLaI="}},"RrctKP57EEieCUm00QgRgpVDPajTHZj7jHy+osrAnDk=":{"valueMac":{"type":"Buffer","data":"RTL3q4sdnpU81RVYRTw4NryIgmG3JshxZPPt4X5fsLI="}},"N7pmFYU/IPnpu31EsC3BAtG0qUtjR8w7Ve8Eqe1FrTc=":{"valueMac":{"type":"Buffer","data":"Qh1JzuRZpqAX2NJ7GoD/yLK2FzYjidfTK7hv3H4KSWk="}},"PR85R8bVXygmU8ErAyllCsWo84Pjzxu+AgRyiewfPGs=":{"valueMac":{"type":"Buffer","data":"eGjf2K2fXfNTh4EokA2tZy6cIl4UwR2qckOROhM31gk="}},"T484yyT66gPx/W8RfZ/19Q9f+aYIPHmgyJYZZJdedwc=":{"valueMac":{"type":"Buffer","data":"1tvot5B6SH71KpgfVrQwqpMyNsjgkNj1WINEt+DnV/Q="}},"E+KJi7jmfm6+teBd8qXuHjzpbnqejULt6C1fm/qiWpo=":{"valueMac":{"type":"Buffer","data":"4PK4ozKa/BZ3ptMGQzSgmun7KTlWqMD8+YUb5jjJWbA="}},"7ed3oiB9rPTo8ZenPe5Qgggw8ecTRzNLti3SB0E0q+Y=":{"valueMac":{"type":"Buffer","data":"gEcVH47vfzCad+SD7hpKYOYs3xNdpFEudFhiR2cpcPA="}},"vSjiiBVVIGbBHgdBz7o9ETqZrbvBabXc5p0CZ4odSoE=":{"valueMac":{"type":"Buffer","data":"WbeU8ZJWGNbspRrGXCtzTgV2Ptt8DYT6mo3c9EbGs2o="}},"GmwW4CptBke1WolbxbWluQicJotNV/vnZh8mOX34gjA=":{"valueMac":{"type":"Buffer","data":"Q/CmQR7VW+L02iw0krtY2qgiLtK429nACUGHiiTq+Kw="}},"kY+6f6IMfSYmr4rD08fvGoNvCLrtaRN5d4v57tDVOvA=":{"valueMac":{"type":"Buffer","data":"FrZdTONUyCyMh+e1VV1UGOE1D8KGTlsHdxtraQCZTos="}},"9za3U1XDvgtfYhoDHS2Wtf7o/1YHqbNWiphuk0y6YGg=":{"valueMac":{"type":"Buffer","data":"/kqPXBdqu0fLMeT8Z2MKC/j5Xx6rV1EanKBZ7ximfa8="}},"j4KKn9Ox2IgS9JwTU5sHBhda6C2q5xmAhocX1CwL1YA=":{"valueMac":{"type":"Buffer","data":"YTpYJe+S7EFWQ2xLa+Y0Ne2RKxRNOhp5fuyRGzS/Wiw="}},"DWhwWrrEQqPdaB74rul0JMNul6HW/KrDmIq9/aS5gz0=":{"valueMac":{"type":"Buffer","data":"VKt2JXX0ZfFn0Qw2N0Or2o5cqM8gKD9EmLR/XdmK7ys="}},"uSwokRUKaxxtj8rEu4s6H2J2NehyJ4D5/50bNFvVLPA=":{"valueMac":{"type":"Buffer","data":"PTOh/bgO1D0N8CTrLlPRLgkE+k0Y5YZP4ISizXk+beo="}},"HdL3A/oRNpvwzQtJjqcrIjTGQEl2Bb5pDes1ySWpprU=":{"valueMac":{"type":"Buffer","data":"vjALiGg+ULha/dXhGNSwkSac6jyLt42ubjAen9SFGBo="}},"g9x4PqmqyRgV2dxH+AU/Chr5XRfEL3MqLDZNDsa1LCw=":{"valueMac":{"type":"Buffer","data":"tVPbN4PeZrRu5RkxGhEZZV3qS0hTCo+/faEh+6dXwFM="}},"pQDlQNvPlzweCDcTZJ1OW3yeDVAU2btC1D4tPrTOy/4=":{"valueMac":{"type":"Buffer","data":"gmFNxlz6MNdKCJGVPcHvF6PCyN5SSnwAcpAjfbmQJnQ="}},"44NZfBF9t0iUCIl4X5ZEQ+Rt29H/Oviw1nIz6kAlZ10=":{"valueMac":{"type":"Buffer","data":"F7XpFQL8oGJLS1I0b31Rnk9macZjp1wROn0FDQTfqZM="}},"ZJu8Hq3gg9itAzXckl6mCIxCGIn6scCs02+ZQuar620=":{"valueMac":{"type":"Buffer","data":"0fPMYLgdjADB7zdYa4dTVA8YMwRW9D7x/992c38MHSE="}},"JgzDP6n0TKgNaaq0CQhwNkjpJik4UhQqkM07qbdDq2A=":{"valueMac":{"type":"Buffer","data":"4m7xz8nYgoVY7DMCkzdmm+4xCOXnc1W3yJYjrkPTxUM="}},"Tn/nd1aR+NeZyaJZCLYoABhxhre9Oy622HtcUUKQ2Js=":{"valueMac":{"type":"Buffer","data":"7nl+41ZeY+HXL76WfmSSQFRGb8uAbH4B0RCmhu0h7hI="}},"FNfmE0W1wEEQUhO9Ua4PEkiZSqyKPLZyBkELMYL/t8c=":{"valueMac":{"type":"Buffer","data":"bnvlBEG8MVfysOx/x3h3DjlMEZHXQvaTdNeZ4B9C6HQ="}},"CZYUGLZ0j00OXddRWJRr82qbuokVhUwxxozfkeWd2gI=":{"valueMac":{"type":"Buffer","data":"OXj4+i4cV2YT4ICmV166h/A2g2XbxcgQK48VMM7HzXQ="}},"bdXJ9po9f71PGpBaG9qp/3/l8TtlaKa6LygrfyVn8vc=":{"valueMac":{"type":"Buffer","data":"JqECnK8a2PJGsoDyS+R2bZ99guiVmSsmOiQfo4i3yoc="}},"35/Q7lGGkMCqzzSceh5qygnTxqANyLeJ1A/oTeEHWDc=":{"valueMac":{"type":"Buffer","data":"FlrhmhMXUS6wm2KoFGyR7aqRGg/4y8Rgzp1FkQSuZfs="}},"WiCindwPCOzehvKMl7q6bzvbXNsQBarTlrbgAWufnlU=":{"valueMac":{"type":"Buffer","data":"MF0x/Ht/LmrMCSlqc4R4vT0qHc4vBPI563ahLuNjHO8="}},"BHj6enEFADHxOSd6JJv86IhmHdzRx5lshJ2dhEiGZwA=":{"valueMac":{"type":"Buffer","data":"JzGEa2f2f+ILEJQ6i07/IYUuZUFAMg7VKG8RoLatjqU="}},"OYkO0hdxPiR4GBhjvJRer09dHU4kybYsyHEvgzUf4o0=":{"valueMac":{"type":"Buffer","data":"kIwYvZCd9djD9GuveUtwam4Ex1JK0YNRAzFPMHVB5NM="}},"hOMxZU5D/DqBMKTjRYmNQK6Sr4sWBXDt6yb0EZIgbR8=":{"valueMac":{"type":"Buffer","data":"hpvt47oEmSnmv/M5GMashkJJvagumKoWb/8K1hmGMtI="}},"SgZhFHjEwH0TGWlgRDHHgMROLqvFTVjuaWneRdeK1NM=":{"valueMac":{"type":"Buffer","data":"EyHZ/SP5VDj+Rag0N0qb1WMxkMXA9goQecakhtcFong="}},"89IOlRb92hRoYwc1S6G6+jYobVrtkQM7ZXjNRB6QX3I=":{"valueMac":{"type":"Buffer","data":"xJeQYUAOBDw5huvEDVUDfkpKVkxFo8O9zTUFv50JYZ4="}},"k/aY951uRmpNCbo+sJusaTTbiA7pEQJ4sN1HthiwIuQ=":{"valueMac":{"type":"Buffer","data":"mF6zrVaMeWwurm85AvGaQlrwHBUKQ8gDXVbzTma6e0E="}},"oCKZt2ytrTyNmKwoUsH8uvqmMPEnUAxtxc7PhThdV8Q=":{"valueMac":{"type":"Buffer","data":"zGGgwZmMTFsbpsQ6XDXOFa0aCzonrJZyVAaIkNUd0tM="}},"SskPM5o4ClxbYm6CMq9nROwz0Vbde9VGGFLrIYfsXfk=":{"valueMac":{"type":"Buffer","data":"+QelgV5VPEFpV8njx2j12gz13knz+/fXzKw5lEOmwu8="}},"/NsZc8u9WTVO7ZSYQCeaE6BQi5P2hPBRZe5a5WrZhuU=":{"valueMac":{"type":"Buffer","data":"7/uOerkjipF+WwC1dJ1bGmdOYv+PGMoPJbKGAeGaETs="}},"F1Gfkx0fBh01amgxCs7HDyQSwxyZO3TofDeq9CVAiD4=":{"valueMac":{"type":"Buffer","data":"2wd/oJvQvEvRiihpD8FjRXsU6NX9OMlP4UjoGrySt6M="}},"ajKbyadiN/HBPFcOEsdqBpwYgwrMFK60HpLmal7ISqA=":{"valueMac":{"type":"Buffer","data":"jVNdhZGnKfucP1PyL+sQSSvqzItuo/U0X2kiFT9FCxg="}},"HY8BegApennFKqSnr8jYpBOQBmDbDnrQdw3yneSkahA=":{"valueMac":{"type":"Buffer","data":"SVXM1RGv21Zr5uARk3aKQn9X8XZFOofzmCkHWTGI9oo="}},"D0oJ/F6dxOqBsJBWSqasJTT0yDT8S7Ud76GE9mHeqHM=":{"valueMac":{"type":"Buffer","data":"sQ0oYSMb7LBNRJu1ACJoYSxVhJJ4e4pLScFdLMnBf6o="}},"qtIPZQetxMSOzm7cBXlMSKn/okEJWdg6kMkR4kt5zX0=":{"valueMac":{"type":"Buffer","data":"L2fvCe5MX8/4L+4KNo6T4N0HJ4k/MokHc5l1gLmeny8="}},"EqEEpOsNpTeyGIysbpMHTCkcycgTlYBOagUYnCJk4t8=":{"valueMac":{"type":"Buffer","data":"b6bYAmJhGgFd0B2Hz324uhzmKMzzm5Au4ZkYpHgqRIM="}},"YMikr5DTuH7BQVacDUr2ORUw+fudbXQ7AGa6yedBuj4=":{"valueMac":{"type":"Buffer","data":"OCMpHPxeNQHOsDzPj2i6nz2opV4QAZwDmsvvf2oVM3w="}},"nrIRY9sVC1J5ef28iESorXaGrA5lKego5QoJEIyoy8s=":{"valueMac":{"type":"Buffer","data":"6Q7UiSqzEOqrg2TZRIKDI72EYQFE2ML65Wi/Coi3h3Y="}},"1qml/PVs7ZLIM6zBdWn1S5J9GjW51v4HCmhXv3US+Ew=":{"valueMac":{"type":"Buffer","data":"m6EeTOHKzPSBAajlr7H+e6YXmBTDqiArLvDj6Kso2EM="}},"b73XvSmRXEx77j36XPwDCU7NmevQ2B49VydrP7QINLc=":{"valueMac":{"type":"Buffer","data":"wF9BR2y5BS0AnHeEREVWq55ELqzoVvAEZOVdn0mskH4="}},"JvVqUb2K8gxk3KBPhK6bbqUO8cfJ1X20j9OiZY9rcFo=":{"valueMac":{"type":"Buffer","data":"1/FmoXGM5icwd7gORUUnW6EqRTm2MSPqeWPQ0YvLcRs="}},"kxewqkOTP2lx2a1or0xcs/eNE5JirQC8Hhv+frTV5iE=":{"valueMac":{"type":"Buffer","data":"svYc4NcKfQPweZst73smR+g9PCu2dI9nUp5jxo9iqE8="}},"sLs4aobF6URGOrCwiHGs4hHN+uYPyMqz2qxg28EIXY0=":{"valueMac":{"type":"Buffer","data":"U179uoeIxOnHXwYqXtXqBoUhFjbKGE9FLp8zk26fJSQ="}},"gdqJ+dl/kYbwhUG0W6IiXYXR53t+GU0GhofUpFgcpBw=":{"valueMac":{"type":"Buffer","data":"FdIv29XnJ1tibltScXDJIMfPXA99UeG8qw3WbTeRLHY="}},"gUDhjRO+HU+W7hUsnBZxogaxn/PPhcFwYBpyNAl1wko=":{"valueMac":{"type":"Buffer","data":"Q0WRy31PkV1oe1KX+X52GNOiOOE+jZS1dZmGk1WdbRs="}},"sGS/XFo07kdc+JzsFA0VVXp3xc99w2yqKoEk1cQq2l0=":{"valueMac":{"type":"Buffer","data":"FXJcohdouwRfqWm0axSfVABL8rET5bTze0jyZWNsepw="}},"gjXC9efvfgG2xKiylDrr7APKlPqhG2mKeUZ1AwIWtzQ=":{"valueMac":{"type":"Buffer","data":"rGvY4uewNr5+4s6ZiEBF9LTFvFyzHon3LhSj8kbAL9s="}},"ZVj59kuLK5A9oHM9D5GaabBx7p2VQt3wH4Tedl6LGJw=":{"valueMac":{"type":"Buffer","data":"Pey++6toYgpLeJO9bGHM8WiVW8xIbLtPGVdip33OsLI="}},"owfy6ZMQD/GWU0dYdF5mJE2UwNn8ZQSlnXK0oRUAGis=":{"valueMac":{"type":"Buffer","data":"syCBvwFuTajgg7dDCL16Ukc9x1OO4KwrFjzGk/PpB8Q="}},"S0WvfsM5dPVZsLKiTJQJXulI7X/bs6NrNsVrXZhF9lE=":{"valueMac":{"type":"Buffer","data":"4x8pZDTr8h24Qhhi5dtdotjLye0/hp/JrRmlHStb7q0="}},"L4NQDz2jgVvUCmejk3x1ic3Ngmf0+UAbMSjIafb7Dvs=":{"valueMac":{"type":"Buffer","data":"pqSmqXnluiX+xFacLo2cJnZpGgsxpyt3JI1vIWVVIcA="}},"eZiQXu0lO0yu7q7olgxo3Unv3TVf5HD8fjQHMjXlDQ4=":{"valueMac":{"type":"Buffer","data":"00PIAE2LdvORvQdhJsMIwqqXdJGViGvQKpKTSR984es="}},"9V67Z1n2yzb5JfQPBCi6KYhRQbw+kLLrdDt3RDhOZkc=":{"valueMac":{"type":"Buffer","data":"G9K/eunTv4VTCZmp0sLi6AgyEvxT6jD4CJHen7K2m/w="}},"qizSBB3mNPN6OqiKdwhQok+MksHyfpEEqyqHKaZUWYE=":{"valueMac":{"type":"Buffer","data":"kc2RUGLk8VlIexLVs772RlhiuyaTT86cyXsBI1xM0nw="}},"xKVxABRBlBbA+GuXzMzAO3x3Q0uOboA3u7YgLtyJXRY=":{"valueMac":{"type":"Buffer","data":"sUqA6eC1G/IPu1L7kQSrmAStD+1sfySQVhOklvupB0w="}},"i01jdv8YUqYHQhGQ02Gz1TYXMhE1QHDupNr7gYgpHDw=":{"valueMac":{"type":"Buffer","data":"zomGbJ066MxS46L0FdjE5IjZwgRrFNrxRSGshy+lx1M="}},"ucFIV1ZHk67l/37RzFoz8Ip5sF1djyzHui90sXwjTMY=":{"valueMac":{"type":"Buffer","data":"SZD5qtmiZqliKUTF8a+96JbMEYVBQd4fx4U30XKDsUo="}},"wnFLmLNDNQZ8KDO+W6BvoBSQbFdiNbo0wrNN/G3G4eQ=":{"valueMac":{"type":"Buffer","data":"KXFS2Qbmz7Hv09mZ9VcRKR6KqFxCIOmOddTPTRCN3qE="}},"77imLwjOf6NLCO+Zrbgs2cOlzq++EV6DJmRSu05U2LQ=":{"valueMac":{"type":"Buffer","data":"UzeSgK9eCQqghZsMS6FQojWQozZZBtXgMWaHW9JD3Ag="}},"HAkEpckJ9KAmCyC0EjpV8JhTGTqyEvfpgeAZkQkg9wk=":{"valueMac":{"type":"Buffer","data":"HzopkZHwsrA4Uf0yILHziSogJum9P2plmmSPBq3y6JA="}},"TDCt2wGiOhz78dZ8CSSurHxbD2YBrmCuHhr7MKqWthc=":{"valueMac":{"type":"Buffer","data":"sCscSEk6lTshsKejDQuO99XbElSApH8XzyCkrtod4NM="}},"cV+9JYyQ09f4IDxT2IrfHGAzwIWafb2pOdpL4oyFnA4=":{"valueMac":{"type":"Buffer","data":"HpOjzNtFu3rvmbcEEcjXzSt1PTfc7giwFrqVAUTBtyE="}},"uZ5QKa2H06pq3E3rgHbdqEmkXpzNC1vciMwfvSEilNo=":{"valueMac":{"type":"Buffer","data":"czAuylNC3lHLQTlLVjtAJI/JIMpLuHLN3tB6zXCYL+s="}},"cPdrGuTm72ppyRgGg1x7mb7aJasNT+/K+6ij2zyD/zk=":{"valueMac":{"type":"Buffer","data":"HcQy8xBUHt3ERaxQaq78W2RXanRdKpphWJZs6tCg1mY="}},"klFp5DFQ1g6tUP5L4n/9TXGsq7CXA0F3wmy6CQyBLBY=":{"valueMac":{"type":"Buffer","data":"bO/cAU06HdvK4PA7S/DZD3uid1XMS1awsYj/Jxh9ol0="}},"g5SUz6PA+qwEPSV96kKWSE7TZgnljq6lPnUzh3QCf9E=":{"valueMac":{"type":"Buffer","data":"pXJz3WGINPp2Ad6kM/CeCnKsHyxQvacA4Xf2ZevOYV4="}},"owR8iKQ9Nx4LrTI0m0VMIZBelDfayhQIre0nwVORCgw=":{"valueMac":{"type":"Buffer","data":"5n53d64BohE/5lMgAIqQbO8ARTJaRWox92f1tNhGrBE="}},"z7sTrhCQ1gKzBUppf7082hF++MI6Be/yUSQCpWGr1uQ=":{"valueMac":{"type":"Buffer","data":"lEagv4zeCIl/Ktp+iTTMkvofQrxmXrtpfgL92e0qF5o="}},"jS9tYRIimyzExljCO9VTmtF3EIxnbSoGYhJU5VsuAoY=":{"valueMac":{"type":"Buffer","data":"qCmpvx/qHsnAkaZi8+IyNN/xYc9uhL3TDu/I3dBS0hI="}},"LP9GUCUFHplyy1vC0ezOFTQXYFwngwSHFZnC/EtWyy0=":{"valueMac":{"type":"Buffer","data":"2iKbJrpVC7de1d7ngAPcejlDLAa+Wv92Npz2orvlSq4="}},"OHo/1TzK8j9c9BNyyLL9ucpoNS95PnejbfxxW17NRdg=":{"valueMac":{"type":"Buffer","data":"ofGNE2xEbd0lmx+9SRBsjrLu3sqyCJNlpja9EfODHLQ="}},"DhBoffHiONaWy62IaMKjc4PWsSM4iYfPbEkWFOeix5M=":{"valueMac":{"type":"Buffer","data":"B+GMF1Yk00RaLoHjbHxRhKpzjHvXdtGfLLl4DYN5D40="}},"yr7sg73U5mndNt2toPXqyHejPT74OYcMf2vv1TWCNoI=":{"valueMac":{"type":"Buffer","data":"e0Gz6oqrkxJe2MZNywPf4AuEf0AYaPPqdKYWRHy5kew="}},"tOHzrOq54WlpMD3DKS9Z6ofUN8ntpJM9ftwEacA9OGw=":{"valueMac":{"type":"Buffer","data":"jd71Au4Rb8KMw9a2gjh0tEbnEKDzeHvZy3zyuF9hcUg="}},"NYh/Ua7UCOhwg/NNolgmY8eeKSxd+p8XlW1CmP+JHqM=":{"valueMac":{"type":"Buffer","data":"ZVMrXglfcuyumfkVTtDdk2Z0qXICiSRsTnvmULLMzeE="}},"z4hxeZuQ+E7+8wUveqnGwPAV22LboasBLROW8a3WIsY=":{"valueMac":{"type":"Buffer","data":"JCHdn/FDnZd51x1rZ0y7PkhICbVZ69s9likPnfNZIMo="}},"gikFfkWmcEDcnW/okm4A0CkUr2Qrq+6JhmfnJbGDv9E=":{"valueMac":{"type":"Buffer","data":"TuVyUMRTn+nRkr+o+px33Xo8za2QKb0VwYdZXUoPagk="}},"V/qavDx4zSGGQXtgtAxJbtHyOD4LISuVVRhg1CMEsKs=":{"valueMac":{"type":"Buffer","data":"f03ri4QAys5Ft1s3iPzGq88izoZe/NAgNvCgzvPHrtI="}},"BGyA+uXYfIkITnxn7QYZOuVab4x1zkSZZNrdju1xLP0=":{"valueMac":{"type":"Buffer","data":"hK83VS5w80ADaU5y0k0eTXuFqLr7cng+A5NgHiIaG0k="}},"gWaEOFlNtXRD58hQrJFHo2BiddQydtef9Yy0/v9JSgo=":{"valueMac":{"type":"Buffer","data":"FZVUk1THeoHIzaKi5aGXIjOfj6SiWYRg88/Di8Xx5lk="}},"4z562nZ64VKGZu5svdIvdh/kS1G6FdznNn4oKgQlO4w=":{"valueMac":{"type":"Buffer","data":"u4tpRI14Y/TbE639wCIm/MU8kOE1XSNBqvqxfOdU8x8="}},"3z99XizaV/DXqlVZnZYaE8UcYuGjUeBBFqVlC2u/gcc=":{"valueMac":{"type":"Buffer","data":"K7LuSpsD2HUKMW3oZLH7PZjgFbbmc0Cb1nXyla1Ko3U="}},"c8F5MpdbRTq+yaB6PauoG6Qur3IyCJbEEf7uCN+IInA=":{"valueMac":{"type":"Buffer","data":"MODHe9BccVqhNUU3CIadJERwQtfFs7PH00ZVQmGZGQI="}},"gwFm24P/yc7vL0d2hgdcXm0LuF9LNpS0pPNqZlvx160=":{"valueMac":{"type":"Buffer","data":"FTYWjw4lWe3KP5vDhOLL4+UqR7JkX3WXFrcH/ZylJJo="}},"L1Mkr1LU5w05yWZXFeHddGEhI0zkwTJWZ/1VEmD5DUY=":{"valueMac":{"type":"Buffer","data":"WsxA/sUaSZvtUC4hbcXQ26zTw/mhEvvO81mxW27EEq8="}},"yU67kHpWzfgDINEGEeA7RugU8/9nlz6TyK7vSK6fFhw=":{"valueMac":{"type":"Buffer","data":"REtbQ8PnSMgVXsZRdjShrWkEwK70wIh5VKUicwBcZyw="}},"bStn2+by85tMLBVOHNPXE5h7vNc3X9pk4TYg3N5KfhQ=":{"valueMac":{"type":"Buffer","data":"Sv9aCYvQt3y79K3NaKJRFUKN17TePfn/26dpI8VkVc0="}},"UY1HoF9O32LaHNSkZb/Nfl/RxHmp01Gfrq73/g8iJBc=":{"valueMac":{"type":"Buffer","data":"7Te4wHDwee5l5qfTrzCKwaArqdZ9eDR3mF83MHgY97Y="}},"6Zga5aTOlAgKVjS8wFohM+xSMGoAmSd+fWSZdXRKkto=":{"valueMac":{"type":"Buffer","data":"uFFMaaY+lPAaDoLdJJwJOIMzN5b+nZqln3Q6i7evBY0="}},"umlLaTUTpM5DcZ6RKEhXLVJ6VP1rnGWIiv4Vin9PER4=":{"valueMac":{"type":"Buffer","data":"J2yeI8U2RQoISNhT5ysTxXBJ1S66hohhxuJUN1k5+SQ="}},"+gGolqKlYVxenCdL0GUuI85QN4EaMMLUWkVoLRAh41I=":{"valueMac":{"type":"Buffer","data":"PrKH0zRWWzFLeLc4127erbCwSJLvZkedTZm0sFqv8Hw="}},"9JGmyL3RuWZ5Daq7KLH4XgpSBE6OMGVyBLEVKHS3DxE=":{"valueMac":{"type":"Buffer","data":"kKTnHoPBk+Y9EWIShXjMPfPGt6ASFHef8jYwNehgoO0="}},"rf4HMcW4pVm8TO2zNvX59fe4K9Vqlp3SaIQw5XSRdxo=":{"valueMac":{"type":"Buffer","data":"lkSE1Dwb6Fb4WItEmD5f4J6qgc4yG6OdaEH9gYa/2Yw="}},"BMYuQIwxhumTXroT4zO1u8yD8sVDrLC5CT2LYnWfKTc=":{"valueMac":{"type":"Buffer","data":"IeQ46kblcj19Kyd0SYkeum0ngb8jGjYenISVSvSipTs="}},"zyoaTBV8NNv1SzgM5ftmJGaNaQZ+qwWegWkn56xsa3w=":{"valueMac":{"type":"Buffer","data":"3hj1SnZKcX02GVrKJL5bCzaReY45LJ8U9R+toK6/u7c="}},"9wp3cCsRNeMqovu+iS6JrDQ326errei4Xust2/NcOZo=":{"valueMac":{"type":"Buffer","data":"Wdc4ITAPNWStN4zMHfpdUieduz7u93N/2okA+RfL858="}},"9AM2fmdHoupNZsWHxszpIEOuHXbd2X58RKPujBkiieU=":{"valueMac":{"type":"Buffer","data":"5Qswf8dLXSw78jR22Niyy3fFKf5EJPMTa5KsJqfW5f8="}},"2W3TJAXHOT3w6Ph1i9+/ytSexbJnMPMUineBDX9GuoA=":{"valueMac":{"type":"Buffer","data":"scbFXyj19+6aeU3if8INUsKN67HuFf35X/ueL/pNw2Y="}},"RgmVl6FksuXXm8QuYL+DM+hPrUEybHwjxshVYysAwLw=":{"valueMac":{"type":"Buffer","data":"fbcH8evqg0bCX3yWvSpIByjgnriZPfx/uNCAG18KUfQ="}},"JT90NxzKRtPLHvW49fbDLcZU9LSnFlqZ3f7ibYzXanw=":{"valueMac":{"type":"Buffer","data":"MlWl3cLIa7I6BOxyhEjpau8i+P/jtlEZ1CZEBNYNpsI="}},"iUi4cTFEjwQ2KIfe5Rk90n1hOz59vlFRoY4YJNnYch4=":{"valueMac":{"type":"Buffer","data":"CJ4HX4UH7XnlF0qBQlvDYvWWkIB3o4Yf9//ISmgcrhU="}},"odtFFKzxuMOkpcpNW5VgvONKI2ICgPmTKAah93cfN74=":{"valueMac":{"type":"Buffer","data":"+5TbHyTLZiIkVZgsrZNb0KmwuMs7CjOlBUUA5ChDp/c="}},"uzUxt1SgLnCxvjj4nUSieNWprCiloN0K+Ezv/ls4BxA=":{"valueMac":{"type":"Buffer","data":"Djcmpynr5DKXh6Ch1m7wtS+jGwXlvR0iyidMsQbTJOQ="}},"eT/EkntWP1Hfz+CQnnv12YRMNg3t2N7cQCAWop2xuoo=":{"valueMac":{"type":"Buffer","data":"AfZsFUnXO0+SYQnhdEwkViRTDCSzkq7qNZhvPVVq0yQ="}},"znMkYRuBhWMKN6kGAzG7aEP59f/khjcDDFln7BUDXw8=":{"valueMac":{"type":"Buffer","data":"5grTigRVrUH5+OWC4bDZeBrQD3O2XqnzKWV5dP4nKOU="}},"O1ZwMhGaWibpY6y9A4X5vq1W++GFxa8pNutoKzXQgGI=":{"valueMac":{"type":"Buffer","data":"lLWSILUBZFAysYmDTlgcJ2S2r6h9Pow17F5LbPVmdQM="}},"zINC6pQvjgxEKVE2vLeDJIsJBGpWFPWlo2o91IUP/SQ=":{"valueMac":{"type":"Buffer","data":"kH+il/za/mF808R1jhxD4tUsQsHZoC6y0sBpalXrXMY="}},"7caMVynm1viYQsdNMeY7ctYayqFb32JF/txSUI9wA64=":{"valueMac":{"type":"Buffer","data":"3PwkSJrkZCfItmk8TRwKSrDx5jgW+L3XF8e3AlN9Qvw="}},"DlDBLOaV42dUt5KJp2oW9x7zodT7Y/f8MrRMdXFXOD8=":{"valueMac":{"type":"Buffer","data":"W6mpJv0GQ1V+grvIURIikMRjp9OZU0z0ZQSFDLNsebU="}},"u8ZFqbCo9d3v3ApHmDbM/rN3DbAy+NJvGSifxyzT4jA=":{"valueMac":{"type":"Buffer","data":"w0aa9GJV4+8F+NGhd34VuCREaO4IbUcdcCCnYZiu07s="}},"PPsvrILnc5g7cJsILyYP/ScgwAvmjHFqZ3icB7jRrkY=":{"valueMac":{"type":"Buffer","data":"FbR32mkZrBIhjaIqphH1Mqbe/ncIIWM0fAzZINlEg2Q="}},"KKeiUnmnGqhq/vMcnOV3SIXflRMU2Kuum1X4oav5y7Y=":{"valueMac":{"type":"Buffer","data":"WrpIYlB5FTxoRdtTZzXj5QgAJ78WBqGBzHgYwhVT8k8="}},"yn8CarJkLLaKZciEgMMrS3OB56CQSJ2jqf4VkuOFRR0=":{"valueMac":{"type":"Buffer","data":"FDc7A6bdOCx856VDgtwisDr4BTwRYvE025TAgsa4VmA="}},"//ZmwLZKhSWUteRTY9CdxpCKDFLKBBrWZ8ohMrKDBxA=":{"valueMac":{"type":"Buffer","data":"FvLEw+BeyZY4u163N4Fk4tUwMmP41f2eFcsdASKjLM8="}},"GL11IO+uEJkdDNdiY0NnTknXSrqdD0ZEOnvnxPW5OtQ=":{"valueMac":{"type":"Buffer","data":"34VO4rzSMePBMv1D+TpjGi6MaGtUCxv47CRfS5gP/U0="}},"CJKYuFvpeQem4XkCHjF/MiW0PSkyYT/f3Oet9LCXWwc=":{"valueMac":{"type":"Buffer","data":"44dY73HfueRqvT/W4UHiSz3e4F10Jfp0fXdKl0WcD7w="}},"wxzz7zigo5YQcJkCpZAkR/o8RwnD1waic6QgKgGdF7I=":{"valueMac":{"type":"Buffer","data":"TvsNixZ6SumLcQusNHBYUvf9Cew1ITt5b6jT0tvFjlQ="}},"ECBy8p/SkAPHPmKfwukn/UGcNs5IVD7qL1CRmqdo9MI=":{"valueMac":{"type":"Buffer","data":"hhUaSOpxqevTKDYszzneZO5j6c6lrL7RXSrGF24yaec="}},"jRZzsoSRYH0V8exS+M+1DmWZBMuL/6c5UWiQTcp8xgc=":{"valueMac":{"type":"Buffer","data":"v0VbPcaKIfseFZ/koZIyoiRociVvnUec28FBwOphJus="}},"VOKM5orLBo5ObzoG7QPjG3DPnE6U4N8Z0oVoGpYItYE=":{"valueMac":{"type":"Buffer","data":"wZeT3p03Y/R6mkujzMsyKIaiAfJBrq1Uv6+qtSU2DoE="}},"LhPFR11TTPqXSQJKxXFnOnR44F/zjduK7QoNA2eUdo4=":{"valueMac":{"type":"Buffer","data":"62+qVIrfsCt+serGPMIPtqFqGmXZsIkkLw5GFn0sFgg="}},"mGUdHkqzEDSvs4/1g89SKCg8Mz9D1d23lnnzOgZ3/zc=":{"valueMac":{"type":"Buffer","data":"Ht0xdV3L5JhN8xqQHo5xCd2l77mbOoQ9Dj+xU3pCw+k="}},"qk1oTeAc3QCh6TmTdVaNyuYimk5aTNgRMku9JC1zfKw=":{"valueMac":{"type":"Buffer","data":"Q4P5ukvjPMBL8HFob3ce4GsBkhVQzwxYdMjcwAdC7RU="}},"GVNGUA6nvM1T/WbBAKE8Jdv1R02uvCf5L9iCgpCu750=":{"valueMac":{"type":"Buffer","data":"G5m7Q0y8SLFREhSKYtpl8ui0bFhqpyp1q5lA4v7Q/6M="}},"vhfbW2tBPFv+Vq53MTm5tWiDk3qjOr3YgjNDj9h2/pM=":{"valueMac":{"type":"Buffer","data":"GCaMG+UdDYM/DbtsknX9gA2be25ekPAM0CMnKCSCsfU="}},"RYLNaikuGfKnGyo1FjXnhY2VrjIF1HdHt3Y+Oe+pIxw=":{"valueMac":{"type":"Buffer","data":"JLSjXiyR2zd+AKUjff55J0gV+Rbp6vrz6Of9BRlcOeQ="}},"+OrwAfPzJxPFTO+6eaH7j5MIkfPgVMEGo1q3CjxYdis=":{"valueMac":{"type":"Buffer","data":"gQgxnrPg12BsGxJ3eFDyXPSEty3cbzoz5UupGbpg4p0="}},"5EOleHBuRkFmVwqYCjSMZzaZexxuaiuuNdixoiaVxik=":{"valueMac":{"type":"Buffer","data":"E8le69rqq/+ooASJZeMJngbA5y285/YUBOKVQzBDzN0="}},"kTReQsV8Dpc1vXs55s8dmqpglt2Kn/AI1vYDmbCqs2w=":{"valueMac":{"type":"Buffer","data":"YyPacMCRNrX4R1/By+Udeqkw8+nXk+X4u6Ciy3gqzRU="}},"fYcEcV0o0sMyOS1boDUmp5qHKbykfPeHsRqEiVsBnaI=":{"valueMac":{"type":"Buffer","data":"bFgbgjuu0yT+FAezLEQXNLloyDdg4bxXbzpzdh0eHuI="}},"SJvE56zCp/7qlipoFZmuFjTAGnACO6xpjD/xF6e3sFA=":{"valueMac":{"type":"Buffer","data":"DjoscpVNfZQv1xurC6rUDl/z9H8JGFwp6tGnmmAhmnY="}},"xd2aORnfEuxDrO73nDeshfwRpEurdH1gIJlrTlgNJYk=":{"valueMac":{"type":"Buffer","data":"J7J+JBIeIbwKKCb4ituwtRugnH+ppWgvjwccttctEPc="}},"taxnDC1XT8pYZ3FmacQqK7zz0vuK5vnep56gTfJdSFs=":{"valueMac":{"type":"Buffer","data":"fmM0jPK3www1gVCYNW8gCpZZgKZxL4avQuDw3YrB2Ns="}},"FEJeEH41ZcPHDrLtFH2wT6MMDChLis+O7iXVkbXruQE=":{"valueMac":{"type":"Buffer","data":"WugKvlI4uNeuUvHQhjbqgDcy2jli7BPvwp5r6aLr05c="}},"upc9/i0l5mbLoGMdxvRsYeAeWPhIP6SNi6bQAgQpw9k=":{"valueMac":{"type":"Buffer","data":"xugHfAeakd5lUn/7Fv6FpJvKn+bpnNbY9odJ9T0Palw="}},"0pPzKG7zwy1DESQsv0jMvrRSQfIefypM2AMbT2q78as=":{"valueMac":{"type":"Buffer","data":"V8+F95zJeBahnOYMGrySMlejW4ldmqGfH7JId5+GOJA="}},"QWhTDEGZ8cU0liyRavYF8VR4Yvdh+/q9jTax6O7Xejc=":{"valueMac":{"type":"Buffer","data":"Zda2CjLusMM8IaXLMvV39ZHsS3LOpI8jI2nDzM6W1g4="}},"mrJaMTajCrW+wxEl3xa1iy5I6QItZxg3zug/Nli19zA=":{"valueMac":{"type":"Buffer","data":"LEm3AvfL4b0sBxgk7cvvzcphZRq4pu+LssviNx6SmBE="}},"+yT8efHgMcSfzJ7vmSdybvxC8UFsHYxXnLEH7TRfpko=":{"valueMac":{"type":"Buffer","data":"iTRhpbc1nmab9IpNDVxoJkBZyoxSpE/JZfTah86lQds="}},"blAvPSD1ddo79BKcmrWwHkurcXwU/EIELWH5kwznhB4=":{"valueMac":{"type":"Buffer","data":"vATb14X6s1NsCSlYcbTrg0lHypvkXOVK0RhEiG+Q7GY="}},"3Okzxn1+E5EJirSlv9DPhXImYpjxBjxVFvOOf5GrD9w=":{"valueMac":{"type":"Buffer","data":"YQ31oiwEMXcyttW/BeNamOzDaiHq/1lge0LDOiEis+I="}},"ZuE7X8Y5oKZWzCzwGTLRS4vC4GQkkcij+bC3QS2Fn0g=":{"valueMac":{"type":"Buffer","data":"3mvQBHdeHnH0T3g4MAMNWKJr3U0zGCt0NqyoK9Adt0Y="}},"FnUzWTwWxDmKDzpZc0hca5ELJx2PZrAwujNbTGSx690=":{"valueMac":{"type":"Buffer","data":"TyG45O3V8XeMN4coQwzw98T9S9ez/IDv0m07d6zdOCA="}},"sWMk5zKH6FxyiUdqzt8th1Twfjkzcv8QMGENnLsOMEc=":{"valueMac":{"type":"Buffer","data":"0I+5/wOhtKmmFXhID/GPl+a+LulrktIjFGNgCTGdAgM="}},"fh54POwzLF7YO/nbpX3jhELFKTzt3tPAA0eRXBNCx/o=":{"valueMac":{"type":"Buffer","data":"ymywKQ1zB7y57M3YypB+B8qualSwVeNbDQK1W681ugE="}},"PCuQPMBhIFvqied4EW8kpgbEFm7J8KWSaWqOAX2qsO4=":{"valueMac":{"type":"Buffer","data":"vWHR7GVPFyVmkbj8fEo1RkYzE/ZqmrWEAnG1ZBPaZpk="}},"bFyDCrudQRP0pG5GN6sOTWLFw5Y4WQ9/ickTNS4QXII=":{"valueMac":{"type":"Buffer","data":"k7e9xHhrZZRzvHijBT7yF1/BziY8ShoeWeC5Y2zmCm4="}},"muz21z16FU0fpLYpcubN81J7v9smI8BcBZXYTLHY1LU=":{"valueMac":{"type":"Buffer","data":"3tnVFxTxBt+LWzguBtT4B1NwD5f/awNfv2GEUwbB9Lc="}},"f2a2ajhbFF2XyXjWA00Cp/8/oiTWpT2D1HlNrvr2Ibo=":{"valueMac":{"type":"Buffer","data":"oHRWrqEnqRnrZeQxNTxR0Uwc1sn7Ht1cIfXtFb2k1F8="}},"iJz4QkiJ4TpTiVuhH9pn9a1z27phkbGEVbbOnhkM/1Y=":{"valueMac":{"type":"Buffer","data":"OkxbTCREgu/g1YX9U60Eno+whgh8+JmRXeH19nhUoog="}},"bnYShv3H6hZ0IF5Kv2v61uhTFyjRj+joGie3rZ0zCXg=":{"valueMac":{"type":"Buffer","data":"9F4gc6AacyUbvVp2YB9mz6MPKUAvc8CS3vCkg8SswBE="}},"YenvBpy9S9OiSPhganPdE/GjA25sCY80jkHro+Cl/y4=":{"valueMac":{"type":"Buffer","data":"TpjVb/X0yv3eVQv3PfNErSg8XLwR2q/Asovh0lqgYqw="}},"pY4jwrwDjAA1/xEDpMpl5CI+sirr4anKV1wQlSkTuNI=":{"valueMac":{"type":"Buffer","data":"92T1d9sQATkw38PocF/yR5TQybFbfxGuxsaa/hyR7Bs="}},"jnM1xbPmdty0oTqeyi3KaA37Z1r9qG7eK1BZStGAUGI=":{"valueMac":{"type":"Buffer","data":"DgcrI/yiM1TjlypBh7T66AoVkwM7cUumSsuefVE0Ang="}},"5hW7AMZX0p8xYWS9Revw4NQAvlYRUlIx9wVuaWmeEsE=":{"valueMac":{"type":"Buffer","data":"79rkkmCGCp1T/zN64kpznryf1Pl9xMSscgQF4fkRrSs="}},"0BXzCkX1DGPN36VOsUI2HnVbHTlcgjA21l8qKIIYoII=":{"valueMac":{"type":"Buffer","data":"m6KbZ9dfbM36ikhhRx+9gy3FNQwd9RyhZcWTrRrofK8="}},"h/BEvkPrYtZG9ntFVzbPTyJMgtcTI4HgRU1VfoyIvOM=":{"valueMac":{"type":"Buffer","data":"6a5UO5B5RDG2smvzynhGWbcWEJJvYvK/6C+7msUZSyA="}},"TqKeIUisZ+TLIH1eFaqwMx2x69JLu6gbQYejvymIptk=":{"valueMac":{"type":"Buffer","data":"pw6yjJ1KdrCh88G5J3lFxnjjs9X1V/GxlusAGR2H4Yk="}},"uw6lyl3jo0HNhaijoMH79bNBEELvCOP1GciUOBPehSw=":{"valueMac":{"type":"Buffer","data":"KwXYxlgh8qPeo5dK1Rk4rLnh6JQi471BAwQW5pX1fGk="}},"GZK257+uPO04275/dzWzm9lPxk4aIqT3VSve/k7ui4o=":{"valueMac":{"type":"Buffer","data":"oLnOCsNXdJXfCeAGBWgy1tQS7EQdv/KoG+IkTcMbIFQ="}},"H6pzGqrIl5hIbxYLPoMOrrQIQdZKfvMWAhXbH1xUUcs=":{"valueMac":{"type":"Buffer","data":"W2BkzqdJi3RRJVOLHWBCQVq//KPmzLpypR1ZhabjF3E="}},"jwocOh0yonwBeIpxvnrnqp4eCSkCLbob2tP8QUe9Jwk=":{"valueMac":{"type":"Buffer","data":"2yxSCUstdjyJmsutys7xlT6V9iowgH9n4KLTcPq8gFE="}},"SddGQVpzZUnfRihkwbYcZkCQoi9WbMWfcktx2Obz+C0=":{"valueMac":{"type":"Buffer","data":"KR2YjIUGfFUhI31ZARgXl10gbx+YfdSsw/jej92+Cqs="}},"dYAsFM3eStF1kCvrnGOk3eW0+RQfCosSxoH1Nih8umQ=":{"valueMac":{"type":"Buffer","data":"6M4KQhvGE1ppUZeBqCwsJaCOg2lFkP++6moTttzxMBA="}},"nywL2ltN4eqZSoHDI64nCxpYEKzG2H/atQ4frOf2NDw=":{"valueMac":{"type":"Buffer","data":"LF7zpR+P3GcHW3zRSEWlAe/upyvZeyfyWBALQb0QVr4="}},"477BwC5W5TFS5loyAj1UqKy87Ki5WFxONViOE9Z0FUM=":{"valueMac":{"type":"Buffer","data":"n+mW1c6CqLyPysgZOYJlYCM0wBqS5N6GVBE5kGLf5Ww="}},"THfnxnHUSjxKdy+zNL8QRhAWRFuzr2BXsU5J7ST41u8=":{"valueMac":{"type":"Buffer","data":"esGdBJiaod14HI1s0mzxpgrxLvfVaEZhlc8qzl4tBBE="}},"WHNEZ9ppm4/s7jn9uxOMfeMvp71CabElu4g8NkSaaok=":{"valueMac":{"type":"Buffer","data":"REOdRdYncoNlL1+E8fNcuJz/YhrxLL985zBbvmNXXTk="}},"2lqyQe0c2oZDVBkvjM0l7wwf9LXZgbQjmKh6Uin85H0=":{"valueMac":{"type":"Buffer","data":"HO2XPmFmB8gl8LTNfDiC1lGeLSI+NCn48GMvoVzozhg="}},"4R8gS9dX0lUhZJ8zrN8J8dpZiGanbjV7NyV1paTbT3g=":{"valueMac":{"type":"Buffer","data":"Hp10Ud7wo7R0QYfv1BQh+5wcqNN91cj0vFb7KuPQoHI="}},"K6z30Bgvc+/78Gr4ifHEE30vTTHlbDDK+9FM3KGHq0M=":{"valueMac":{"type":"Buffer","data":"vFTeJZ94tDaKRcDEvOi72dHmhkJFZ4iNBMWIYqnjPB8="}},"DQOnJTEQmJKE/jzm8FmvOC7uxfgsPZo9FzhGro4s41s=":{"valueMac":{"type":"Buffer","data":"pe76q0t1eierEvF1bJX3QgGrm+J7o6Mb8KKeNY4JA5I="}},"3V8/ANZmVT7zXjj1oj0nDp8AxP+VIKV9V1a2ErW7ELM=":{"valueMac":{"type":"Buffer","data":"VdHXpOM6ZcWzSLM1IbRxAcsVGB03S6o3+RhZSyNYAMA="}},"2/Fcmj3oZM4h8KIYJH2yveu/fWLPB66FR43Jo5cLE+0=":{"valueMac":{"type":"Buffer","data":"pkvsr1T3UXT0w4xn0TXqEgP13gtfwYbg18vl4v4FUWc="}},"5gHwXxLQhddFTlBRBWqFU5rnFOE6YUyWf+jRN66U9go=":{"valueMac":{"type":"Buffer","data":"LYLTdXxAtflzH1IolzpVhf5psNpZT4VvVhAnL3xUOC8="}},"sRaGvrA6viqmoNVCP7t3qEjhY9VkfHbGtd2ZmhQ4Ty0=":{"valueMac":{"type":"Buffer","data":"xhb4BZQty4NxIVDZggq/f5pKANn6XV4GG5toivItZ3A="}},"qNtJwjRFy1vQraAhfdoVuMFjyzbBJhw/Euo80ZiqWgE=":{"valueMac":{"type":"Buffer","data":"KX39bLALIi47POhdTgSOrpIAANJt9Oc9PbSXmQKdZs4="}},"A2u52C4MSEmp4KKW79RoaF3p95Cc5Nv3P+2zWWg5iU8=":{"valueMac":{"type":"Buffer","data":"VPO0sr0Ps1FvfH2dweQp6TELkJ2H6zMOu5ReZnyTFO4="}},"2+Fmv+lZXe+SYZWcuZCIcoXZijqaU6r4R6uMJVlHNdI=":{"valueMac":{"type":"Buffer","data":"VaczVqljdMRbdDjoPUdTW4TrMIb/FbKdQ5kHA9T36yg="}},"ZhzUFHtwwGoz9NMMCBAv6W/RWq6Xfc/fj7GB4DiepRE=":{"valueMac":{"type":"Buffer","data":"abxVAgiLDZnuAnRVGeB1YeSl/g9z4znX0kUQQXOUnzM="}},"8B/isaC8HNPScW+vRQvno7JLN/eYPfBRl1dEuIa9wPk=":{"valueMac":{"type":"Buffer","data":"t4J7eufpDHsuBEkYvyrpXUgRVkiHPksvwi49LeLvo1U="}},"QupSTWwsoxFI+PAqnvmDRUUC3FRlaOIxr7/HoIDmNhU=":{"valueMac":{"type":"Buffer","data":"Pmai912szmZdWY70Tl6OxLLPSwDjOONI3i8Uhzs+61M="}},"VapoSCZLOY9qZHwK36GWwYJEcQzYRi4d8aTIWu7XmzA=":{"valueMac":{"type":"Buffer","data":"3neIRYs2xdRlisISLrWvcd3W8+DKfWGkFcYP+QCiebk="}},"INapkxX7W6+wnWi/z7ERHjZnDFDj68D6iJOYfzqLwjI=":{"valueMac":{"type":"Buffer","data":"aU1U2XUGvAK9CYFiIIDLnRwJK2kiRNzANsJUrznQWVw="}},"6kVnEfnRiRZlcQuangGjrERrNYRNsvriCufBiuYlsqY=":{"valueMac":{"type":"Buffer","data":"048Qw2fUXtWxTbOuKRhSsiDxpxE+iWZ8Z3hoJCkHPqo="}},"958TcZ0PkLl/GKrACiPZA9wmmR6VqOlEEbreVHNtRxY=":{"valueMac":{"type":"Buffer","data":"dU83bd3at+EdHO/f8fUc5RI4Qvhlcl05YRSEQE+YwVo="}},"TwUcXkhkTMSAq7RQvaSpb3t26DnJn9zKE3iIEZWzw8Q=":{"valueMac":{"type":"Buffer","data":"DR5zza6ME6EsiyqO0E4U2opVU1rxPDFVSCRCdOOadgQ="}},"MGNZvOhRRt7Tu6zZoLFeh0m3psMGi9yIigdLYDK6hmM=":{"valueMac":{"type":"Buffer","data":"crlbjAVRmT2a9dTnlwm1ZmWdzAOl1MPOejZA9y6kpXM="}},"RjvDtzQiJXXVrD7buxe4EbKl+5YimxQz64kDKG0o9xs=":{"valueMac":{"type":"Buffer","data":"uIDE8xWPtUZH6QnfBeMvenwrBzz6Fq1dPzMk4U5REXI="}},"2q7JN1qefTbt5oNG+OZ5uLRMBThm0g5SLHFjoQ1I9YU=":{"valueMac":{"type":"Buffer","data":"Rlvx+ULQJe2qMxPz4BXPf1C0yekDONJd6H4d1di9vnk="}},"OWBvDJnjx7cHm9L2yAzuigDTnOy5+9tmfSnw7Jzx1nQ=":{"valueMac":{"type":"Buffer","data":"230/03NWFjEMUTsvs7OgaAhYPLESLP6Wl+U1nFDuIl8="}},"iJBgKAvWFdkbwDGcWE7oZpVyQxi2YOmJ2DsEblkwobk=":{"valueMac":{"type":"Buffer","data":"QuMEMAAOUfOdhCPFqGap1//uRt6qiqY7nbcpRfxjsEg="}},"CDt8iSkqQBPTbIcMozpEZjO+P+9PdecBxiiLLZ0QaEI=":{"valueMac":{"type":"Buffer","data":"omf38EKSgi6+8+kZ9CylJ+4vncEYGb4q63BjB8R0ugo="}},"5GK+IMPUFPg877spVdOcb3rlAxYcPtSWR5qZW42ypY0=":{"valueMac":{"type":"Buffer","data":"Rr1vP8/6d10VzdOGmUX+GlM4ZhKmm6rm55zrIWa77Uk="}},"CYHJ/lYvO/e91PaAVYGTAnGVkgQlGaQc6aO6MwpgC38=":{"valueMac":{"type":"Buffer","data":"AoPYJuhrrjSUuFnD2K3VE8epYkiryh6HN/Za3ccVjC0="}},"cSz97ECNAKe/cRbIUeFWaXe5JxCcvLI+6dkEwpy8OtY=":{"valueMac":{"type":"Buffer","data":"IXXlhjJa15SIUjYomvSemALbKYNVbjJrPRZqO5ajTew="}},"5TSjNRXsCzXJAxeDB0xn9skMjHD/375SyfmyKkJuPCU=":{"valueMac":{"type":"Buffer","data":"SFf5ojYcJXJ2dFwPWJzJRi6WkYpYzyrhhRvniUmMN5I="}},"ASLE3H3IXBfMEeZDbExG8sO1IwYW/eqbktNwWlXkIow=":{"valueMac":{"type":"Buffer","data":"5PSILXajGqCNd31Bw8WJpoPJ1daTJnRZMF5thnjgW0Q="}},"Aig+6njLo2qGAXO1tONp03yBmvZA9EqWq0oeoKM+xMA=":{"valueMac":{"type":"Buffer","data":"C2lW0cSE5nY50tr1yFwerMpnfu+55iyNcpfOtPYcKEc="}},"gnUjQb8K1N6CQmea1JXF/ejGAeZblrWSISCMpFEkr9s=":{"valueMac":{"type":"Buffer","data":"M7vWSIhG2owoqe+ck5qe99cRjhMaH6UEhRJshomjHxg="}},"+4eI1sE2Sq/ZznGdmEU29ki7+lKz5pwcmDxOS+a2MD4=":{"valueMac":{"type":"Buffer","data":"gijR4U/FKVjegR6zUyR85Xb3k8s6j63ZKTzL8YBiWE4="}},"gnK52UOXTjZNdxmAtn4csZc3fq/O6lRHvKxQehNVJZM=":{"valueMac":{"type":"Buffer","data":"kGdx4L6oxdJImeO2W9jxLqVTcly+9iDkwIl36y6Si68="}},"ucpKtgyVPHw5k8YM/KGvZSrSNglTpzUFiD3Cyq7DhvQ=":{"valueMac":{"type":"Buffer","data":"f41J0GImHN3ZXVKxvNEOnVcUfyCD5ovxcCAv3RmKVaY="}},"GUXCocgg9mxMoML3npAR2ba8RfGdUNCJAeBVhbltGrU=":{"valueMac":{"type":"Buffer","data":"bw2/ys0JzmQMGInVguYD7NLIdHvEyYWDhIO1iRHOeyM="}},"b5zMJ7mRVUsnuFvi6kmkpH8XqFspNTbjahDSWSWGSUg=":{"valueMac":{"type":"Buffer","data":"2HkqvSOJ0IXWpNuYuicHKykwFzm0uGdHIt+ZExZugF0="}},"g/qNriMlcYZSwuYWI0sb1XNiuvILxEQMvp8dXVnz0d0=":{"valueMac":{"type":"Buffer","data":"NM+BYQhu066XwPoV4cZaKe4TybiQiuOLVNXXjmPRN4w="}},"JUhWKle/UpJMVGOiV9KhvLx9oSHSq3xfHF3a8rb4yMk=":{"valueMac":{"type":"Buffer","data":"jVJS4X8WY3OQOxe80nOJdwkSlrZV0pUSESuc6dSMsDk="}},"EpV2DI0IeS4OC7R33vLUFadt1gW1e3y/Vy8SnD4/kgM=":{"valueMac":{"type":"Buffer","data":"LdmalXDKnYeo0Iyq8qyen/c7K982rZq3h7wHRA3uoFg="}},"ziiQQG7fWQh4OyzfJKDNvwa4StQRgUIury6tBWG7CH0=":{"valueMac":{"type":"Buffer","data":"hI1OmueoesBw4vMI4l9t7axUOdzTT2aHYjZZQfx+WWQ="}},"5hzyEqfBVWCISF2J0qeVNuN5YZB+N3AOXc3F7yGUUVM=":{"valueMac":{"type":"Buffer","data":"lD4MrB+ErJBnPXia2me26xVXzyA97QoVqOaG1aAx2ao="}},"D3m/0Cmlpu1+6lKOd9IXLuQU+pccTrjmI4EcBZShFYI=":{"valueMac":{"type":"Buffer","data":"EMWBJNOx1pSY41Wkg+TqcHDhbyOhVsSM9L8Oeoy1WqM="}},"Ycm5xW8zYbx959hDJ0A5CoE6Kn0HvezgbEDoSRafqXk=":{"valueMac":{"type":"Buffer","data":"UReSGhwNrT2aqb8LDU6uzCuSRUvvzIkBhOZFbbDjdDo="}},"PM8cWjB2OCHTNf+w+wQgd2HITzh07HOHhY+CEt4Fthw=":{"valueMac":{"type":"Buffer","data":"MqYbsGiWSZmNaj3A8QU1wsWSX/WehN+Cnh87Xbug91E="}},"cF9hWUHVlhDCPFGQbVjS6fQoRxQi2nr2kgI1cm4Q6L4=":{"valueMac":{"type":"Buffer","data":"1f+L7TI397rUcMFC/LsA5gNeOAPnQzTyVgWeqg2/m6M="}},"4i3Oy56TMlsh7WS27eyaUusjVJr0bFAeABoc4vVGxZk=":{"valueMac":{"type":"Buffer","data":"noPwvPy+98v8wZrsdCkqDO/8piIZ0CcQCo0vwcNqPOI="}},"l1E3QV+dpA2TUiNGdgo0TZVi2sZVnMhwlSFgT0xVvvk=":{"valueMac":{"type":"Buffer","data":"D6oYFq+ndYGbf6HQXzxGU/+ICn4VRVBJjvNEJSZRNe0="}},"zgYSUDPhpSkcf4Z9QTBiNxceWNWswNWV3uufxTRlg1s=":{"valueMac":{"type":"Buffer","data":"k2dt56OQQ+++H9hBGcWARX2sBnJeaK34dopNNs9twNI="}},"7KWXvL3j2eJdzTHReDSWVPqNKBu0+RCO73lkh8Cq5EQ=":{"valueMac":{"type":"Buffer","data":"TE6ZaT6rB8opq1V6i5wzvvetzkLW/f94SxUzbaxON98="}},"zderfTj/pkXf/4NeQ4b8Ry/TlZ6IDY8OkvbLcWoJc4g=":{"valueMac":{"type":"Buffer","data":"W1UETNW7LU5KmmnF8iN35F+b8s5FIO7tJJu3NCA8+Yo="}},"bBhusPaHTRrlVFlawFvtDNtTeu351JNxK5MQoI43+Kk=":{"valueMac":{"type":"Buffer","data":"LVvgabPymPDmyJ/CfGkkQ131g9NAq7CXRpg1N9uqLWU="}},"wjYUMmX+zMsMWb+VY5zZc3FyQm+E5JvhbkeDJkX4mBM=":{"valueMac":{"type":"Buffer","data":"PJvZ7rhzky7E7PLAoidNIK850lLZgC4bhHLlr53mmDw="}},"2RCVRiDJdz5zWBJngAb93PMI9wVyokozVRCIT663cms=":{"valueMac":{"type":"Buffer","data":"RlYvnZOWLFU2QbMou4tAaC0eKn0ZNtrnfWge0DOzekY="}},"DH6dqJGOnw+3MqQ+6bYDi/8A3NE0bQEKLg4YzdKl7AY=":{"valueMac":{"type":"Buffer","data":"Aa7P/UTlerEK2RRqyIwi9qYCtSt5OREYskiB/Pqohzs="}},"ZI+actjZlYkaJOrYwrFzXw0gZoXZnTrcDw6H+yyeCBs=":{"valueMac":{"type":"Buffer","data":"vZX+ISNux21OUwvwPMkHLp/usMcSzjDWl9xGoI7j+Ic="}},"93q+lvJWk3Bc2X2o7Zmy8OyjOJyEUFd1jDVlpa/LWBs=":{"valueMac":{"type":"Buffer","data":"ydiQIdQVTandRLWDkQy5BEe5piV2dqQK2h2goyQxP9Y="}},"P117H86NVgVQiHHwH9paZj4/9e/1t+r2rJf+dJulb7U=":{"valueMac":{"type":"Buffer","data":"PyVs0Cw3zWUy6rUjUfJOqV/KHHzG5z7M2SvDo7+DTx8="}},"WbsU6RVyZ+f0RweXVj1mi9Viz10hUgLU7Ccn6bLNZgg=":{"valueMac":{"type":"Buffer","data":"rOJm+uGmOziamVihXIAkfZ9GFSZ95sQ/KriZseyWWqY="}},"2SgmlcMzx8VtDgYcrWXPqPapBM0utnd/Q/rqCcu8hO4=":{"valueMac":{"type":"Buffer","data":"O6oGsVGCKpUgviLojb/NRGIUq3INN+o+3kdIsNImAYg="}},"gFuVLNzTsfJqUxPaVurxQELoDoHXlgS/pK8HVchgqkc=":{"valueMac":{"type":"Buffer","data":"72D9zOPRGix9p172sKTV/NtcRvgpGQeQ+pNLx3IFo6c="}},"5+9itA9N+fxL8pyTe5f5hDgSS4fjFQ1C7r5+V58L+RI=":{"valueMac":{"type":"Buffer","data":"NPQRt0RPTBO27qmMGtal7ElrRvoIu3pSO3EZ38tgxfY="}},"dNa1kQQchApvrx7ZmvwbS70pQusyHGzz+D4yLp9pLGM=":{"valueMac":{"type":"Buffer","data":"pd/GComz5V9RSTTZU81TRkkK7r8jl89sY29ZR+G6XYE="}},"DgiwJxBDu9500ugIZBcOuSLz9G8m5DaKCn4V00e2oxg=":{"valueMac":{"type":"Buffer","data":"5B0zOjwIzRCxdb+wfkMUmrcoqE0rwY5DhtVsv+8dslI="}},"hQBmGfda+ii02Bbq7iysV/tcxg3fIs8cvVnAmTVSrYU=":{"valueMac":{"type":"Buffer","data":"TM7sDmgpuZ2fTyqNTQd3amDU5ttWJu++g8J2f0khgDg="}},"Up4mYB4wSBP0LMf7P03G7P7hVI5Z2iSmquoGgV59nx8=":{"valueMac":{"type":"Buffer","data":"erqGShNdg+GanUY3JBJXjbeKISDIJEIh13RzXqrlwm4="}},"T32BSB7AYBmKXRE3A0KywTi5DSJtTQuRdrWsacmBG/U=":{"valueMac":{"type":"Buffer","data":"5gD5u4eiWuAcMLBKBBb05gDIWG2EWwZUfUsA0MLMSP0="}},"LmD8012pW/DKfAgV4OPF7mepRWmDxeu7B+GneWuTzEw=":{"valueMac":{"type":"Buffer","data":"FYovgE0QMbbX/S/8YNmp1r8yzNDp4oCrfQQ87dY9Mjs="}},"w3qMD2uqUzZDZCW3dzcZa30V3Y5DF7V+EyvhG+oFhUE=":{"valueMac":{"type":"Buffer","data":"YL18crsbPwJY50YwW3MvOpejf5HLfH3kSQKAtOex/qY="}},"7xP/zTtobdXd+jmzf5EaYpyFU2UzeG4L0zZLPqGfvXk=":{"valueMac":{"type":"Buffer","data":"AFVenPgIuqNAOCUTRpRIyZ+teoEz8tafemnN2sxtwJQ="}},"82JV3RIuOxpLF9WU/+Oad3SDCvLuDsg660WYNhQwGRg=":{"valueMac":{"type":"Buffer","data":"acDoTGl+vh/hCNltkMI6glb1QD4ZeqebZ7uFN5ACXfw="}},"MLQMaL0L0qjR3fQrA95UUhUs4+T7n4kaJAS63h2BW98=":{"valueMac":{"type":"Buffer","data":"cW3z4CX/I9O9P5IMwrNzPlCSDTpvWx8TtK7XQ1tWnuU="}},"0ejfEBxQipBar4akv6/1VHARzKBpGBqpEWwOVf3Z6sg=":{"valueMac":{"type":"Buffer","data":"Pn7U5oiAsEWoMCgayncveF6PiyHmVg8CVJEzZGYMRqw="}},"rKevm7N2Ozs1qA540rPaMhI5mBUu+WoKB9M4dPyksis=":{"valueMac":{"type":"Buffer","data":"+SyrVoxn8ut1pnFI8Ttd3hlTztxNraMuEbChiCRfXv4="}},"GnUUUIhW0fH0uN2txCc0IhrcoVnXacGqZhTzMnTBwj8=":{"valueMac":{"type":"Buffer","data":"DoocSZmSByewMe748cAht1LudaWU6kQQm4/xL4OO9dE="}},"TRhCaxA2LQ+kXiQOlDsfTMdwQx02YNm5T1ZiEDahmQo=":{"valueMac":{"type":"Buffer","data":"bubtyeMDi1LR3OE+5Ga2HD2gVgfQ22BiClBuUbRYoXE="}},"+zv5flOnT3gvWERtXIcWWqD8Xu49jn5nbreXzgBo11o=":{"valueMac":{"type":"Buffer","data":"T8aAqYMhYD600Tmw/F/VoUvrWmLTTJj81cTKLzDF4+A="}},"6Ke9mdwhbiNghh4HkCpmeysbZcqzHjGihNNHGhP0XZY=":{"valueMac":{"type":"Buffer","data":"KiDICL8rwlrJSysvMSPMXlWxpVGTx9jEv8jhWGFvNU8="}},"6749BRVvKZrQYEsxagh2Yop4neyhuAvEoKGLcKVyhzw=":{"valueMac":{"type":"Buffer","data":"mUgI5gTyY1+VEuB0GI2sx3jV9dBmKXM+9oIrr/5bz74="}},"hywnbL1m1RTexhlpRhWxBPxxXwEF8N+tFuit6rrYQOQ=":{"valueMac":{"type":"Buffer","data":"YpySAko2L1BEJRoqJnkfW6uE1FEe03I23F6uLueJPKw="}},"MqSNoqeCFRO3gzLqF0Y5PeP9R2AZZDCexdlEqIfv2yE=":{"valueMac":{"type":"Buffer","data":"Hq8WyxpBjNxnARzC7vDgCRVJubSyMOeMMFOiTx0JNd4="}},"QVzpV4LVUxY6i3rxGhrO9AomGU0KypqWQxlcDBk1SYg=":{"valueMac":{"type":"Buffer","data":"EiuOOFNGHdil+WR/SGqdoh3NN1Neii7gSTqgsEREqCI="}},"EOJHpUwOBTDyBP0RiKY3TX3M5kY6ZyO/PtRrvh+2RC0=":{"valueMac":{"type":"Buffer","data":"2RAWki952jaGwAyabKDU8poQl6AbksJ0YRoHwhfVcJE="}},"v11GfzJ5s1FML87wzt+k2VOvT7cSKOM0Vy9D/oIuiuQ=":{"valueMac":{"type":"Buffer","data":"co5gVAN9yLaHEJCWfuQMW0XWMncCVDtHMq8ZWI/Vu5w="}},"/blGEAzEQdV6pwDLEntxq4/XVngZse/qvxm453O5pXc=":{"valueMac":{"type":"Buffer","data":"7BAXBXy6q/A6QxracDGBeoySgkgIRnd51L2B+mlDr4o="}},"Zva2aj47GL1RSgHiQ0TKWUlfhBZyobQK1HRObDh52Bk=":{"valueMac":{"type":"Buffer","data":"yvNWAQrtfBhzrJ4xASSHpfUhzjSGTXjCnaVC0kpgv4o="}},"tvqIDRemZcYV9dTLqmge9msPp9ocLeaKU/oFk5kFd/g=":{"valueMac":{"type":"Buffer","data":"MBT3y+elYIhD3Y4x8+VFRmUGgwOAwmJSv4ICM33RvOY="}},"YImz34Vxu1aWTr/Jo8ThTVtJWPPzuesvAAg0/ifkIO4=":{"valueMac":{"type":"Buffer","data":"+5GCJE8ZGPDlXmj+fJ3QLWQwivZYsHM+B12DPErqQ5A="}},"18Gt7FMCtFPsKoOqXE7A/GfhVITdjOUWGSy1DPP/bR8=":{"valueMac":{"type":"Buffer","data":"2LH7VMPq1+nFUe3pdRyFuuuoYWVPRqSa8RnMqn5rzhs="}},"PRdvQ3c8ThuQEoQRRsAVqk/1x9AR6tHV8yyqXCkFm1k=":{"valueMac":{"type":"Buffer","data":"wrsj9kE/NXqRJlvpJd5jH00GjyeKX2Ua0bnnBCmRQ3Y="}},"5CjBFLsGrRURjJGdr4pOB20W+3goxPQ1Wbesv363INo=":{"valueMac":{"type":"Buffer","data":"4kvutT2o+JFtyx2zQTqSZLD3voChpyK3nUS4+VCzE0g="}},"kbjdo9PyZ1xg52JgH/Etxy5v4dZgsPdL7WZlXp7AN/M=":{"valueMac":{"type":"Buffer","data":"9+Veth6C34/uOPWoHgp5+1nXC95keoT6ytm3ftXy4sw="}},"0dTIdmUPMJMY+LD78OtPDoJnQMJj9KgF+baXcQGZuAQ=":{"valueMac":{"type":"Buffer","data":"G1o+JsZypKEHb+tmN4PhAbDe3UBFsGqnKLCS8KRKrpc="}},"MEyeyaHKo9hqDmDnvkCvH4VqeqPxLhwLoEmXRNpyFbI=":{"valueMac":{"type":"Buffer","data":"aQPEkP72Q7hADC3j1SgtdfsEXwAsClBNN4MfqeZFHYY="}},"h3xZTQGlpCvbAGduTMETV+T1F1RnMpp1U6/25n3oLvI=":{"valueMac":{"type":"Buffer","data":"MlMIYhgjDMazG3m0dpPBTjlIZT78iuhTI74obrMSHDg="}},"BxXX/KqRxLlRzeQ8ov5CFXFuNodytEOUbTsvNkENr5U=":{"valueMac":{"type":"Buffer","data":"4IOfoo/lEuGpUeI5jznw5z8QEy4qZMD7tzH2Kchp8so="}},"7SJciDV/oSr8SUBsV++8MPmbZHEUl6fkAnkeUzJn3Ic=":{"valueMac":{"type":"Buffer","data":"FZydcb5nJHJrMMGpjHVdKVcTqbY5i4qb2upVjw7tYMU="}},"Z0NtYryHU4W4og2PlOHFMD0HHLdTC7SXfEUYPE0jMmc=":{"valueMac":{"type":"Buffer","data":"3hGqS4nbLHVLEWTT7Fx+4atXKA7NkxuZ9T4Y4Cnej7M="}},"sWFBgVImYl7buhZkztP9HNS9hqJdZ0NLIcGgIxv8bfw=":{"valueMac":{"type":"Buffer","data":"rbpsI87LlPh9A6YrFVI8MjJjsMdGhGcftIcl1O9gx3U="}},"PpG6IZasz58qzzHHHm0CemmjSy0Orcrf8M5kzSBYjUw=":{"valueMac":{"type":"Buffer","data":"mVQFkMdprz6LaAxw9Ox/XB+N7iEJQby+6xtoP/RalYQ="}}}}