{"version":5,"hash":{"type":"Buffer","data":"Io9hG+GdGrOMuQ8qqEQt32yMyPa30Q4AGwY8Vqw4JMbzrgOImAavgWPVnTNpQhc8sDY7OggSHs8f+ODLZTifcTTloWHVyonv/okJd9I3212PHJggA/Im5TCtSnfX8OeHe6ywTSBc6A4JlhDZrOz8zPArRhVHUvD4e7wKi950O2k="},"indexValueMap":{"hE7cL3bFw8TbpG8zeU+ncix16wyV6Kg2JCHwGW4PnAY=":{"valueMac":{"type":"Buffer","data":"xX2bG/sI3hmmRuMEdSydG+5Cq1cw1YssLGx1jEI8R8o="}},"VwNz4I2cRwCK+yZ+T+XXdzBxeOkdxTXOZjZTt1PdkDY=":{"valueMac":{"type":"Buffer","data":"GxxkG6Jw4qpMv7vk6bZlbRbXbRqk6HK2k6X8JqmIYAI="}},"lkqn7msfCwKsrYpq2OfZP395WaPWoaDxeeEI7yAzrm8=":{"valueMac":{"type":"Buffer","data":"RzC76WhMHIDhqjlAjZQfU1th6UXZYbbgcPGgNNV8kfs="}},"S1Ygtn/7yDePJVd1/qKTH8Xzyv3GZPVwO2tLxRWnri4=":{"valueMac":{"type":"Buffer","data":"C5Sgkl64kx7/ahzUr4BkUqas3ZMLFgFhqi07uswz6GA="}},"vjOfkwpojfgegpg0kseBiVI5d/IDXZUCrHFG7BQwP7g=":{"valueMac":{"type":"Buffer","data":"c5UQ3rft8eJo59+J9UvPaUjtP5CKpB7muf3Pg1FYNIo="}},"0osIQkX6lvNtwSODxOOK9I2czqd6rJ5+NRLBWPfol6M=":{"valueMac":{"type":"Buffer","data":"vEss4Yz+2s/tEAsMuZTrKJ7kj+F0vi0uoslA8qNB/Tw="}},"s6LardpOhUd4slm66wYJbkhUBgC4b74xLG7ACg+OgFo=":{"valueMac":{"type":"Buffer","data":"R/QYNZ+bXI0e3/9j1U4aLd9H2u9KGZXPnnrc4Ho25Kg="}},"e23PjQPXaLKxF1+G151bXErnnt3tWrpRXzQz6j1Keh8=":{"valueMac":{"type":"Buffer","data":"tZsD0bYo4cIc9ns13Nb/XOO1eDyqWd7FmT432370p8Q="}},"t0z0MJYXOeKMx00G0b2jsOpgFrKZDXn/+Q8wkXeh1Yk=":{"valueMac":{"type":"Buffer","data":"Yo0DT3ALCwEfknXtNUO4/dwX2TG/wJlYgwmDef9kwDc="}},"+IM7jfLAcFKWtQMkSJIZva93PIhDwYjOiuJiYmuUwUY=":{"valueMac":{"type":"Buffer","data":"uI/AcGIfYkgoR0Wr6wfoRDarqwkvz+kdHcSlxfSVM8w="}},"1+wI4jy2lVBOwHtlbD7Qyq3RuBAztof0gEVJGgPxQfU=":{"valueMac":{"type":"Buffer","data":"75wzCY9MhrX2JmAXibbQ8yUBvAOLDJJEvWy7cypGUcA="}},"lMXQ1TfljTtAW12xIun+PhvMiTg2hce2u2HqidNxlUQ=":{"valueMac":{"type":"Buffer","data":"gfFL0se6H3r4vxx6+S6DQiwoWJPn2yHTYGj55see8X0="}},"4wFpWnoB+kbg79XgsNit13PzE/Uaj2dc+qjv+lgS1yc=":{"valueMac":{"type":"Buffer","data":"rWSJlZsoBPythPLWTiLJpx6GVGUOguAl1IDITia1CQM="}},"6kDWCjq53X8l+ZkTL9uOd8gnn+F3/TeE6j1f9MkoQxc=":{"valueMac":{"type":"Buffer","data":"4lYkVqoxTYyPoceOqmLYHMmHWOeQMbn0DgqPTzBFS+0="}},"/RybuyqdwfJRnAVR7bxUiPQteHqPWw0OyqYnG7+QUx0=":{"valueMac":{"type":"Buffer","data":"zSZjTTc1kSKF4P+PSpq8zF2Uci4wG5UQJZ1pj1T/3fs="}},"yt77Nr3iQ8hrQVsp3iDGw/zKs4aW3BT5sTMkqvX0eWA=":{"valueMac":{"type":"Buffer","data":"R46+kNSV3gwsN2CTcnu8X4vST1SgmVRjUFBatorV4zw="}},"r4mxwjZBJWb53sBS5RZie0F2eKZgF3qNS7IBb2rkcqY=":{"valueMac":{"type":"Buffer","data":"g6mY4y8Qcg6aW3PnFPF3Q4ulif/S4Tc93FsGCjzDcp4="}},"/XdEoR+H+GusYHSsmpbrlxt4PmmmLh0Khk8BKFZv4BE=":{"valueMac":{"type":"Buffer","data":"0Y+z+X7VDaFfuxzJ32QOKCTW1qtE8JzJJJ+vKY68TX4="}},"C+d6QUgGGsLOgh0mqrnOmufY6hn541ud0EYFWn7nAIA=":{"valueMac":{"type":"Buffer","data":"bF7GevKZ4XmZHXz551RuZiF5pLQBmLTgOUpWifyiXoE="}},"ycURfHyw2ucCjVY+DS1WRloQ/tXyU/35Qn3Gc5NKUQQ=":{"valueMac":{"type":"Buffer","data":"/Fv+ToSAW4JHnWTkkJWBevBeH5Rh2keJssPYNfeAQlA="}},"MIY/l3HrwZqkUr1FhIcebfsCtOGB+rhQ961bLWhV/pk=":{"valueMac":{"type":"Buffer","data":"giYCzMZEC5+YvMGmsTmnL96Z35oVB/6oxVm3bqbZePc="}},"vgtc5BnBbZNeg9Q699RhR89W0Em1LIcL+1iOvdQjssk=":{"valueMac":{"type":"Buffer","data":"GRSWbCuQCdtucPPo2rBwUQX6rgn/R8wUQc8EbmrRjfs="}},"3D5+YUuNqV6SsiI+rfOUnPuRpU5RFA0id3viCKNIOhk=":{"valueMac":{"type":"Buffer","data":"QMt357nFQdC5XeVdvDwUDozniGpDpjDofUiVMFdTO0o="}},"0UzifShTSAv2GhSmXqfB3C/jUvgT5Y0ZO2BNWC5DLhM=":{"valueMac":{"type":"Buffer","data":"3lPpZnT7CgWfKlfWE1l+v9tckGB9X9cZ+c27SKRmzTE="}},"H4rKlGUmN9bZHCwMUMkOATwYcXS51LeysA2uzudLUac=":{"valueMac":{"type":"Buffer","data":"T6YYXMIyBhHLCrdgMoev9RFQyfnhlF2LgFYnNP4frzY="}},"nsOhkU3aRPpWm1jBQaUIaPq0a7vewDj7DDzhC9vQrCc=":{"valueMac":{"type":"Buffer","data":"7erVgaGkO53YufQHttnYTA6bWWiwEtW77ioQY4naaKY="}}}}