{"noiseKey":{"private":{"type":"Buffer","data":"SHq1mmHyQcaq0gyOFsigB+yunRgkDBeE4Ppz63xre3M="},"public":{"type":"Buffer","data":"jOB5qBMArVat4xfVkBNc8AAela8OW5gPXxowWKrp62M="}},"pairingEphemeralKeyPair":{"private":{"type":"Buffer","data":"oL7SpdNyAi3cNCjQbBB0q24gcFVJEFrV7hmCkR2yAX8="},"public":{"type":"Buffer","data":"2z1JxDmjRNK6sGNS0Usd6hyClZ3UGW8eDB0jD52dUy4="}},"signedIdentityKey":{"private":{"type":"Buffer","data":"YIc9/vfYmxvh2cEHNkQ9edFro1CMBlziwZif2SWNGHY="},"public":{"type":"Buffer","data":"unoh/bpIryezvJe1GdFhzU4JWhB451BzVZVsqzi6cAg="}},"signedPreKey":{"keyPair":{"private":{"type":"Buffer","data":"uMq6bmmUVWLr+alFxRbOERmAacu3L15yc81ItPK70kQ="},"public":{"type":"Buffer","data":"3cK2ENLOBuz4O+rBBGn+7wCfkaEBwMJ+stk9mnmmGWU="}},"signature":{"type":"Buffer","data":"cA0S42QQt/MJHCLnus+z7AciUI+HNNizBC333nxWutUAmV50eRvNVDfqAIHTZkkKUTfIFP/rZKze9vroKCm5Dw=="},"keyId":1},"registrationId":151,"advSecretKey":"NOZt/tkw15OTHnQ3qtpOazLpLI44D4aphbvVu+r6nIc=","processedHistoryMessages":[{"key":{"remoteJid":"6281214955555@s.whatsapp.net","fromMe":true,"id":"3AAB720F3AC9E3E98270"},"messageTimestamp":1742270058},{"key":{"remoteJid":"6281214955555@s.whatsapp.net","fromMe":true,"id":"3A35592CCA64F4AC75A6"},"messageTimestamp":1742270062},{"key":{"remoteJid":"6281214955555@s.whatsapp.net","fromMe":true,"id":"3AC5B9CA157282E53047"},"messageTimestamp":1742270077},{"key":{"remoteJid":"6281214955555@s.whatsapp.net","fromMe":true,"id":"3A7AC922E99B00BD867E"},"messageTimestamp":1742270091},{"key":{"remoteJid":"6281214955555@s.whatsapp.net","fromMe":true,"id":"3A07F500B9D2AC7C3302"},"messageTimestamp":1742270101},{"key":{"remoteJid":"6281214955555@s.whatsapp.net","fromMe":true,"id":"3AAD0132721BEB23F1D5"},"messageTimestamp":1742270109},{"key":{"remoteJid":"6281214955555@s.whatsapp.net","fromMe":true,"id":"3A1A55E2B59B08038C04"},"messageTimestamp":1742270121},{"key":{"remoteJid":"6281214955555@s.whatsapp.net","fromMe":true,"id":"3AE13FB56EB71CD91243"},"messageTimestamp":1742270121},{"key":{"remoteJid":"6281214955555@s.whatsapp.net","fromMe":true,"id":"3AC317EB6512A621DE2E"},"messageTimestamp":1742270128},{"key":{"remoteJid":"6281214955555@s.whatsapp.net","fromMe":true,"id":"3A060E2873F068A487D8"},"messageTimestamp":1742270131},{"key":{"remoteJid":"6281214955555@s.whatsapp.net","fromMe":true,"id":"3A3DDF7B860749A9FAA3"},"messageTimestamp":1742270132},{"key":{"remoteJid":"6281214955555@s.whatsapp.net","fromMe":true,"id":"3A1F328353BBB88A7ECA"},"messageTimestamp":1742270144},{"key":{"remoteJid":"6281214955555@s.whatsapp.net","fromMe":true,"id":"3A041BFE05AD63D3C8F0"},"messageTimestamp":1742270159},{"key":{"remoteJid":"6281214955555@s.whatsapp.net","fromMe":true,"id":"3A3081AA8DEA0BD560F4"},"messageTimestamp":1742270167},{"key":{"remoteJid":"6281214955555@s.whatsapp.net","fromMe":true,"id":"3AA09E03E0782DDC8BF1"},"messageTimestamp":1742270177},{"key":{"remoteJid":"6281214955555@s.whatsapp.net","fromMe":true,"id":"3AEDC7D06465AB2790D1"},"messageTimestamp":1742270193},{"key":{"remoteJid":"6281214955555@s.whatsapp.net","fromMe":true,"id":"3A11544A604364F7DC52"},"messageTimestamp":1742270193},{"key":{"remoteJid":"6281214955555@s.whatsapp.net","fromMe":true,"id":"3A8A08CE3A02FCDC0DF4"},"messageTimestamp":1742270202},{"key":{"remoteJid":"6281214955555@s.whatsapp.net","fromMe":true,"id":"3A37B136EC0CE45F71AF"},"messageTimestamp":1742270209},{"key":{"remoteJid":"6281214955555@s.whatsapp.net","fromMe":true,"id":"3A1A8767F62F251BCFE9"},"messageTimestamp":1742270215},{"key":{"remoteJid":"6281214955555@s.whatsapp.net","fromMe":true,"id":"3A0DC4AFA8BA697BEC4B"},"messageTimestamp":1742270225},{"key":{"remoteJid":"6281214955555@s.whatsapp.net","fromMe":true,"id":"3A471B64601588D4CE3D"},"messageTimestamp":1742270555},{"key":{"remoteJid":"6281214955555@s.whatsapp.net","fromMe":true,"id":"3A780966E33FD5A9C8D1"},"messageTimestamp":1742270560},{"key":{"remoteJid":"6281214955555@s.whatsapp.net","fromMe":true,"id":"3A89973A881FC7BA0DF5"},"messageTimestamp":1742270572},{"key":{"remoteJid":"6281214955555@s.whatsapp.net","fromMe":true,"id":"3A7ACA950A342A97C228"},"messageTimestamp":1742270572},{"key":{"remoteJid":"6281214955555@s.whatsapp.net","fromMe":true,"id":"3A9DD3BB139EECFC7AEB"},"messageTimestamp":1742270577},{"key":{"remoteJid":"6281214955555@s.whatsapp.net","fromMe":true,"id":"3A9E31C540B192FA1839"},"messageTimestamp":1742270585},{"key":{"remoteJid":"6281214955555@s.whatsapp.net","fromMe":true,"id":"3AC302D5CB2454898506"},"messageTimestamp":1742270596},{"key":{"remoteJid":"6281214955555@s.whatsapp.net","fromMe":true,"id":"3AE2FAC860FD98928BC3"},"messageTimestamp":1742270596},{"key":{"remoteJid":"6281214955555@s.whatsapp.net","fromMe":true,"id":"3AA9CA74F6334BE9C441"},"messageTimestamp":1742270602},{"key":{"remoteJid":"6281214955555@s.whatsapp.net","fromMe":true,"id":"3A64E219C582FFECD2ED"},"messageTimestamp":1742270611},{"key":{"remoteJid":"6281214955555@s.whatsapp.net","fromMe":true,"id":"3ADBA89A522B18C4D80E"},"messageTimestamp":1742270611},{"key":{"remoteJid":"6281214955555@s.whatsapp.net","fromMe":true,"id":"3A044F021F1F710AEC59"},"messageTimestamp":1742270612}],"nextPreKeyId":395,"firstUnuploadedPreKeyId":395,"accountSyncCounter":1,"accountSettings":{"unarchiveChats":false},"registered":false,"account":{"details":"CNfKvIEJENDc474GGAEgACgA","accountSignatureKey":"colcVevNk/YvTJR2jIvT17v/o/dWtWO9RWlWN4Zr/gg=","accountSignature":"tbXR58zQMCITStOIw2Zzf1B1qYtLwrmkGdswacXjN97XHnePcAFXnW+ogu3lWvhfjlQaySfsMd8SX1/O4W5ujQ==","deviceSignature":"ndyufb2Zw9hurL8ta5ewj76WbiQBpg2kTseZO34lraylHgMU8pQ45CCinIPhuZFXS8Ax0yuNtStMxH42zIe7DA=="},"me":{"id":"6281214955555:80@s.whatsapp.net","name":"JonesKepri","lid":"267963076763815:80@lid"},"signalIdentities":[{"identifier":{"name":"6281214955555:80@s.whatsapp.net","deviceId":0},"identifierKey":{"type":"Buffer","data":"BXKJXFXrzZP2L0yUdoyL09e7/6P3VrVjvUVpVjeGa/4I"}}],"platform":"smbi","routingInfo":{"type":"Buffer","data":"CAIIEg=="},"lastAccountSyncTimestamp":1742270464,"lastPropHash":"3R9Z39","myAppStateKeyId":"AAAAABcS"}