{"_sessions":{"BcdFEQNfHU8STQ5b4/buk2PXb3+essiLohHeSHZhcVcP":{"registrationId":1161,"currentRatchet":{"ephemeralKeyPair":{"pubKey":"BXWyiZHmkvTDS/FCFpdUFHxJ5OuTUhPtXKRSfNfRyVBw","privKey":"WIAlwJlEBC1Ykupy8wM4c0YubE2NmPJrglXW9+fzQ2M="},"lastRemoteEphemeralKey":"BSEBFXkvSTQoaDi2iPkroUUR/FySd39J7wGmQPaFy7UI","previousCounter":0,"rootKey":"ygPfJp13W+WcYVX1US/M422Uv2GsOhhHbvc5QSPs1ws="},"indexInfo":{"baseKey":"BcdFEQNfHU8STQ5b4/buk2PXb3+essiLohHeSHZhcVcP","baseKeyType":1,"closed":-1,"used":1742365500593,"created":1742365500593,"remoteIdentityKey":"BbJ1hdH3VtVHesLAYaNL3KvnizYJrOA+0+4ONsptcPtG"},"_chains":{"BXWyiZHmkvTDS/FCFpdUFHxJ5OuTUhPtXKRSfNfRyVBw":{"chainKey":{"counter":6,"key":"JYHplYt5LyeN9Iwr373BiNlul43S/KPEgcavroembAI="},"chainType":1,"messageKeys":{}}},"pendingPreKey":{"signedKeyId":1,"baseKey":"BcdFEQNfHU8STQ5b4/buk2PXb3+essiLohHeSHZhcVcP","preKeyId":5053}}},"version":"v1"}