{"_sessions":{"BTCoMed5ut9fAS3iMjePRu84mj1j08KZNJ4j4B9HtbsN":{"registrationId":1641671982,"currentRatchet":{"ephemeralKeyPair":{"pubKey":"BWOepKAhJP3MuZD37oSYiPjQTGq+79BWLK5qjtFWwUhB","privKey":"gP2ZAfqe35Fy0n94+1CrCoNh3r0sbu/+gXr8lozhn10="},"lastRemoteEphemeralKey":"BUH95typu9HB6YtEqAWputHmb8b7Y4/HAPwUXGuX3iJx","previousCounter":0,"rootKey":"bEnVy59xr1iZbEEokMGbqtobPyHrnmXFA6f7y5YrdKg="},"indexInfo":{"baseKey":"BTCoMed5ut9fAS3iMjePRu84mj1j08KZNJ4j4B9HtbsN","baseKeyType":2,"closed":-1,"used":1742376000867,"created":1742376000867,"remoteIdentityKey":"BX6TWXlucpTN7dru+bGjV2wQr6wiy8cJjHP1lvfj/8R3"},"_chains":{"BUH95typu9HB6YtEqAWputHmb8b7Y4/HAPwUXGuX3iJx":{"chainKey":{"counter":0,"key":"tBYuMUzJZj4QQUg86T9UHxN+WK06zgkFvMndSYWOcWo="},"chainType":2,"messageKeys":{}},"BWOepKAhJP3MuZD37oSYiPjQTGq+79BWLK5qjtFWwUhB":{"chainKey":{"counter":-1,"key":"z9k0zQAoWFWH8PD/eIDit94qUvCOcRXcaOVcyweTtMQ="},"chainType":1,"messageKeys":{}}}}},"version":"v1"}