{"_sessions":{"BZNqiE/ZIBY7jizoaH48epNuBE3Cr+X+Aeu4NLGsS90R":{"registrationId":883275368,"currentRatchet":{"ephemeralKeyPair":{"pubKey":"BfkfZ604x0NmsTZqzTv0coP5qgXez5TDAkncxzfgNfVr","privKey":"iI1QWBx77TrrZN+TjUjLS09DX3ueDUtwS2h2JK7qxXI="},"lastRemoteEphemeralKey":"BVbdqLzCyZUQAK5qSl0cz7hOQgHXcfrwe9CSNXkqWEx6","previousCounter":0,"rootKey":"S1TqGrm3zMijXyfN0bHmTsw9BJ6PzX2NRrREvSkGvIQ="},"indexInfo":{"baseKey":"BZNqiE/ZIBY7jizoaH48epNuBE3Cr+X+Aeu4NLGsS90R","baseKeyType":2,"closed":-1,"used":1742442151867,"created":1742270040325,"remoteIdentityKey":"BXKJXFXrzZP2L0yUdoyL09e7/6P3VrVjvUVpVjeGa/4I"},"_chains":{"BQTwpTAvsVc0yL081JFfmcF5FP8KQGj7bcq7nHwl6eI9":{"chainKey":{"counter":14},"chainType":2,"messageKeys":{}},"BQU75Sz+YMKV6bE+dcpRm/rGyIg2QqoXRKiVZqNinClj":{"chainKey":{"counter":10},"chainType":2,"messageKeys":{}},"BWrOZi+Ame4HGud62r2Ua6tuEx7kk+B7aNNhGhuctmwJ":{"chainKey":{"counter":11},"chainType":2,"messageKeys":{}},"BV0sweHGE9nA35VVS6Y7HkOOssnNszeBtmhDPoktTzcR":{"chainKey":{"counter":1},"chainType":2,"messageKeys":{}},"Bbj2QLAzLuTWjtFPG5W82iFqZOM4Sgyhbaemx+kOMgwK":{"chainKey":{"counter":1},"chainType":2,"messageKeys":{"0":"/j5qU2AnxPkQE2DQTszdzhHztbwug/yr54ocVA6D1Ew="}},"BYz6fP2SdrxUmGJA8BUvHs8AeC0OTautTg6RezyyO0lc":{"chainKey":{"counter":0},"chainType":2,"messageKeys":{}},"BYkZcHdwpkxCvKcuruzHs05JfYKiPJsg1HjYC/GvYblT":{"chainKey":{"counter":0},"chainType":2,"messageKeys":{}},"BQiwnchrFlWm7FEApq0i/HBX5EZTDOuV26YD2r/0cmcR":{"chainKey":{"counter":0},"chainType":2,"messageKeys":{}},"BbxDQ5uruYnMayBAizNM5Uj/vo0erMEz5jREn5bofjpx":{"chainKey":{"counter":0},"chainType":2,"messageKeys":{}},"Bcs+rtdllHjORiKik+uXniM2JJ3pCjySvwUbwHKcBklJ":{"chainKey":{"counter":0},"chainType":2,"messageKeys":{}},"BW0BqJRvsrGQno0cwgQ9XyVVUag8YFAORgvrYUjU3boQ":{"chainKey":{"counter":4},"chainType":2,"messageKeys":{"1":"c29w+1AMBIU/YDsqF1/9qLExDpyldpmoTIEYanloOa0="}},"BRaP/OcduunMXSWekeDQxxxuUvtW/Dma3X0IIavzl8h6":{"chainKey":{"counter":0},"chainType":2,"messageKeys":{}},"BVbdqLzCyZUQAK5qSl0cz7hOQgHXcfrwe9CSNXkqWEx6":{"chainKey":{"counter":1,"key":"1ZdUH5AbAkBJWF5tpc7jLAgrgz1qNSMW/hnQVPMfjnY="},"chainType":2,"messageKeys":{}},"BfkfZ604x0NmsTZqzTv0coP5qgXez5TDAkncxzfgNfVr":{"chainKey":{"counter":37,"key":"TD7SPKEd/2IGaqzAxCzIyA+n+Wb8+Z0Qx0f0jHA/QxM="},"chainType":1,"messageKeys":{}}}}},"version":"v1"}