{"_sessions":{"Ba96ru97CG87NP3BwaYMs3Zel4pa30sjB8POn/x8YQZO":{"registrationId":317789098,"currentRatchet":{"ephemeralKeyPair":{"pubKey":"BZ9ypdcHhVlgiDvpVMreFxh2e61jDszhqFtGuRLbuUlj","privKey":"EF38xZ+LSzJn2KGmS89i9XEhSKnVEoCitiJqWUF0ckQ="},"lastRemoteEphemeralKey":"BSix73a9kH9diIgZ7lChtvdPdBJgkhwMqJRLMrWT9fQG","previousCounter":0,"rootKey":"07yenZF3sZUR31Xo2rN21qSmmi6Pe+nMyE49UqY1lT8="},"indexInfo":{"baseKey":"Ba96ru97CG87NP3BwaYMs3Zel4pa30sjB8POn/x8YQZO","baseKeyType":2,"closed":-1,"used":1742425998436,"created":1742425998436,"remoteIdentityKey":"BZ+Yj+QuyKnNSksYB+Kh3V4fxcq1it86F08ffUsp9c9b"},"_chains":{"BSix73a9kH9diIgZ7lChtvdPdBJgkhwMqJRLMrWT9fQG":{"chainKey":{"counter":0,"key":"KKNAJzI/Me6Z78if5Haz5ftgfpW++8gq8lBL049vAW0="},"chainType":2,"messageKeys":{}},"BZ9ypdcHhVlgiDvpVMreFxh2e61jDszhqFtGuRLbuUlj":{"chainKey":{"counter":-1,"key":"CyD0xxKe7vptyqwGe10icdGb3ZWVfZZDn2cCWKiXJwE="},"chainType":1,"messageKeys":{}}}}},"version":"v1"}