{"_sessions":{"Be1TT+xGJlRl4XUj6mvolTfwal+JblF+FMSN+y+LcDgk":{"registrationId":273018934,"currentRatchet":{"ephemeralKeyPair":{"pubKey":"Ba0wcaGsVRwORe0juCfFMKmmy5J/wA0Fmb+S4wecJwZK","privKey":"CGLv2/y4x1KsLda4gXXHwSIjRMp334ckMTkvFtUCTUw="},"lastRemoteEphemeralKey":"BctiW//sHDtcmvEaFlj85k28f88wivaSuWjdoM1oDD0I","previousCounter":0,"rootKey":"BpXmU4+8YiazD4lHx6d9YWMHa60cEtmWIhR/1VO8wlE="},"indexInfo":{"baseKey":"Be1TT+xGJlRl4XUj6mvolTfwal+JblF+FMSN+y+LcDgk","baseKeyType":1,"closed":1742271293899,"used":1742271292171,"created":1742271292171,"remoteIdentityKey":"BeZWs5YFM+xiQBXArwKSbI0Q7qPXw/yAuAbMfdxeD8AK"},"_chains":{"Ba0wcaGsVRwORe0juCfFMKmmy5J/wA0Fmb+S4wecJwZK":{"chainKey":{"counter":0,"key":"Z6cfKq441M5nJdXAXl8n0RHYxHNNsKHwmsV8GuA6jp4="},"chainType":1,"messageKeys":{}}},"pendingPreKey":{"signedKeyId":42,"baseKey":"Be1TT+xGJlRl4XUj6mvolTfwal+JblF+FMSN+y+LcDgk","preKeyId":14372123}},"Bc6i850bwJHGDmr/i5lUlqE6DH3WbHAkElJYKX9RVEUq":{"registrationId":273018934,"currentRatchet":{"ephemeralKeyPair":{"pubKey":"BVucitIM0ZbNpmBN0b0KaNp6r9CsNEJqJD4muR1FT3IP","privKey":"wLaHu3pQgdywP7ZE19vDXOnIX29giklnDpHImE6THWg="},"lastRemoteEphemeralKey":"BctiW//sHDtcmvEaFlj85k28f88wivaSuWjdoM1oDD0I","previousCounter":0,"rootKey":"K80ex79FrulIX5H5YsNoEdXUh7loHhKHpI4KpIVmwyw="},"indexInfo":{"baseKey":"Bc6i850bwJHGDmr/i5lUlqE6DH3WbHAkElJYKX9RVEUq","baseKeyType":1,"closed":-1,"used":1742271293749,"created":1742271293749,"remoteIdentityKey":"BeZWs5YFM+xiQBXArwKSbI0Q7qPXw/yAuAbMfdxeD8AK"},"_chains":{"BVucitIM0ZbNpmBN0b0KaNp6r9CsNEJqJD4muR1FT3IP":{"chainKey":{"counter":0,"key":"ID8B1dfDv1tbLghbEilzQ8sml+WB4sh27JjlRxiFCro="},"chainType":1,"messageKeys":{}}},"pendingPreKey":{"signedKeyId":42,"baseKey":"Bc6i850bwJHGDmr/i5lUlqE6DH3WbHAkElJYKX9RVEUq","preKeyId":14372642}}},"version":"v1"}