{"_sessions":{"BZir/eCcZ4Hl9O+x3ds6exibYR/4QAvNHynabS5owo1A":{"registrationId":575190025,"currentRatchet":{"ephemeralKeyPair":{"pubKey":"BXrFWbc2GoSqV37ncARgfVjLoOBAA+u19IBR6PWrGXth","privKey":"eNhm8Whfe+ZD62b4h1QalEDSHHNhcWjsdHH51B8arkM="},"lastRemoteEphemeralKey":"Bb2x+5tbQ5OrRM7vgwlVibeNFUjsQpNr175lnAAdFs8a","previousCounter":0,"rootKey":"DVZkeJZQHIw1yK0k3RuJFbKQodYI5IHz5OsOluwbLZI="},"indexInfo":{"baseKey":"BZir/eCcZ4Hl9O+x3ds6exibYR/4QAvNHynabS5owo1A","baseKeyType":2,"closed":-1,"used":1742276271724,"created":1742276271724,"remoteIdentityKey":"BZe36u7pGKPQOFuRKJyWbU4EY1G9m9KfOpSXULdtuEEw"},"_chains":{"Bb2x+5tbQ5OrRM7vgwlVibeNFUjsQpNr175lnAAdFs8a":{"chainKey":{"counter":24,"key":"6Re3AGR8GY4TvuNKlE6seilV5KMhN9XK0n9a20e3kSc="},"chainType":2,"messageKeys":{"7":"c2pELFkzX2xmPXe+7lA6PMbkrW22g1/r55fBtRQxMJ4=","8":"TpAh/SwhYehxb2G6ItyWDWNx+MeuyUz/xuGSvEvo970=","9":"L3rWmE40hdF43YEKQghirU9Fv68xfj6jK9ciBW+VeRM=","10":"n1FljoE+LSQ+cYZNRZYSy/WO1lhezn+H6XF9vhiF8iU=","11":"WtUBdDBGEbuf6iOQzV4OE03XxknZw1mMGzzgKzh2ZY4=","12":"05GgC+H785E6o76UNs7x2Sz/l4HdqvinxSwQjW1kKus="}},"BXrFWbc2GoSqV37ncARgfVjLoOBAA+u19IBR6PWrGXth":{"chainKey":{"counter":-1,"key":"sp0a2gruL7q7PVCYxRVZs9sIGUtsvvaOpaozvVBZB/8="},"chainType":1,"messageKeys":{}}}}},"version":"v1"}