{"_sessions":{"BWHynuZjzd3XYMqPult+vJ2AlAidqrb4mVee2MeQoIwz":{"registrationId":1832117521,"currentRatchet":{"ephemeralKeyPair":{"pubKey":"BWaJ/MBEoxF+OPA2zK3HUo5L6kQ6RFCC/yp3dzw7ZUxH","privKey":"gErMvbBbckvUoHybxW6HvC8wqOXY30dGBeKtYoffwX0="},"lastRemoteEphemeralKey":"BY6kCDaJGbVzpe9GhbLHY6v6R+wMKA5en/hEydyd/Dgm","previousCounter":0,"rootKey":"rfIpe18LBhmPwZReks9eXmm8yUB7ZF07UmNIa8HKiRY="},"indexInfo":{"baseKey":"BWHynuZjzd3XYMqPult+vJ2AlAidqrb4mVee2MeQoIwz","baseKeyType":1,"closed":-1,"used":1742271344244,"created":1742271344244,"remoteIdentityKey":"BUpSdkRKH6/HkUTU3+bSTP93qMBEzL3FDNPXwd1Q8gAp"},"_chains":{"BWaJ/MBEoxF+OPA2zK3HUo5L6kQ6RFCC/yp3dzw7ZUxH":{"chainKey":{"counter":0,"key":"4HP6wHHaaGhhA0KlyvNL7e3sXhJRmDsoHr4UE5JxQaA="},"chainType":1,"messageKeys":{}}},"pendingPreKey":{"signedKeyId":17,"baseKey":"BWHynuZjzd3XYMqPult+vJ2AlAidqrb4mVee2MeQoIwz","preKeyId":1269424}}},"version":"v1"}