{"_sessions":{"BaO2v2MgiB05+oX1S6r/1goyvpuLciabEql56dBpcgIf":{"registrationId":1900,"currentRatchet":{"ephemeralKeyPair":{"pubKey":"BWQ35TC8kQRYvwWAIkT0TLUr8O+n7xCB5XUUZ1kt6oUy","privKey":"IFH+arJVreyPeetpuB5TvS7NEX4yDJ1SfTnb9WosOXA="},"lastRemoteEphemeralKey":"BSvFGXnBXqUkpMPHS9LCrigx0MRJQ5HB9h3dBYiib45M","previousCounter":0,"rootKey":"1CTThYvp/uEwfkgwKs8GTZcpPlUbyi6VlnwLXZGK3j4="},"indexInfo":{"baseKey":"BaO2v2MgiB05+oX1S6r/1goyvpuLciabEql56dBpcgIf","baseKeyType":1,"closed":1742271293099,"used":1742271291281,"created":1742271291281,"remoteIdentityKey":"BWiYpu+97s9C091dGaWgy1hxlHAFwMpOHjC7gP5XUsZZ"},"_chains":{"BWQ35TC8kQRYvwWAIkT0TLUr8O+n7xCB5XUUZ1kt6oUy":{"chainKey":{"counter":0,"key":"2gp03/V4og753t5pjK40rkhoNhbD35+YDXoC9jjFMoc="},"chainType":1,"messageKeys":{}}},"pendingPreKey":{"signedKeyId":1,"baseKey":"BaO2v2MgiB05+oX1S6r/1goyvpuLciabEql56dBpcgIf"}},"BeNPgGPGFjZybDAz2TYmpRwUbyR91zYDKjv0EZ/ZbBtZ":{"registrationId":1900,"currentRatchet":{"ephemeralKeyPair":{"pubKey":"BZ114wm8wGygKv4xzDv+zEivyrHbO/uxLdRBPX0RGTRd","privKey":"QOYpdl+jmrV/Y3O4u3uccDKPvawNKPvynOUwKBMSwkQ="},"lastRemoteEphemeralKey":"BSvFGXnBXqUkpMPHS9LCrigx0MRJQ5HB9h3dBYiib45M","previousCounter":0,"rootKey":"ti+DUyXhiYRp5UqVPNFfNyNr9nEPvNkQrFACk2UQaxQ="},"indexInfo":{"baseKey":"BeNPgGPGFjZybDAz2TYmpRwUbyR91zYDKjv0EZ/ZbBtZ","baseKeyType":1,"closed":-1,"used":1742271292980,"created":1742271292980,"remoteIdentityKey":"BWiYpu+97s9C091dGaWgy1hxlHAFwMpOHjC7gP5XUsZZ"},"_chains":{"BZ114wm8wGygKv4xzDv+zEivyrHbO/uxLdRBPX0RGTRd":{"chainKey":{"counter":0,"key":"/Ib6jG/3Mg4hgDZouCuc1TgRrwb0TsspjRSSvd4BxEw="},"chainType":1,"messageKeys":{}}},"pendingPreKey":{"signedKeyId":1,"baseKey":"BeNPgGPGFjZybDAz2TYmpRwUbyR91zYDKjv0EZ/ZbBtZ"}}},"version":"v1"}