{"_sessions":{"BSeP7QGb3WjkARkhx+fw016e7jmi++Izq+KwQVP+bitf":{"registrationId":1810683438,"currentRatchet":{"ephemeralKeyPair":{"pubKey":"BWDS4eepA3AXR3fMQWCbpGvckaQVqWLWC9DgTBXqnIB+","privKey":"qKn6pgrL5xXZ8GcRTF1/eJzvlABcSI9HPdePzjwDjmU="},"lastRemoteEphemeralKey":"BVjBzhk6EEl+TtGxJMj19R9kcJLcRaByLamE2K0HulcE","previousCounter":0,"rootKey":"tM0nMy3T9ovMgxEoTuuLsbx87Wr87aIrL/WwZl8cqt4="},"indexInfo":{"baseKey":"BSeP7QGb3WjkARkhx+fw016e7jmi++Izq+KwQVP+bitf","baseKeyType":1,"closed":1742271293881,"used":1742271292117,"created":1742271292117,"remoteIdentityKey":"BR+Yqlyj6IB8pUhMMC0x1p1IZ1f8RHsjryKqI2zCR1R+"},"_chains":{"BWDS4eepA3AXR3fMQWCbpGvckaQVqWLWC9DgTBXqnIB+":{"chainKey":{"counter":0,"key":"79gW6J60mMpNfxdRrfIFRllIVVfGFlDKBJ40n6pDaR4="},"chainType":1,"messageKeys":{}}},"pendingPreKey":{"signedKeyId":6,"baseKey":"BSeP7QGb3WjkARkhx+fw016e7jmi++Izq+KwQVP+bitf","preKeyId":4105930}},"Bc0P+f2oKdUwC8GkaPCr5X7ieTKqvDPG/V8RFzvxWIIQ":{"registrationId":1810683438,"currentRatchet":{"ephemeralKeyPair":{"pubKey":"BWgwhsy7qnSMTuiGy25+ZUQRYtyCEn9dPexdoPm3o71E","privKey":"2EM1zhFr4/NOnMMnjWnvVIXlB2GwTTEuy1K0Rz1o9HA="},"lastRemoteEphemeralKey":"BVjBzhk6EEl+TtGxJMj19R9kcJLcRaByLamE2K0HulcE","previousCounter":0,"rootKey":"faQ2+xK6N0i7g9/cmmIuxeX4TRicOvYEdG4KMFUrgkw="},"indexInfo":{"baseKey":"Bc0P+f2oKdUwC8GkaPCr5X7ieTKqvDPG/V8RFzvxWIIQ","baseKeyType":1,"closed":-1,"used":1742271293694,"created":1742271293694,"remoteIdentityKey":"BR+Yqlyj6IB8pUhMMC0x1p1IZ1f8RHsjryKqI2zCR1R+"},"_chains":{"BWgwhsy7qnSMTuiGy25+ZUQRYtyCEn9dPexdoPm3o71E":{"chainKey":{"counter":0,"key":"6adQSKinvr3wM21vU505yZLssDOjxES1M+0tuX0JD9k="},"chainType":1,"messageKeys":{}}},"pendingPreKey":{"signedKeyId":6,"baseKey":"Bc0P+f2oKdUwC8GkaPCr5X7ieTKqvDPG/V8RFzvxWIIQ","preKeyId":4106473}}},"version":"v1"}