{"_sessions":{"BREMQLFF+GHV2zXTOk5nowBkk8ELE77kpL9wMbaREpYJ":{"registrationId":93955945,"currentRatchet":{"ephemeralKeyPair":{"pubKey":"BZiQXQqDrq/gRbJm8VLaHxM2y2Q4+wX4ADx2M0mu/tJv","privKey":"UMiQ8MQsFggj2ky2i4FGC2ONIMLuuvSBk/3YWqe2vE8="},"lastRemoteEphemeralKey":"BcATxhwKlsj17+PCU+8xR8rqrwXASTfi0980baxuszxN","previousCounter":0,"rootKey":"obXAvonfmbKS3RPmPcGoXjVohWTh8FoPk7ua5cPuUe0="},"indexInfo":{"baseKey":"BREMQLFF+GHV2zXTOk5nowBkk8ELE77kpL9wMbaREpYJ","baseKeyType":1,"closed":1742271293889,"used":1742271292142,"created":1742271292142,"remoteIdentityKey":"BdSGeQaT8Bv4MiexpCYch72norVfIt6UpHQ+dhIUqixK"},"_chains":{"BZiQXQqDrq/gRbJm8VLaHxM2y2Q4+wX4ADx2M0mu/tJv":{"chainKey":{"counter":0,"key":"Uu11xDIHB6S4vClhY6f/ydyMNQQVCcTEpahwMSJYRVM="},"chainType":1,"messageKeys":{}}},"pendingPreKey":{"signedKeyId":7,"baseKey":"BREMQLFF+GHV2zXTOk5nowBkk8ELE77kpL9wMbaREpYJ","preKeyId":1444530}},"BXVDzqGdFP1mduPf5eTTlb5JxW7XQ0P47+F9w65W/mJp":{"registrationId":93955945,"currentRatchet":{"ephemeralKeyPair":{"pubKey":"BW+5TlCrL22GsP5wVJbS9YE/umEpF7U8disfdoYCN9AO","privKey":"yGRKz3zg/F95VVCUsakcZ3fnAwvevx/DD3wyDCXz510="},"lastRemoteEphemeralKey":"BcATxhwKlsj17+PCU+8xR8rqrwXASTfi0980baxuszxN","previousCounter":0,"rootKey":"Ye3clUO4emhTQWszvDUsWq4t91L0Q6TsucmgoacHlGo="},"indexInfo":{"baseKey":"BXVDzqGdFP1mduPf5eTTlb5JxW7XQ0P47+F9w65W/mJp","baseKeyType":1,"closed":-1,"used":1742271293720,"created":1742271293720,"remoteIdentityKey":"BdSGeQaT8Bv4MiexpCYch72norVfIt6UpHQ+dhIUqixK"},"_chains":{"BW+5TlCrL22GsP5wVJbS9YE/umEpF7U8disfdoYCN9AO":{"chainKey":{"counter":0,"key":"s9I+qpE8B+QBnAoh9UmHhILepjh9cYclZgK9GptQOAc="},"chainType":1,"messageKeys":{}}},"pendingPreKey":{"signedKeyId":7,"baseKey":"BXVDzqGdFP1mduPf5eTTlb5JxW7XQ0P47+F9w65W/mJp","preKeyId":1444352}}},"version":"v1"}