{"_sessions":{"BXbfO7/b1ehNnq68GUZKw+2suVoPaYUsyMLzJ5t2SsMD":{"registrationId":994289324,"currentRatchet":{"ephemeralKeyPair":{"pubKey":"BVJAg5U22aRjxH2aFoNBvqUuPUV/MRhlPef7p7lqoOEK","privKey":"2IoYL31Js25gMNxGN8u6mHtMOBnc3pS2CLAOYleeMn8="},"lastRemoteEphemeralKey":"Bay5WDKtB/tTj/HeDBPQzCvujtC/03Qe3x6JSdm8B7cp","previousCounter":0,"rootKey":"ImM2B9l6JDEJMmHyiegUxIp2dQ5rkJzsIllJqTrfX34="},"indexInfo":{"baseKey":"BXbfO7/b1ehNnq68GUZKw+2suVoPaYUsyMLzJ5t2SsMD","baseKeyType":1,"closed":1742271293114,"used":1742271291331,"created":1742271291331,"remoteIdentityKey":"BYs7AmyR/eDKXsMzcwM7PUOhpHlprj0mtj/kpWDpA1JO"},"_chains":{"BVJAg5U22aRjxH2aFoNBvqUuPUV/MRhlPef7p7lqoOEK":{"chainKey":{"counter":0,"key":"1rW2q6loB7UhEdWpx4DP7Ps4kA5I3KoJ5D48e4b1TIk="},"chainType":1,"messageKeys":{}}},"pendingPreKey":{"signedKeyId":11,"baseKey":"BXbfO7/b1ehNnq68GUZKw+2suVoPaYUsyMLzJ5t2SsMD","preKeyId":4198118}},"BTiJWBQYcgu1gXvwAkhDAB36Zz8deTGzbDKzduK5V6Ry":{"registrationId":994289324,"currentRatchet":{"ephemeralKeyPair":{"pubKey":"BdrR5DxaEMdygS8/65EHAWsJ3sS0Qq1awPUGjqfphUwW","privKey":"mIHuZHuK62yG94ju3I/sMx0tb8E/jsUdwn5AaJrezGU="},"lastRemoteEphemeralKey":"Bay5WDKtB/tTj/HeDBPQzCvujtC/03Qe3x6JSdm8B7cp","previousCounter":0,"rootKey":"1y/e5y23hKebOuPu6+tfHFrD95SViFL3GM1SZUdMyjE="},"indexInfo":{"baseKey":"BTiJWBQYcgu1gXvwAkhDAB36Zz8deTGzbDKzduK5V6Ry","baseKeyType":1,"closed":-1,"used":1742271293029,"created":1742271293029,"remoteIdentityKey":"BYs7AmyR/eDKXsMzcwM7PUOhpHlprj0mtj/kpWDpA1JO"},"_chains":{"BdrR5DxaEMdygS8/65EHAWsJ3sS0Qq1awPUGjqfphUwW":{"chainKey":{"counter":0,"key":"xG/789OHJX5FPjzNAM9zkcvnYCU7SY8KdZ4jj4nfIVg="},"chainType":1,"messageKeys":{}}},"pendingPreKey":{"signedKeyId":11,"baseKey":"BTiJWBQYcgu1gXvwAkhDAB36Zz8deTGzbDKzduK5V6Ry","preKeyId":4198227}}},"version":"v1"}