{"_sessions":{"BVb+iOf6gkPw3ruE9zsr/OpAy2DyspilGt4S1Z+jrhwx":{"registrationId":1038814462,"currentRatchet":{"ephemeralKeyPair":{"pubKey":"BeOTATIUH9hz/ZyfJQ9AQYlJsG1uTUcZlsn5mtmBzAlK","privKey":"qISVeqldih1P9KGmLolaG9lgXjayLtP26nFbwbr6yVQ="},"lastRemoteEphemeralKey":"BcSt5l0pC8XHrxNeYDsHCj/bEiXYaOEaVpvOg1KNHjpJ","previousCounter":0,"rootKey":"Goud90RYVHtlh1OiZGjN+Dyu7RXteIl1cJnSI3DXJ1U="},"indexInfo":{"baseKey":"BVb+iOf6gkPw3ruE9zsr/OpAy2DyspilGt4S1Z+jrhwx","baseKeyType":1,"closed":-1,"used":1742271344242,"created":1742271344242,"remoteIdentityKey":"BQxd1wi4jmUz3+kdQqmts46fwyyQ5+mj/CpI/eN08KdQ"},"_chains":{"BeOTATIUH9hz/ZyfJQ9AQYlJsG1uTUcZlsn5mtmBzAlK":{"chainKey":{"counter":0,"key":"VhZ1yoRXOVnI7uMareRUlgviQcU26TxuohOiGODMFJI="},"chainType":1,"messageKeys":{}}},"pendingPreKey":{"signedKeyId":14255870,"baseKey":"BVb+iOf6gkPw3ruE9zsr/OpAy2DyspilGt4S1Z+jrhwx","preKeyId":22171}}},"version":"v1"}