{"_sessions":{"BdEnF4Z68LyFKYySRBTMFbr1kUJ3s8WtjpjISgSVrNN0":{"registrationId":1689053255,"currentRatchet":{"ephemeralKeyPair":{"pubKey":"BcdV2yw8ksw26+mJD0BDsLRdcJ3yyGIikwI3sQFPKe9a","privKey":"cG9ZwElzQHzlXWDfZWoFzOrdOfIvKmGkq/Sbxc+O7VY="},"lastRemoteEphemeralKey":"BaiOwE6CvqNGL2bomo4uYIGQ5cv1KqdF4Fxmvua83+FK","previousCounter":0,"rootKey":"WIKPieD7RG7Qg6ylDlE6AyIkruSxzLheFbhZN+nu6f0="},"indexInfo":{"baseKey":"BdEnF4Z68LyFKYySRBTMFbr1kUJ3s8WtjpjISgSVrNN0","baseKeyType":1,"closed":1742271293115,"used":1742271291339,"created":1742271291339,"remoteIdentityKey":"Bcqzqc4xY8x5JWB1O91CkhH6E+/I9oIos1mQo5MUd95o"},"_chains":{"BcdV2yw8ksw26+mJD0BDsLRdcJ3yyGIikwI3sQFPKe9a":{"chainKey":{"counter":0,"key":"r1dBD/+2qLx9mnCC/n8a9PUpqUFTk48RvpILKYCF+EY="},"chainType":1,"messageKeys":{}}},"pendingPreKey":{"signedKeyId":41,"baseKey":"BdEnF4Z68LyFKYySRBTMFbr1kUJ3s8WtjpjISgSVrNN0","preKeyId":13423768}},"BYfotpuW2+G3oe6fqNgbiEPeYDod6YBb7k/m+Xxvw7AP":{"registrationId":1689053255,"currentRatchet":{"ephemeralKeyPair":{"pubKey":"BUlGVLPD64nvfSpxZQ2O4j8dWlTesSzV01/KM6VPr95X","privKey":"qKXx+PkuXE+ebIFpnZpkpj2NugDB7MQ/nplF5SE7PW4="},"lastRemoteEphemeralKey":"BaiOwE6CvqNGL2bomo4uYIGQ5cv1KqdF4Fxmvua83+FK","previousCounter":0,"rootKey":"baMUr+AoRe5t9FJ/1Tvb9elvM6d/7od9DH3PIykWl7U="},"indexInfo":{"baseKey":"BYfotpuW2+G3oe6fqNgbiEPeYDod6YBb7k/m+Xxvw7AP","baseKeyType":1,"closed":-1,"used":1742271293038,"created":1742271293038,"remoteIdentityKey":"Bcqzqc4xY8x5JWB1O91CkhH6E+/I9oIos1mQo5MUd95o"},"_chains":{"BUlGVLPD64nvfSpxZQ2O4j8dWlTesSzV01/KM6VPr95X":{"chainKey":{"counter":0,"key":"BhSkHtM5Jlt6s2lOlpAj5fLUK86y4OtPomGV82/RwJE="},"chainType":1,"messageKeys":{}}},"pendingPreKey":{"signedKeyId":41,"baseKey":"BYfotpuW2+G3oe6fqNgbiEPeYDod6YBb7k/m+Xxvw7AP","preKeyId":13423657}}},"version":"v1"}