{"_sessions":{"BUH7cMkGeFdCrAkUwE/UqBrqT/QNwsh58YzZUm1EfcQ4":{"registrationId":2020946362,"currentRatchet":{"ephemeralKeyPair":{"pubKey":"BTYZxasCe/BSlA91pC6pVATf8uq9iXVeRhF292VSy7sZ","privKey":"oFvqppXaoIVupikFrInCuXF5pta7gIxGX0RaKHe8X1U="},"lastRemoteEphemeralKey":"BYr8PJW2ZZ4y/e7xss5U5yq4mrwaioSM7Jf4Xx92AgV4","previousCounter":0,"rootKey":"FQEEZJFoBtVgQ8Q94koN8M7OcusG69uMPw8oEoSlJpQ="},"indexInfo":{"baseKey":"BUH7cMkGeFdCrAkUwE/UqBrqT/QNwsh58YzZUm1EfcQ4","baseKeyType":1,"closed":1742271293892,"used":1742271292151,"created":1742271292151,"remoteIdentityKey":"BRxq2Mmb2MpfDgLEHTWcrqhueVWtm1y2dAVph2yJM/0R"},"_chains":{"BTYZxasCe/BSlA91pC6pVATf8uq9iXVeRhF292VSy7sZ":{"chainKey":{"counter":0,"key":"9xRPki06Mngw3YuLXpDEGf4xplx5zTSiMYTD683Z+cs="},"chainType":1,"messageKeys":{}}},"pendingPreKey":{"signedKeyId":12,"baseKey":"BUH7cMkGeFdCrAkUwE/UqBrqT/QNwsh58YzZUm1EfcQ4","preKeyId":771390}},"BbkbFdT7AvwoQqGvNNaT1ysEqpluM94qjASfE6m+3c4R":{"registrationId":2020946362,"currentRatchet":{"ephemeralKeyPair":{"pubKey":"Bbqp/Gv0JPtaOMY/wcLozws6zFHSS+u9ITo8nibEeI4E","privKey":"iH1oaVhTLtXz8plYOpvfWuGajvEpLft75BmRBPXwKEA="},"lastRemoteEphemeralKey":"BYr8PJW2ZZ4y/e7xss5U5yq4mrwaioSM7Jf4Xx92AgV4","previousCounter":0,"rootKey":"nEObF30IH2RjX0LuiuniliQPUHvfpsPlhFhjXEAYMrI="},"indexInfo":{"baseKey":"BbkbFdT7AvwoQqGvNNaT1ysEqpluM94qjASfE6m+3c4R","baseKeyType":1,"closed":-1,"used":1742271293730,"created":1742271293730,"remoteIdentityKey":"BRxq2Mmb2MpfDgLEHTWcrqhueVWtm1y2dAVph2yJM/0R"},"_chains":{"Bbqp/Gv0JPtaOMY/wcLozws6zFHSS+u9ITo8nibEeI4E":{"chainKey":{"counter":0,"key":"2u3omIblkdUFdf/l9PSgPH0W2euqZieTa3JhozqKQYk="},"chainType":1,"messageKeys":{}}},"pendingPreKey":{"signedKeyId":12,"baseKey":"BbkbFdT7AvwoQqGvNNaT1ysEqpluM94qjASfE6m+3c4R","preKeyId":771054}}},"version":"v1"}