{"_sessions":{"BRuYRuntjahGIn/igPWMszqNwwsSPh58uRrNoyC2I1Zv":{"registrationId":226951249,"currentRatchet":{"ephemeralKeyPair":{"pubKey":"BaG/Sud6wZuOtrIjx7MF0cosRo1E7z0o+TtpdfaUFn0P","privKey":"uFedK2EbBrWxceo0TNrM99a12ONBLLMcoGieTD5PVEs="},"lastRemoteEphemeralKey":"BR1VsjatuBsKl5/Vvtiqg/NQ69ljRXJ0+B2qZFImWlws","previousCounter":0,"rootKey":"J5+E1A++mYFwx1p651szuw/Uwpv7uh1Rk+qtgQ+bZZc="},"indexInfo":{"baseKey":"BRuYRuntjahGIn/igPWMszqNwwsSPh58uRrNoyC2I1Zv","baseKeyType":1,"closed":1742271293883,"used":1742271292121,"created":1742271292121,"remoteIdentityKey":"Ba7/+xGkMXJvGpVN3ev/wf0esz6oPZOs0neTUtGTqRo2"},"_chains":{"BaG/Sud6wZuOtrIjx7MF0cosRo1E7z0o+TtpdfaUFn0P":{"chainKey":{"counter":0,"key":"uTu0khVtO54kLdxrS9WqtUBYNlW1oA6JRWX+m6Fr4bc="},"chainType":1,"messageKeys":{}}},"pendingPreKey":{"signedKeyId":8,"baseKey":"BRuYRuntjahGIn/igPWMszqNwwsSPh58uRrNoyC2I1Zv","preKeyId":14055025}},"BS7/tp2TNW+l7T/qGIvaLrYcYdyKxGHUe1RBPJxnKiVf":{"registrationId":226951249,"currentRatchet":{"ephemeralKeyPair":{"pubKey":"BVFISHJJrCtd9OgS9xTFnD0gZhPA4PY1UE4dPZmMyNhK","privKey":"YCmy9lqgSeqJOp76/3g83/Bvump4ogLkA8rM7Qzvn3o="},"lastRemoteEphemeralKey":"BR1VsjatuBsKl5/Vvtiqg/NQ69ljRXJ0+B2qZFImWlws","previousCounter":0,"rootKey":"GyVsnwofaeBoT4NyRCK0T2xNza4Go+GXxB8Ss43Ziow="},"indexInfo":{"baseKey":"BS7/tp2TNW+l7T/qGIvaLrYcYdyKxGHUe1RBPJxnKiVf","baseKeyType":1,"closed":-1,"used":1742271293698,"created":1742271293698,"remoteIdentityKey":"Ba7/+xGkMXJvGpVN3ev/wf0esz6oPZOs0neTUtGTqRo2"},"_chains":{"BVFISHJJrCtd9OgS9xTFnD0gZhPA4PY1UE4dPZmMyNhK":{"chainKey":{"counter":0,"key":"FAU/96imEkjpx8Ld++PTxaIdgkaHnCvBPZOyIaVbkxw="},"chainType":1,"messageKeys":{}}},"pendingPreKey":{"signedKeyId":8,"baseKey":"BS7/tp2TNW+l7T/qGIvaLrYcYdyKxGHUe1RBPJxnKiVf","preKeyId":14054960}}},"version":"v1"}