{"_sessions":{"BdUedcLFP9zvVB62ab5oSO8ymVvy+ghs9ugX6OQDzu5j":{"registrationId":70387679,"currentRatchet":{"ephemeralKeyPair":{"pubKey":"BdXemWNRNeEXvoiw9NBtGVL7vgOBOU1bVmmAFR37++do","privKey":"KDUDJOlu3QtWuK5bOqd+5AIAlJK+An4YrxXoWs3ifXk="},"lastRemoteEphemeralKey":"BaJaWrWaezWDlM29vJ0Hpm0/RTcng6BLlQOMbNECkmFg","previousCounter":0,"rootKey":"ZgjQerOp65csGlpkMZU4ro72ANI1Kb0RFBb1BqM3ILw="},"indexInfo":{"baseKey":"BdUedcLFP9zvVB62ab5oSO8ymVvy+ghs9ugX6OQDzu5j","baseKeyType":2,"closed":-1,"used":1742450559718,"created":1742450559718,"remoteIdentityKey":"BUa5+Bb3Tm3xVxygqQf7Q1LWMuawS4DL2i2apN0i0HV9"},"_chains":{"BaJaWrWaezWDlM29vJ0Hpm0/RTcng6BLlQOMbNECkmFg":{"chainKey":{"counter":0,"key":"h24uiLaIWUdkjPqtMCuBsuWvyFvPyJJhmuOZIHDAmuQ="},"chainType":2,"messageKeys":{}},"BdXemWNRNeEXvoiw9NBtGVL7vgOBOU1bVmmAFR37++do":{"chainKey":{"counter":-1,"key":"yQRV3FL7bSaq+3k4yN1rChkutYs0Eh0/ZUkzosfIw3s="},"chainType":1,"messageKeys":{}}}}},"version":"v1"}