{"_sessions":{"BU3KNJ0x55olTuZTEaKfXph4+rfVW11HglP9ZVW2L1Bh":{"registrationId":1056696999,"currentRatchet":{"ephemeralKeyPair":{"pubKey":"BWhdMbKNYkbfFfk/3pA7QuLFvnqd/mBsLfCWm5iRlExz","privKey":"8HngdOPVF6tUpFmt7vMdrzk51x/plY018OMxNmguoVw="},"lastRemoteEphemeralKey":"BXhutPjTVdYfgLAIaUNOuX0u8DCMRSLhL05irqdooDdc","previousCounter":0,"rootKey":"xu/LtVOxKOq4VveZ9tyORIZkp50jrNtVZ3lzWXTf/Eo="},"indexInfo":{"baseKey":"BU3KNJ0x55olTuZTEaKfXph4+rfVW11HglP9ZVW2L1Bh","baseKeyType":2,"closed":-1,"used":1742338577275,"created":1742338577275,"remoteIdentityKey":"BeTq3tNOri7djHpILBZgLHvv4oI2k44SjP21w2bUPkRH"},"_chains":{"BXhutPjTVdYfgLAIaUNOuX0u8DCMRSLhL05irqdooDdc":{"chainKey":{"counter":0,"key":"z8y7UmOc1D1YPNgLXzkSwcG3S+Li7I+atrTcD4UAm40="},"chainType":2,"messageKeys":{}},"BWhdMbKNYkbfFfk/3pA7QuLFvnqd/mBsLfCWm5iRlExz":{"chainKey":{"counter":-1,"key":"W/voCQNae09r9WTDD4tvfJpVuDQl1N+ZfDljvZ+Foh0="},"chainType":1,"messageKeys":{}}}}},"version":"v1"}