{"_sessions":{"BYMSA/yv2LPr8R45V/tlYljcKBU1I0nzOV4fSupm7JMz":{"registrationId":602337922,"currentRatchet":{"ephemeralKeyPair":{"pubKey":"Bfklc0EdHJVz8uIemAsR8dfFGMeCx7wjLdQ8xsDXbMEy","privKey":"QJby6r6d9rHE29EQ8PfcCPysUYsLIV4634CBbyCNB2Y="},"lastRemoteEphemeralKey":"BdyPs5tkNCZUoAHrQaS4zPUQk4a8nQ4wKSY1JANNdRZ/","previousCounter":0,"rootKey":"pn4UGW8pJ5bIiPxuhaqyO2J1IeTc2MwCIDDSW/7g1To="},"indexInfo":{"baseKey":"BYMSA/yv2LPr8R45V/tlYljcKBU1I0nzOV4fSupm7JMz","baseKeyType":2,"closed":-1,"used":1742338445494,"created":1742338445494,"remoteIdentityKey":"BWDFoWhdEIlcLKYZ4vDUttjRYFDDoo3S7yCDKZhdxZUq"},"_chains":{"BdyPs5tkNCZUoAHrQaS4zPUQk4a8nQ4wKSY1JANNdRZ/":{"chainKey":{"counter":1,"key":"P+Yj0ZyXAmwsPmk3igAOwAXQ15BFvvrU6h6bir4EFYU="},"chainType":2,"messageKeys":{}},"Bfklc0EdHJVz8uIemAsR8dfFGMeCx7wjLdQ8xsDXbMEy":{"chainKey":{"counter":-1,"key":"QqoM5x6M3J13iFECCZ0JUN+GeCcALLLH+yW1qjfwe0k="},"chainType":1,"messageKeys":{}}}}},"version":"v1"}