{"_sessions":{"BVPOyGikoNR5IqGjikI+YqJiMkSWt3hTmn9ope/p31cx":{"registrationId":1331279375,"currentRatchet":{"ephemeralKeyPair":{"pubKey":"BX3W3kfBUZUFU1jbEh70xan6TIks8ohUS/8rIlnX9u4w","privKey":"8BIy/Ut7N+LrdzJzBkAiCsrCORhf1CouI9q7qpyFOGg="},"lastRemoteEphemeralKey":"BRTuZl3CwXbNU2+8yUqLm/V6VRWCGiV2VjiND8Ii+Q8q","previousCounter":0,"rootKey":"Aqt4l34tjT2E8dbccX7otMZ7Bk/hSnvcKR7EpXIuOTU="},"indexInfo":{"baseKey":"BVPOyGikoNR5IqGjikI+YqJiMkSWt3hTmn9ope/p31cx","baseKeyType":1,"closed":-1,"used":1742271344250,"created":1742271344250,"remoteIdentityKey":"BaxOVQ00dxQ4hRdM8jZdJu0Ojeajaypg0E0wX0O7waJT"},"_chains":{"BX3W3kfBUZUFU1jbEh70xan6TIks8ohUS/8rIlnX9u4w":{"chainKey":{"counter":0,"key":"RZzwk06J1FeR/bcNXWRDe6El2V0PxM4vb/Fe12o6bRE="},"chainType":1,"messageKeys":{}}},"pendingPreKey":{"signedKeyId":7,"baseKey":"BVPOyGikoNR5IqGjikI+YqJiMkSWt3hTmn9ope/p31cx","preKeyId":5869373}}},"version":"v1"}