{"_sessions":{"BcX1+ue8PGuJpjQgi18MqtVDInn3X1tYu5Jc03ncE2hy":{"registrationId":646681481,"currentRatchet":{"ephemeralKeyPair":{"pubKey":"BdwxJYwisKX51Y9nURdPRlycqT9K3ixZP+oAukyIvx0y","privKey":"WNjGD8tx7unx1SDwycRBbnddJZ7yUHo8RfVRkDdAqUk="},"lastRemoteEphemeralKey":"BYxBH07A6fQaIxreytb/Zj0IP2B3ZgrDSPzFwr+NEw5V","previousCounter":0,"rootKey":"gqe+MyuHduBHUJAwNMlza3N2GNBM1/bykO1q60f9sfk="},"indexInfo":{"baseKey":"BcX1+ue8PGuJpjQgi18MqtVDInn3X1tYu5Jc03ncE2hy","baseKeyType":2,"closed":-1,"used":1742338445415,"created":1742338445415,"remoteIdentityKey":"BRQtMtXkfZDlSPo1raHBgU6gHfpg45vEEjrBYQG3r35X"},"_chains":{"BYxBH07A6fQaIxreytb/Zj0IP2B3ZgrDSPzFwr+NEw5V":{"chainKey":{"counter":0,"key":"3MXKxuMFPmTSVZdXq15y7TaSvGrPXGbJ33ahbBTIUds="},"chainType":2,"messageKeys":{}},"BdwxJYwisKX51Y9nURdPRlycqT9K3ixZP+oAukyIvx0y":{"chainKey":{"counter":-1,"key":"1VZV596744/QREzWWsbkrZSouY63sF9oCtU2p6Vcqyg="},"chainType":1,"messageKeys":{}}}}},"version":"v1"}