{"_sessions":{"BX1zwJV2ZEFXNblcdo0dKt7U+xgg6IML7kiNr1Ib0h53":{"registrationId":1307166913,"currentRatchet":{"ephemeralKeyPair":{"pubKey":"BQl1wLaCDeF8E8b3c85PXDo+RlRo6pzYH531pmfrMOBa","privKey":"2AiZwgi/4onYXw2JAgR4PiawVSA0+jC+114QE3qPhXU="},"lastRemoteEphemeralKey":"BVrjf2fLXqpvvFk6mHBJ4vKDHLcL0Fdr6TY3SehNtodA","previousCounter":0,"rootKey":"aVkYYjYTwju7o1p8D6RjIpamY9uA3HrkXV9ABIYYlXw="},"indexInfo":{"baseKey":"BX1zwJV2ZEFXNblcdo0dKt7U+xgg6IML7kiNr1Ib0h53","baseKeyType":2,"closed":-1,"used":1742309663786,"created":1742309663786,"remoteIdentityKey":"BZF8K6u4eUUInhJdoqi/+4zyNRtTKDppOIKUWT7RA5de"},"_chains":{"BVrjf2fLXqpvvFk6mHBJ4vKDHLcL0Fdr6TY3SehNtodA":{"chainKey":{"counter":1,"key":"18UFh8wkLJV2grYbH3Jsyaky/5nbp9aQAkGv4MIVTac="},"chainType":2,"messageKeys":{}},"BQl1wLaCDeF8E8b3c85PXDo+RlRo6pzYH531pmfrMOBa":{"chainKey":{"counter":-1,"key":"0t+biBlHUVH7S1+wOTvxW4Y5mTm8UFLGk9FllsEXmd4="},"chainType":1,"messageKeys":{}}}}},"version":"v1"}