{"_sessions":{"BW2Vgv7kTiBC6Jq1jLxD5pu6q1rYEIk37OLNT1YamB4p":{"registrationId":1777973984,"currentRatchet":{"ephemeralKeyPair":{"pubKey":"BUVqtdQbMvDIsvBimmHgS4CWgZtFt9ZNb1xeYAMW+HgJ","privKey":"gJegF3ehS6QuXe1JIy4qGjg0WlEN3UfF2PGT0cJMuXs="},"lastRemoteEphemeralKey":"BVrx4rXciP//qwcu7J8j4uTr79xDHoXrQUzdCJMOCzAy","previousCounter":0,"rootKey":"mVu1iySjibqnQddFhzGqPHe/z0JCHftBnpzIRNQvF00="},"indexInfo":{"baseKey":"BW2Vgv7kTiBC6Jq1jLxD5pu6q1rYEIk37OLNT1YamB4p","baseKeyType":2,"closed":-1,"used":1742448955546,"created":1742448955546,"remoteIdentityKey":"Bc5V+xFXSuhvEIkOwgSyGPXwFF8T5Wzf9hLk1TZz4GEq"},"_chains":{"BVrx4rXciP//qwcu7J8j4uTr79xDHoXrQUzdCJMOCzAy":{"chainKey":{"counter":0,"key":"p55WwzxFoxe+xR/Oq7u53M9YzDxyqrCYXBM6IRbCpQs="},"chainType":2,"messageKeys":{}},"BUVqtdQbMvDIsvBimmHgS4CWgZtFt9ZNb1xeYAMW+HgJ":{"chainKey":{"counter":-1,"key":"6WxNC09sn9al2shS2iTBZjXzQKMxsSmvXOls5G2H5+w="},"chainType":1,"messageKeys":{}}}}},"version":"v1"}