{"_sessions":{"BW+Q02Yq/ri9Q9N7zzlavfMo3ptvcHy2T5l5E/RvC6Iv":{"registrationId":1550562538,"currentRatchet":{"ephemeralKeyPair":{"pubKey":"BXY6ceycCDfIL14XxNADDYBkeh2bsT1IXz1uX7IBx1pQ","privKey":"UPrIyWhQhKtJ1A8Vot3hS726C50IBJE2qTCH/K8S/EY="},"lastRemoteEphemeralKey":"BVLYTunrlaEzHUMFeAG/pJc1WxSKbshhG4CsGWgGJeUM","previousCounter":0,"rootKey":"vb1sGoq8WpMojMk6PfKDeWz/5X0eTbVKKopPSQ/uz8o="},"indexInfo":{"baseKey":"BW+Q02Yq/ri9Q9N7zzlavfMo3ptvcHy2T5l5E/RvC6Iv","baseKeyType":2,"closed":-1,"used":1742376657823,"created":1742376657823,"remoteIdentityKey":"BVvZQzKCk3Wfb9KRm4presAcjVnVIU7jhk0gQsLltGYS"},"_chains":{"BVLYTunrlaEzHUMFeAG/pJc1WxSKbshhG4CsGWgGJeUM":{"chainKey":{"counter":0,"key":"+1J9pxQ1OF+OFkwG65GkFPkUzcEb/yR/0n/fEsUwoOA="},"chainType":2,"messageKeys":{}},"BXY6ceycCDfIL14XxNADDYBkeh2bsT1IXz1uX7IBx1pQ":{"chainKey":{"counter":-1,"key":"yTSB1WZibiCXpUiFfg22qKq8b68MW/x+BlbHCs9h420="},"chainType":1,"messageKeys":{}}}}},"version":"v1"}