{"_sessions":{"BdVwkJsHhqkkxcxlbFUknS/yF3cbed0W4vu1EA8q4IdL":{"registrationId":777694199,"currentRatchet":{"ephemeralKeyPair":{"pubKey":"Bfb3n7G2UPg8PrRR941wHWBbhMTW92ckxyDcF+PWIvQj","privKey":"UGLii5FxFEPkssAtx14EcboN1CMWByjEOUpvRRKahnI="},"lastRemoteEphemeralKey":"BW4N7os1UkxkEEO4U0qLrwamU0zM9Jmg3VsS0GgqhhYW","previousCounter":0,"rootKey":"AtrmoDsO+SK37FrxqRKbjrGOe8aHIY7kRvrJOh4CVHM="},"indexInfo":{"baseKey":"BdVwkJsHhqkkxcxlbFUknS/yF3cbed0W4vu1EA8q4IdL","baseKeyType":2,"closed":-1,"used":1742440466534,"created":1742440466534,"remoteIdentityKey":"BcJ/nSb+l9F6ACW8xMTqHTWcPY8+g3gQR70LbLWx7Vxy"},"_chains":{"BW4N7os1UkxkEEO4U0qLrwamU0zM9Jmg3VsS0GgqhhYW":{"chainKey":{"counter":2,"key":"ixRQFWDjHg2J47VLNvr4QGkdVT1bchET3Q7T7vcxGSc="},"chainType":2,"messageKeys":{"0":"T7azge5xtdjgM9nakjejlf9ImjapburQ7xHdyLiM6Hw="}},"Bfb3n7G2UPg8PrRR941wHWBbhMTW92ckxyDcF+PWIvQj":{"chainKey":{"counter":-1,"key":"pLUSH6ocW9Yn8dGuTzfKiOyVCJRlyr5qyO5JVECamsw="},"chainType":1,"messageKeys":{}}}}},"version":"v1"}