{"_sessions":{"Bd+anXMfeSAom9gN8JB3d5cYlfGRIVe/PkceWFFSXH0X":{"registrationId":572327535,"currentRatchet":{"ephemeralKeyPair":{"pubKey":"BRFq6UgA8IQ3TW4XhHQ2Z1VQElJYONGwrleYM+Jlnbxa","privKey":"MKveXe0Zw39khqXbfXsQMM/GYY/dZX6iD8uJ1ObsXGc="},"lastRemoteEphemeralKey":"BY31TYMA8p0lXQa112O0OnXR6k1kWDbeTzULHaHRIQgv","previousCounter":0,"rootKey":"W3vAy2U2C0TE+P/AVRdu6toMXuRPPEvkSwffJkYGKLc="},"indexInfo":{"baseKey":"Bd+anXMfeSAom9gN8JB3d5cYlfGRIVe/PkceWFFSXH0X","baseKeyType":1,"closed":1742271293891,"used":1742271292148,"created":1742271292148,"remoteIdentityKey":"BXC93KWrK4/+fJOgLMcWmZrtBLPvPaGiWC/IEp7JPPQl"},"_chains":{"BRFq6UgA8IQ3TW4XhHQ2Z1VQElJYONGwrleYM+Jlnbxa":{"chainKey":{"counter":0,"key":"K112KlhyxkP/NgMU+AkHU4KbbSLTgqRquAsO2nJVFdY="},"chainType":1,"messageKeys":{}}},"pendingPreKey":{"signedKeyId":51,"baseKey":"Bd+anXMfeSAom9gN8JB3d5cYlfGRIVe/PkceWFFSXH0X","preKeyId":6847021}},"BRpTjhjXLsYFdynJI/SCFjx1bfRc/kmj4f4ZVKeqa71Q":{"registrationId":572327535,"currentRatchet":{"ephemeralKeyPair":{"pubKey":"BblIs/c8+E9TTrU1Vh0W0WvX4DrtLFvImWn7Ps9I7NkO","privKey":"WH91brJ8uuqtyG25qmr9vF+Rnt9JTSd//LwPVvkiu24="},"lastRemoteEphemeralKey":"BY31TYMA8p0lXQa112O0OnXR6k1kWDbeTzULHaHRIQgv","previousCounter":0,"rootKey":"JZBBzaJAj1MQDUKeymlYgdR4BxD2goAdHwkiVjoLtA8="},"indexInfo":{"baseKey":"BRpTjhjXLsYFdynJI/SCFjx1bfRc/kmj4f4ZVKeqa71Q","baseKeyType":1,"closed":-1,"used":1742271293726,"created":1742271293726,"remoteIdentityKey":"BXC93KWrK4/+fJOgLMcWmZrtBLPvPaGiWC/IEp7JPPQl"},"_chains":{"BblIs/c8+E9TTrU1Vh0W0WvX4DrtLFvImWn7Ps9I7NkO":{"chainKey":{"counter":0,"key":"4VwEjPRaSkwbPtzeF8k9pQt7BcTKeJyjfqFHHLZ5g4U="},"chainType":1,"messageKeys":{}}},"pendingPreKey":{"signedKeyId":51,"baseKey":"BRpTjhjXLsYFdynJI/SCFjx1bfRc/kmj4f4ZVKeqa71Q","preKeyId":6847037}}},"version":"v1"}