{"_sessions":{"BYT8QJTTVCCy0pQPW4I3dLW1IbnVYmYV7wE1dETUGmEn":{"registrationId":2029525469,"currentRatchet":{"ephemeralKeyPair":{"pubKey":"BWD4/yYcR9c5LxYybqT7+3HbEZk8lmPSNDdpd+vMpoUk","privKey":"sCSsp80YiYWHTqBsc5NKojJWk1e290IQlwRn77YPZ1Y="},"lastRemoteEphemeralKey":"BR3atansHJx/iC8W8CRsoSZPEsoGZklr87SiZA2WxsED","previousCounter":0,"rootKey":"05FWUS+J2ijwjYsWyDhid6XXmOrkvENwaUl0g6HYi1I="},"indexInfo":{"baseKey":"BYT8QJTTVCCy0pQPW4I3dLW1IbnVYmYV7wE1dETUGmEn","baseKeyType":2,"closed":-1,"used":1742440467802,"created":1742440467802,"remoteIdentityKey":"BcNlrmeCrKjGjDzXz19Qbrt5TZyMf3vgsnkFe/GH7wFW"},"_chains":{"BR3atansHJx/iC8W8CRsoSZPEsoGZklr87SiZA2WxsED":{"chainKey":{"counter":1,"key":"+WrIU1VxhxqaL5uP6mxMzYplpHsSzCd1wYQ0G8pqrT0="},"chainType":2,"messageKeys":{}},"BWD4/yYcR9c5LxYybqT7+3HbEZk8lmPSNDdpd+vMpoUk":{"chainKey":{"counter":-1,"key":"K7cqFsz6L3IYvDsDNgidv5c8tssaiW38+9RntvVd76E="},"chainType":1,"messageKeys":{}}}}},"version":"v1"}