{"_sessions":{"BWqUBumXn6k/uqz3gW/MrBstrKZBo0aIRYZ09pZ7am5f":{"registrationId":749798299,"currentRatchet":{"ephemeralKeyPair":{"pubKey":"BcK0D3/FdUxnzmvoU4n+abAWp2UAgqykBKEjusixc150","privKey":"aHxfGLMNciO06NtSOUZsIJbZB4USveaiiUnH6dNRE08="},"lastRemoteEphemeralKey":"Bb1iretaVDWHn0ACV0YZFZz5enjMYg0CF0iGfL0kWbBu","previousCounter":0,"rootKey":"JmOU3OITmMshpnvKRv8IWRc+RyQ7gm+jTZBQSYAQiv0="},"indexInfo":{"baseKey":"BWqUBumXn6k/uqz3gW/MrBstrKZBo0aIRYZ09pZ7am5f","baseKeyType":2,"closed":-1,"used":1742280042034,"created":1742280042034,"remoteIdentityKey":"Bej8yPoyouwf4WnkbM15EW22NvGkbVK9m5j81s8kXZpC"},"_chains":{"Bb1iretaVDWHn0ACV0YZFZz5enjMYg0CF0iGfL0kWbBu":{"chainKey":{"counter":1,"key":"HWfm4J102CI4dwlYYrKngbfCf1g0ISsBDwBHUWGSx5k="},"chainType":2,"messageKeys":{}},"BcK0D3/FdUxnzmvoU4n+abAWp2UAgqykBKEjusixc150":{"chainKey":{"counter":-1,"key":"7pSKH50D2C27WIJ3kOBN5P8MUYZgotCdmUdGnxzBj6I="},"chainType":1,"messageKeys":{}}}}},"version":"v1"}