{"_sessions":{"BbjVdG5tRvFrK77hUM1CVHZ/v19DAIc2KBiMCDQLRd90":{"registrationId":413395460,"currentRatchet":{"ephemeralKeyPair":{"pubKey":"BZo5FMkbiYSYluLmjGylcdSPenglsgZ6xUeSpY6JxDJg","privKey":"eNYuL+CSorVA8ELZg2kOBSZZJb6OCswg4wyQ1PTFI0g="},"lastRemoteEphemeralKey":"Bc4B3TklBtXYsHg53/mEW4J2Hk+4emHP/drKAcObR+t9","previousCounter":0,"rootKey":"rlEHnT2qhHKnSMFPBqfMPPUeOYhbbfPJ4a1YQfsXAAs="},"indexInfo":{"baseKey":"BbjVdG5tRvFrK77hUM1CVHZ/v19DAIc2KBiMCDQLRd90","baseKeyType":2,"closed":-1,"used":1742451825325,"created":1742270166243,"remoteIdentityKey":"BUkNcWirdX/MV52PzL+SYuoUlMOfNZ2sei8WOMOGy7Nn"},"_chains":{"BTrYFuru0NEHWi8Y5hDDfBA1dxLzQo9DK01nJj+rqCQM":{"chainKey":{"counter":1},"chainType":2,"messageKeys":{}},"BYRjZeFKQhnZMjNxuLCwWhkkztah94Y2wwHBsux9II5i":{"chainKey":{"counter":0},"chainType":2,"messageKeys":{}},"BdhqOUjsDtd9iUhLTAmkqaYP4FpJHtULabo674wCBK0s":{"chainKey":{"counter":0},"chainType":2,"messageKeys":{}},"BQJrHD8bJ4P3BM3n6Ujty4SdBUVUlMLGMhoTEVruWSlo":{"chainKey":{"counter":0},"chainType":2,"messageKeys":{}},"BWy1/iAY5GHirVn8SEgm2vMELkTRlHHsXw8ItD8CbKM6":{"chainKey":{"counter":0},"chainType":2,"messageKeys":{}},"Ba8P8h/FpswbQ9e9PlT7/Bx7bWaZ2aPUNBrqJrt0htEJ":{"chainKey":{"counter":0},"chainType":2,"messageKeys":{}},"BcOVGlfruSdkyv6vJSEZKb/1NIhVUuNpHobl1eqBaT04":{"chainKey":{"counter":0},"chainType":2,"messageKeys":{}},"Bffv5Od09sOEWpvmu3zLHXRw/qW4DKh6nrAryg6Vyn8y":{"chainKey":{"counter":0},"chainType":2,"messageKeys":{}},"BUKav/+qm+KIjtdWta8hpqymEAsPALhBYB4E+itj/Ihp":{"chainKey":{"counter":0},"chainType":2,"messageKeys":{}},"BX85oQ4KOh24BV2PHdWgfGj5PwFjEGJVS07Q4ULS7g9M":{"chainKey":{"counter":0},"chainType":2,"messageKeys":{}},"BcwnGX++3/61KMqYXAeqVBsrqW4ePuxYM6KfnUUEI2s2":{"chainKey":{"counter":0},"chainType":2,"messageKeys":{}},"BRPswXBvRIBY0a5vXOAdOIS+l+qhjtq0ypvI2rgkNI9d":{"chainKey":{"counter":0},"chainType":2,"messageKeys":{}},"BWvkuUHwfVJVXr8V0LwCHW1fruqBVAp9ibp23r0e+nEX":{"chainKey":{"counter":0},"chainType":2,"messageKeys":{}},"BZQEhwkEtUN8Pcbnd+eNm2gNhV7fogCiEhgL8l8EYdB8":{"chainKey":{"counter":0},"chainType":2,"messageKeys":{}},"BcIAYmXXX+pBpnIjDkldK+Rihnj6cQRtbLqsHcmhMvFY":{"chainKey":{"counter":0},"chainType":2,"messageKeys":{}},"BeOnlKPq+qcVpcbvQKWOFhYTggWkHkv2fKP8RWwV2nUy":{"chainKey":{"counter":0},"chainType":2,"messageKeys":{}},"BZzwu0J7EaQtgd+oDHWpOMrgB6y+A8K/AjOEdRh3p+VX":{"chainKey":{"counter":0},"chainType":2,"messageKeys":{}},"BflZVj3ZBpHLca1bcgH6jZYegxJS0BoK5XqECOrAptML":{"chainKey":{"counter":0},"chainType":2,"messageKeys":{}},"BSEAAUFqs22KBOiTq33gXc7G8jXggtD6rxEap9JEWxYF":{"chainKey":{"counter":0},"chainType":2,"messageKeys":{}},"BcCqr3rkIk9zjs5ScL9AYH0YukCV6pd8HI4F+2rbhoI9":{"chainKey":{"counter":0},"chainType":2,"messageKeys":{}},"Bb4laWpoAdPjd9n6zlSvS0hNF2mRXTYLcLwV1kwL+7Ue":{"chainKey":{"counter":0},"chainType":2,"messageKeys":{}},"BWkcxvaVfFVxb6O9TlCLgrkVzFa6lAos9hKXqB2F+UkB":{"chainKey":{"counter":0},"chainType":2,"messageKeys":{}},"BWVG0xa5889ye5lo/mEbajF8yOeOjPyakj0THOj+4cZI":{"chainKey":{"counter":0},"chainType":2,"messageKeys":{}},"BTQeS7MDJQ/uPYT/B+MzA0LKFLFIIr6IJMv4Rai8spBO":{"chainKey":{"counter":0},"chainType":2,"messageKeys":{}},"Bf4J2Y72QDMROs525YvsLEM5ylNAbp+XL+uJ7r0JUogX":{"chainKey":{"counter":0},"chainType":2,"messageKeys":{}},"BcpH2klbkOzijGJy+Hn5pPYC39wCrwdQthwMmwZnWCAV":{"chainKey":{"counter":0},"chainType":2,"messageKeys":{}},"BZRsnb8SoRHKaVF5Fxlu0V1L/WSrYEdRJj63ghIRgBYa":{"chainKey":{"counter":1},"chainType":2,"messageKeys":{}},"BQNy3e4jIWI6L7VdwK+hZp0Rb3e02WBCm8CFuSzuaQxw":{"chainKey":{"counter":0},"chainType":2,"messageKeys":{}},"BVRyezbMi8gmOT3eNT+6QPf6uPdjl2uvINCoVL/Rmrc3":{"chainKey":{"counter":0},"chainType":2,"messageKeys":{}},"BX9z375DUDMH44Frejvu4rMMCrLODFZMPeASPuK72B8F":{"chainKey":{"counter":0},"chainType":2,"messageKeys":{}},"BXNcWh6Skj89O7YHkdPz8pz20YCYMOEI3iVoyu3aZch7":{"chainKey":{"counter":0},"chainType":2,"messageKeys":{}},"BV0VAlQL6HZzMjcwr/qpGLmKYXqON6bLNotCTdTuiER5":{"chainKey":{"counter":0},"chainType":2,"messageKeys":{}},"BWBFu2aaWnmCjcUVw9B0uUZn7V2gqyhHBO4O0hpXmicX":{"chainKey":{"counter":0},"chainType":2,"messageKeys":{}},"BXYfbHqGWsJWy1T1jlT9VCMqvto9BrqGHxhYBtoIWq1M":{"chainKey":{"counter":0},"chainType":2,"messageKeys":{}},"BTOluK7sm3upf8iXraPEk+n/K30NG3K68kqSsDKyhpwX":{"chainKey":{"counter":0},"chainType":2,"messageKeys":{}},"BS2LqMhILFhVLAyxRrRXkMMPjEz+DfzsvIWFkk59t5A5":{"chainKey":{"counter":0},"chainType":2,"messageKeys":{}},"BensXc9fhgZp7rdGQP2Y6mk3EUE7dboyyXrRgAgYdRgv":{"chainKey":{"counter":0},"chainType":2,"messageKeys":{}},"BfJYl0wTBSLXJLbPIi45n74gGiRRMGZtNsgey3iPDslQ":{"chainKey":{"counter":0},"chainType":2,"messageKeys":{}},"BYXQatYkp44KsP/6rLewx7aeCQj/eZqOZ1NgmssMWKdC":{"chainKey":{"counter":1},"chainType":2,"messageKeys":{}},"BV9wzl5zzfNTnMLlJeILa+hDJqgR8RpazMtCs4S8WDdA":{"chainKey":{"counter":0},"chainType":2,"messageKeys":{}},"BWbMZciIVuUJVSjwzx9Q1VLoAEr5+Q5MEWIpLw9nR3Uv":{"chainKey":{"counter":0},"chainType":2,"messageKeys":{}},"BaAhVVEE8HgkEIMZYTCAZSx0FvuFPGVLX+/b+jbHwzof":{"chainKey":{"counter":0},"chainType":2,"messageKeys":{}},"BRZsWHQN8SQy1RVw/Z1N14uuiXKGib3lPGW2J5lcHsAJ":{"chainKey":{"counter":0},"chainType":2,"messageKeys":{}},"BUVzlJ4Plpr2/Kldk5kDDJ8UgkSI4Z26sldPv7AoGZ1Q":{"chainKey":{"counter":2},"chainType":2,"messageKeys":{}},"BfFalT8AA6ATVLo1XxGKLZ6K9J7ya0OlYouIju/3IJRB":{"chainKey":{"counter":0},"chainType":2,"messageKeys":{}},"BSV8Aq5YndmOgX7+5evG4MinWevg2cT4ufKRvHbDl+wm":{"chainKey":{"counter":0},"chainType":2,"messageKeys":{}},"BduLceZz1+u/W3rZV8lmaAgIvvuawmq+3ThRwZii7JkW":{"chainKey":{"counter":0},"chainType":2,"messageKeys":{}},"BYPwNSIowjLaL1zxlNhZJJ7tTFJarA2A5SYKxKgkbfVE":{"chainKey":{"counter":0},"chainType":2,"messageKeys":{}},"BX3/kMjsX6/4Uk7IcIAPU5FT42RrI39XxtAD+D7XkRsx":{"chainKey":{"counter":0},"chainType":2,"messageKeys":{}},"BejB7d39vQFFsfRBzEY1CPrDqnKMxWARWwDTwc+DZUsY":{"chainKey":{"counter":0},"chainType":2,"messageKeys":{}},"BbMGAIPm+Yug+cVf6U1vaxC2Vs3+n9cCFljsmUd4jzwv":{"chainKey":{"counter":0},"chainType":2,"messageKeys":{}},"BVIayh0aD/dad6sr5gQXh5ZqVLpsspl0JcLXmkh6eW0I":{"chainKey":{"counter":0},"chainType":2,"messageKeys":{}},"BfkcD0lRTM+vacbXpNIEMpmroAg3wkLd8ZT0YlRZA/19":{"chainKey":{"counter":0},"chainType":2,"messageKeys":{}},"BfEB6CT1UB03ZycyE89C98UfpusnvLs8C2R8oXIyJEEA":{"chainKey":{"counter":0},"chainType":2,"messageKeys":{}},"BanScs4A/NOSYwTD+4sP+y3K39xIDJkpoTLI/zyJK1kJ":{"chainKey":{"counter":0},"chainType":2,"messageKeys":{}},"BesN1ddEaUi/NnUaoKdCY/xbX4IxI/pceOchyJjg3UhP":{"chainKey":{"counter":0},"chainType":2,"messageKeys":{}},"BRxfkc0Xo0WR0cgah71SGtYh99RI/GgBIgrPR5oslJYQ":{"chainKey":{"counter":0},"chainType":2,"messageKeys":{}},"BQCH2ynSnqs6Q1Bj1Mpql7Bt5yld+ntYfqwt0qaFS5RS":{"chainKey":{"counter":0},"chainType":2,"messageKeys":{}},"BQirDOVfmc7qmq7L8A6YatN7XMKni0IzG5GR7M2zp0g8":{"chainKey":{"counter":0},"chainType":2,"messageKeys":{}},"BcgBFZt2prTh5f1anXefnvgA9c7pXx6cK4sIBYh3QVp3":{"chainKey":{"counter":0},"chainType":2,"messageKeys":{}},"BQIaO8x4D//970PnSkN3zRZxsKo/RXFCmKUPUNm8NFEs":{"chainKey":{"counter":0},"chainType":2,"messageKeys":{}},"Bf8WgwURcifdNZLPOFWi2QmvOm83E6w1uXrl79KwHGpl":{"chainKey":{"counter":0},"chainType":2,"messageKeys":{}},"BRoUmfv2R3nbnqLXDwbN5P2+xYhNNFvEc4WOamHAIMkI":{"chainKey":{"counter":0},"chainType":2,"messageKeys":{}},"BWpDipo1VZNVsgrxHMynCfoR5sMYnIYP5t6uHKrduSEF":{"chainKey":{"counter":0},"chainType":2,"messageKeys":{}},"BXnMccKBxI2SFa55eMvhQfFkkj7O6LyOragzGZEM5TIl":{"chainKey":{"counter":1},"chainType":2,"messageKeys":{}},"BdlBrXPjuhD5RrTRO7KpDvJgFqHH+UTF41R6Ho1Br50b":{"chainKey":{"counter":1},"chainType":2,"messageKeys":{}},"BdV+XT/sjqodwFw2JMDGIiDe4ey90fy902RkVhHbusla":{"chainKey":{"counter":3},"chainType":2,"messageKeys":{"0":"2gh85YAzpiHeBdsJK/ukLppcF26Epay9PaJPFcsmiv0=","1":"z6z2NLmdbXlxGKY+UvLFnZZMwopcFjcBVn9YbVIuS3o="}},"Bc4B3TklBtXYsHg53/mEW4J2Hk+4emHP/drKAcObR+t9":{"chainKey":{"counter":0,"key":"OUQy4RBPkiyX+5Zi7tj8cwsJzDdC+Ho5Zzpd1vCvysk="},"chainType":2,"messageKeys":{}},"BZo5FMkbiYSYluLmjGylcdSPenglsgZ6xUeSpY6JxDJg":{"chainKey":{"counter":0,"key":"1jmacUnHpWGTiDpdb1XXZMGqrkJVxgzI1FwNkHWpJ7g="},"chainType":1,"messageKeys":{}}}}},"version":"v1"}