{"_sessions":{"BbijxGT8qUkA+3aHYI5JpLTIzf8ApuX/ZrcWTl02hPRN":{"registrationId":238873012,"currentRatchet":{"ephemeralKeyPair":{"pubKey":"BQNonqmoUo0k6C7HQ2EwW3Yt8p49ziGTMDyC7J9S88dw","privKey":"kCX/BglX+AmcPN4dI0ogdTEH3WExRruLcD1hMzrMHFg="},"lastRemoteEphemeralKey":"BUDz5xi5Iae7R+VdleHyd3mFyBT+WZQerWp2UXdkUxZd","previousCounter":0,"rootKey":"IRT9hqjj+n+aqUfMJxvr9WdcAYL82AchcPJFq6Wew/I="},"indexInfo":{"baseKey":"BbijxGT8qUkA+3aHYI5JpLTIzf8ApuX/ZrcWTl02hPRN","baseKeyType":2,"closed":-1,"used":1742338445078,"created":1742338445078,"remoteIdentityKey":"Baw+tlVNMX/YVnMKJETeXpEn+S9f1/Nvqn76V18qJMcG"},"_chains":{"BUDz5xi5Iae7R+VdleHyd3mFyBT+WZQerWp2UXdkUxZd":{"chainKey":{"counter":0,"key":"A68puSQWciFBoPzh1+xqsqqPNZBDfx+TIzBsKEeXEGU="},"chainType":2,"messageKeys":{}},"BQNonqmoUo0k6C7HQ2EwW3Yt8p49ziGTMDyC7J9S88dw":{"chainKey":{"counter":-1,"key":"Lgqn1zIpaWn/Bur0bpP3fIqXN9X4PGMpO0fk7XA3IrA="},"chainType":1,"messageKeys":{}}}}},"version":"v1"}