{"_sessions":{"Bf2NbNQiZKm4B6m1xkFDq9ZQ71dSXVuVBfw90adioLo7":{"registrationId":1204722271,"currentRatchet":{"ephemeralKeyPair":{"pubKey":"Beh4ArbbyNBnUVOvuc1kOlxGN2W4JztxQzyPHdRLCV4N","privKey":"KC/Hzik3YbIverleP50iHp74wW9ELcv0ZOwj/PeaxVk="},"lastRemoteEphemeralKey":"BcpmBfijiIS+M4pVoCxtarc78/kf1dV6Len5/aQoWRU4","previousCounter":0,"rootKey":"zZnk3eLogN57nRxjWYvtb1qnnxUc9k7hOp//4ejrzh8="},"indexInfo":{"baseKey":"Bf2NbNQiZKm4B6m1xkFDq9ZQ71dSXVuVBfw90adioLo7","baseKeyType":2,"closed":-1,"used":1742309661655,"created":1742309661655,"remoteIdentityKey":"BausP/AXP1KwERG2qBhtCoN2tookzNoiQG+iUruL+vst"},"_chains":{"BcpmBfijiIS+M4pVoCxtarc78/kf1dV6Len5/aQoWRU4":{"chainKey":{"counter":0,"key":"OrQ1bASdOal3MbdO1SCqMywoeDQ1Cs9SAfsYRUjv9os="},"chainType":2,"messageKeys":{}},"Beh4ArbbyNBnUVOvuc1kOlxGN2W4JztxQzyPHdRLCV4N":{"chainKey":{"counter":-1,"key":"8HhzdtLswPmm0JR8egndGvd5xLnvlZ2xp+8baN7XwnM="},"chainType":1,"messageKeys":{}}}}},"version":"v1"}