{"_sessions":{"BftuqKV5zKTNLmTmfuaEjaev4k1mM3fWNxXyNyT1Mfs/":{"registrationId":1456403689,"currentRatchet":{"ephemeralKeyPair":{"pubKey":"BROZiAg3goL5SV/BTfwzQG4yvvnt4jDcqYxPbkWOiG0u","privKey":"SNhppT5eJCt4o7Tu1j8CmalgLFYgx6PLIFmb1AKSZHE="},"lastRemoteEphemeralKey":"BcDtZpJJntnJ1Onpo9SnuLWk4yQVKeweLS+rjC9g9Q8h","previousCounter":1,"rootKey":"3X2zRYHMN97lzXNva51MtDTAGc6rAV8wGpaFUgRwcL4="},"indexInfo":{"baseKey":"BftuqKV5zKTNLmTmfuaEjaev4k1mM3fWNxXyNyT1Mfs/","baseKeyType":2,"closed":1742345200440,"used":1742271342283,"created":1742271286022,"remoteIdentityKey":"BYZOzVjtwA9R8GdCIuYXwMcP/wpvqTkMv8tc75BuxrcL"},"_chains":{"BWHFFhShZJ6PR5uPZhHvMTSgikbAhxL0RRVQLD3zd7dW":{"chainKey":{"counter":0},"chainType":2,"messageKeys":{}},"BcDtZpJJntnJ1Onpo9SnuLWk4yQVKeweLS+rjC9g9Q8h":{"chainKey":{"counter":0,"key":"CwAJi5yxKbDUcksMPH1VAEGMzB8Qyc/Vv2+aBNQwzRc="},"chainType":2,"messageKeys":{}},"BROZiAg3goL5SV/BTfwzQG4yvvnt4jDcqYxPbkWOiG0u":{"chainKey":{"counter":0,"key":"xn0Ff367TohRJWiV/Rv0Xbn25jGjYj7ZXOrrXu58HQE="},"chainType":1,"messageKeys":{}}}},"BYgSGKqYiKWx4vhu3kcSXsk0l5WJxol0iTs+KTnttOwc":{"registrationId":1456403689,"currentRatchet":{"ephemeralKeyPair":{"pubKey":"BdgRFUAE71ZaQPvIzBYDnnw4dD4vmn0NoD2p9LepZrJ9","privKey":"WOuafeNanc7LGjeNF3DQvjfGfE30BuTr13aPtuq8RnE="},"lastRemoteEphemeralKey":"Be4tyuU2EE6fGOGNDoNSkGMZXobQtrbTAxUc9QvkzYoy","previousCounter":0,"rootKey":"+aLA4Dp6OrapJCgzvHxvraMEW9GPx1PlWNZnA7R8XLI="},"indexInfo":{"baseKey":"BYgSGKqYiKWx4vhu3kcSXsk0l5WJxol0iTs+KTnttOwc","baseKeyType":2,"closed":1742440540479,"used":1742345200455,"created":1742345200455,"remoteIdentityKey":"BYZOzVjtwA9R8GdCIuYXwMcP/wpvqTkMv8tc75BuxrcL"},"_chains":{"Be4tyuU2EE6fGOGNDoNSkGMZXobQtrbTAxUc9QvkzYoy":{"chainKey":{"counter":0,"key":"gqvQ+Qry/WsX9u/f2nVqYh2C8oBQIYRrVBLhvbV5dIk="},"chainType":2,"messageKeys":{}},"BdgRFUAE71ZaQPvIzBYDnnw4dD4vmn0NoD2p9LepZrJ9":{"chainKey":{"counter":-1,"key":"u/9+9rHiuHVAaMqos4hrfrbj1gufzeX7qD2PyRe7zPw="},"chainType":1,"messageKeys":{}}}},"BaBzPjkUge6wTfedoLVdJbfMc165tYHLQU3gqv7DwO0J":{"registrationId":1456403689,"currentRatchet":{"ephemeralKeyPair":{"pubKey":"BXtupsQg3P4AcfmhczhGvQBcxwYL/9LgjQPCejTIEV9U","privKey":"aIukvG9aRaU2wHXuCEBzRYMtYjRXgjGNm9Z/ZthiX1s="},"lastRemoteEphemeralKey":"BZE9ElDlrwCjnxO2WbxqaocOLeMcGr22EH8YY05rJZ0h","previousCounter":0,"rootKey":"lFMY732KnMwUnHSDluzKcVOaHNF7gfGCdjmOW87Sg7g="},"indexInfo":{"baseKey":"BaBzPjkUge6wTfedoLVdJbfMc165tYHLQU3gqv7DwO0J","baseKeyType":2,"closed":-1,"used":1742440540504,"created":1742440540504,"remoteIdentityKey":"BYZOzVjtwA9R8GdCIuYXwMcP/wpvqTkMv8tc75BuxrcL"},"_chains":{"BZE9ElDlrwCjnxO2WbxqaocOLeMcGr22EH8YY05rJZ0h":{"chainKey":{"counter":3,"key":"CXniWngDErOjW9sUZXlYsCSZswupCwIEHbq/LwOfSyc="},"chainType":2,"messageKeys":{}},"BXtupsQg3P4AcfmhczhGvQBcxwYL/9LgjQPCejTIEV9U":{"chainKey":{"counter":-1,"key":"XgJIXI2ZFFUXCIonhheVV7Q/As/kq/zcoyuMmUUtTvs="},"chainType":1,"messageKeys":{}}}}},"version":"v1"}