{"_sessions":{"BW6K4rrLYAM2/eniDZyaGF6Pm5cKRyO+k7g0leuoMT9e":{"registrationId":177714759,"currentRatchet":{"ephemeralKeyPair":{"pubKey":"BfB1mbxseJ4liUafN19nmO0cPT+3Dhfhb0SIxssLu+5Y","privKey":"WHVeNdpfqlfa/dSRhJ84wvqE0O+YJoagOzo2/M5IxWo="},"lastRemoteEphemeralKey":"BcE+OyuHFulZBTP5TIlIIBOVfJ24thtqMnwM9s5LKXkA","previousCounter":0,"rootKey":"EW1b5mt1Sn/sIQ23HLBNNmqsscJPcfw3sLFGigkRb3A="},"indexInfo":{"baseKey":"BW6K4rrLYAM2/eniDZyaGF6Pm5cKRyO+k7g0leuoMT9e","baseKeyType":1,"closed":-1,"used":1742271344248,"created":1742271344248,"remoteIdentityKey":"Bdhhg+2lpqFPrLPqZq+2/deTxeudMZwKlc6Hpi6c1DwR"},"_chains":{"BfB1mbxseJ4liUafN19nmO0cPT+3Dhfhb0SIxssLu+5Y":{"chainKey":{"counter":0,"key":"IlibQr2dnZ/4GvTLqWWrBHEOAY4BQXgZwH6Vz1mLf34="},"chainType":1,"messageKeys":{}}},"pendingPreKey":{"signedKeyId":25,"baseKey":"BW6K4rrLYAM2/eniDZyaGF6Pm5cKRyO+k7g0leuoMT9e","preKeyId":5691448}}},"version":"v1"}