{"_sessions":{"BbhSZ0qLDrto18xCN52P7HZg6+21i7gvXw5Vl3VYDkJf":{"registrationId":931715650,"currentRatchet":{"ephemeralKeyPair":{"pubKey":"BdUe/uSJr6k0tBWqjNAKT8Z2pj8WHgFPli/SmpJYW9BR","privKey":"2KKF2cUTXbndCYiJQCd34lbyy/wZ5BoP+FhNUVXC9kI="},"lastRemoteEphemeralKey":"BZfJdaKJAWRXCXwYz5JNiCXjrq3dAv/dM5hSHi0f1eBE","previousCounter":0,"rootKey":"3ZaBvP0y+dIjviT4Y6i6AH4LzCaBdd1hZU9sm2UKYHk="},"indexInfo":{"baseKey":"BbhSZ0qLDrto18xCN52P7HZg6+21i7gvXw5Vl3VYDkJf","baseKeyType":2,"closed":-1,"used":1742309664251,"created":1742309664251,"remoteIdentityKey":"BS/eLhoWpnYi+1q63H9ggyx07+hS4m2t22ep3CnCwsNH"},"_chains":{"BZfJdaKJAWRXCXwYz5JNiCXjrq3dAv/dM5hSHi0f1eBE":{"chainKey":{"counter":1,"key":"UBESM3rFPV/RH1485L+4cDS5qBBKQZp7Q3+7/dr4q8o="},"chainType":2,"messageKeys":{"0":"2Mi4qWIvy1vRMWERHHpCihm3x4H7d9MXC5qvYUC+Tw0="}},"BdUe/uSJr6k0tBWqjNAKT8Z2pj8WHgFPli/SmpJYW9BR":{"chainKey":{"counter":-1,"key":"ud9RizTuUBVfgWtDdc5GoUFqvcnJCBbF+Nq9huMc+OY="},"chainType":1,"messageKeys":{}}}}},"version":"v1"}