{"_sessions":{"BcFqoOPaAUQg2i+Aii1fg8dl78N1adoFAPZcvAM/4wh8":{"registrationId":243665504,"currentRatchet":{"ephemeralKeyPair":{"pubKey":"BSt6H4A6OCplfJ5TOYuCovHKeR47h75nlCZyIips1r4k","privKey":"yBC4tncL0KCwMOLHAwcVUnwG231D0Dsi+5BTmHt0om4="},"lastRemoteEphemeralKey":"BfRCVkJurXic0CdxK+y45pe9bhsC0o3mvBpf+wDe5SpN","previousCounter":0,"rootKey":"kIaO60o6R7AWEUiIvEK8fg7LIJQlnu6Coi7NnJzQeEI="},"indexInfo":{"baseKey":"BcFqoOPaAUQg2i+Aii1fg8dl78N1adoFAPZcvAM/4wh8","baseKeyType":2,"closed":-1,"used":1742426016172,"created":1742426016172,"remoteIdentityKey":"BR7cwXp885fGJIXwZF9FAeRGWIos5mQPdww7Hi4KQMFm"},"_chains":{"BfRCVkJurXic0CdxK+y45pe9bhsC0o3mvBpf+wDe5SpN":{"chainKey":{"counter":5,"key":"Rk2yQqq9Gyu0gXssbdapemqFIlDLQAP8cbBb+vXNFGI="},"chainType":2,"messageKeys":{"0":"sa1Sr7qDNi15oItt67QdYae9tRXiBd6wHyal6F9FR2U=","1":"sXRI+8oVhH2kw+a/ONl6bLysNM3NTVrxwhi82Gv3f/w=","2":"ns7ob7vSgs25xGrcJT7xfNHZ8Rz1v4dUaS+5RnOgep8=","3":"IFIxIPz8yBtUo+udGnsjIspTJ4+0T+QvW1j2ET61dIs=","4":"gdty4C5ik9EVSrgxpsqunRLzzXDqwOU1lHBgOEVQCGI="}},"BSt6H4A6OCplfJ5TOYuCovHKeR47h75nlCZyIips1r4k":{"chainKey":{"counter":-1,"key":"/PgLDCctkxCEzn8BuCatyZTqKcaun4QQz0rl4D+pVXc="},"chainType":1,"messageKeys":{}}}}},"version":"v1"}