{"_sessions":{"BT66WZBPtYbH6IO5UGd+aKybx0msZa4q7DAHUrGKjwEd":{"registrationId":1622980859,"currentRatchet":{"ephemeralKeyPair":{"pubKey":"BTCeyPQR5Obm9Ttkjl8QHXVLkpn3VQJ5wA/6ZjxmjAYp","privKey":"sJSrLfsXA6fX1DMot3oSm6sKkpqpir7mo2Bt7T5A0UQ="},"lastRemoteEphemeralKey":"BcFrw1ai66VV+QcrhOgfFVjJJVu0D6qLudiaJukX4yFi","previousCounter":0,"rootKey":"9ntxGkAulAEY/oWgg6gO3B6AouYozanY46bvJMm7arw="},"indexInfo":{"baseKey":"BT66WZBPtYbH6IO5UGd+aKybx0msZa4q7DAHUrGKjwEd","baseKeyType":2,"closed":-1,"used":1742426017707,"created":1742426017707,"remoteIdentityKey":"BeCh7IkbSdnwjklBXHaLwwu6SAtnjMt8Nn97Rt0xaLIm"},"_chains":{"BcFrw1ai66VV+QcrhOgfFVjJJVu0D6qLudiaJukX4yFi":{"chainKey":{"counter":0,"key":"sACrzPelVmd61BHcosndYEYP7PUUtXT2WqUFsyybnVk="},"chainType":2,"messageKeys":{}},"BTCeyPQR5Obm9Ttkjl8QHXVLkpn3VQJ5wA/6ZjxmjAYp":{"chainKey":{"counter":-1,"key":"aaOf5Hfix6WTVfGSieZTFbW396Obg5u6YfdJ1lx1/D0="},"chainType":1,"messageKeys":{}}}}},"version":"v1"}