{"_sessions":{"BSTcFO8nUTFXfFxjYFq1ecLkudMULBCE8VflKDwGnoVn":{"registrationId":513952130,"currentRatchet":{"ephemeralKeyPair":{"pubKey":"BYTxkWk0kbs7dJLFRDNOk2XXAnQRoe41jKO26j8xOqBI","privKey":"iCD8PMB9sPJp7ZmaHAWjno1t858c/ZmTj8H+8w5q9Gg="},"lastRemoteEphemeralKey":"BRaE4RMRhwbEM1Sd2EWlVDrjV3KKY8mZXM2FjOfbuaJq","previousCounter":0,"rootKey":"GBwNDrWS9ezzBkfIwgi5QEa2IrgTPY1/SGkVPJexNTY="},"indexInfo":{"baseKey":"BSTcFO8nUTFXfFxjYFq1ecLkudMULBCE8VflKDwGnoVn","baseKeyType":1,"closed":1742271293903,"used":1742271292175,"created":1742271292175,"remoteIdentityKey":"BZ2BODqO59Zjo3iSnngr3EBYYB1bAbqI5b/ewVwVMWBb"},"_chains":{"BYTxkWk0kbs7dJLFRDNOk2XXAnQRoe41jKO26j8xOqBI":{"chainKey":{"counter":0,"key":"IHw8moqnqncwa8efDRlotzDjzjkxcFIvO9FMyr1XvoE="},"chainType":1,"messageKeys":{}}},"pendingPreKey":{"signedKeyId":17,"baseKey":"BSTcFO8nUTFXfFxjYFq1ecLkudMULBCE8VflKDwGnoVn","preKeyId":1879967}},"BQXCCLn52nDSW9aNqynGNeI7vIOXp6VYBqqbLStfsTdJ":{"registrationId":513952130,"currentRatchet":{"ephemeralKeyPair":{"pubKey":"BWhMFkOFo7g8tZAbqJBydZM5eNVkos5ZnAeZ2u2+Psxu","privKey":"8Icme6mwFIKETZhyhdy51ohBMd07jVtWDc5vm0qi4ko="},"lastRemoteEphemeralKey":"BT3Vi0buUiYd57CZ4vviIg/58dZNUzhxru0t/+R7OO5e","previousCounter":0,"rootKey":"Snlh6RmlewzzsZSk/NX0+pXppDNjlozFsgKWm9u7UKY="},"indexInfo":{"baseKey":"BQXCCLn52nDSW9aNqynGNeI7vIOXp6VYBqqbLStfsTdJ","baseKeyType":1,"closed":-1,"used":1742454665156,"created":1742271293753,"remoteIdentityKey":"BZ2BODqO59Zjo3iSnngr3EBYYB1bAbqI5b/ewVwVMWBb"},"_chains":{"BT3Vi0buUiYd57CZ4vviIg/58dZNUzhxru0t/+R7OO5e":{"chainKey":{"counter":5,"key":"cloxIBP7+wON5Qp0Ttz5ZNASjrMA0TN9J7gcTRHecnE="},"chainType":2,"messageKeys":{"0":"Zlc/9frEyZdBMHMJqra4IGKM4YnhCFaljVlogiNDQxU="}},"BWhMFkOFo7g8tZAbqJBydZM5eNVkos5ZnAeZ2u2+Psxu":{"chainKey":{"counter":-1,"key":"VZEp93JcO5zGLPx+RWpW837peax47rxu7rI7E6n/PVA="},"chainType":1,"messageKeys":{}}}}},"version":"v1"}