{"_sessions":{"BSiAPsCfZIzV5eTEA3IiSyLJB0Agg1xPl9CV1gOXHjJh":{"registrationId":764219232,"currentRatchet":{"ephemeralKeyPair":{"pubKey":"BbUjOwI+gJS5tkkMKnXFGcSD3/DhC/w99uWAFDRwe4YJ","privKey":"IE/gWJLb//V0IzJ1K3iXdbz+XFMKVEmX3iXKgFcVaVE="},"lastRemoteEphemeralKey":"BQZGmYTPOpALA3ygi8Kc83osotrA/iHSg4aNhbU53WkH","previousCounter":0,"rootKey":"v21FO4WVzWZgrqctGg+cAvV9JmvWFSzUvqezHEoGPpc="},"indexInfo":{"baseKey":"BSiAPsCfZIzV5eTEA3IiSyLJB0Agg1xPl9CV1gOXHjJh","baseKeyType":2,"closed":-1,"used":1742309664454,"created":1742309664454,"remoteIdentityKey":"BcVKvooDj41odpV4aGhhSgB29FYLeELh8Ip+m1RwiNNy"},"_chains":{"BQZGmYTPOpALA3ygi8Kc83osotrA/iHSg4aNhbU53WkH":{"chainKey":{"counter":0,"key":"HgV69xPYvcef4M2WPPDIbZ93jT7F2h2WJ6TGdXkEBaM="},"chainType":2,"messageKeys":{}},"BbUjOwI+gJS5tkkMKnXFGcSD3/DhC/w99uWAFDRwe4YJ":{"chainKey":{"counter":-1,"key":"nlaxa1naSN+77PiVcYUXHZdaNsd5CO6pyj9cnkAwIok="},"chainType":1,"messageKeys":{}}}}},"version":"v1"}