{"_sessions":{"Bb5dQ6WHgX8sSKN9Uf0fDc/R0tmt6WvW9ZeRlNzH6Ywk":{"registrationId":713690360,"currentRatchet":{"ephemeralKeyPair":{"pubKey":"Ba8yasLNqPSogDF+iR/uU/D9ZgAAJsWWEgdlfAheszIG","privKey":"IH66TvjJpW+biGgn/uok5A+1Jlka38OZASRHh7GsjGA="},"lastRemoteEphemeralKey":"BVFsSTM63Jz8oqtbM+3lmbFv+g4BbsR1D9efc+i3UJ8A","previousCounter":0,"rootKey":"aztgRhz3tfKypSmYSmgrHKcbCvb6BmFn1uJtvEBLtWw="},"indexInfo":{"baseKey":"Bb5dQ6WHgX8sSKN9Uf0fDc/R0tmt6WvW9ZeRlNzH6Ywk","baseKeyType":1,"closed":-1,"used":1742271344257,"created":1742271344257,"remoteIdentityKey":"BcTjWj+F/MGuFjDVpiWEA43F89rDioyd0ySONaww1O4D"},"_chains":{"Ba8yasLNqPSogDF+iR/uU/D9ZgAAJsWWEgdlfAheszIG":{"chainKey":{"counter":0,"key":"qFjwqYZmmOmwNlz7s1m2fccxBLDDa9Swn+PbR2g4Gew="},"chainType":1,"messageKeys":{}}},"pendingPreKey":{"signedKeyId":8,"baseKey":"Bb5dQ6WHgX8sSKN9Uf0fDc/R0tmt6WvW9ZeRlNzH6Ywk","preKeyId":12070375}}},"version":"v1"}