{"_sessions":{"BfkqQq7umMuyAB4Fs7/KNtLZ4XMTLIQAPRkBaJVgzpVN":{"registrationId":1507236772,"currentRatchet":{"ephemeralKeyPair":{"pubKey":"BRGplwas/h79IiOyScxy0Uf4ARqKZ2E1S80+GwSwl/0r","privKey":"cIbsabiK0JOqlvpi6j3Gz9m/9ylAjXFtwKc4gNqBE1Y="},"lastRemoteEphemeralKey":"BQ3nM2kF75GhAT6ttigCk32Z36ZuUy2cffSkG6DIPnpS","previousCounter":0,"rootKey":"HjdrEf5u3SLDtNLAJPU8Px5gV7cqipg8rm1h8HDmGnI="},"indexInfo":{"baseKey":"BfkqQq7umMuyAB4Fs7/KNtLZ4XMTLIQAPRkBaJVgzpVN","baseKeyType":2,"closed":-1,"used":1742309664716,"created":1742309664716,"remoteIdentityKey":"BZfbNT1aE9xasq/3JgbCRC7KUK1/JulGratndPFNzPtU"},"_chains":{"BQ3nM2kF75GhAT6ttigCk32Z36ZuUy2cffSkG6DIPnpS":{"chainKey":{"counter":10,"key":"X59PL5OQEoEBjU9u4hzokWKLTD0XDgSEgP2rjL1l1RQ="},"chainType":2,"messageKeys":{"4":"PX395ZKg5HvrtD6S5zn9SBQhGEq3KA7ygaDE6rXWHik=","5":"5G1avPQGyOiL/WRxH67PZspsajBzt2dtx0V/Xm0DSRY="}},"BRGplwas/h79IiOyScxy0Uf4ARqKZ2E1S80+GwSwl/0r":{"chainKey":{"counter":-1,"key":"qzSLAjL1yMFiwnXtuZ6Bxa7WaNASDdZ3BOxr/acqV+o="},"chainType":1,"messageKeys":{}}}}},"version":"v1"}