{"_sessions":{"BWk0YO12prJMXRKrbu3LAH6zEEKbWmdHn2HgzgvsiUMy":{"registrationId":271483146,"currentRatchet":{"ephemeralKeyPair":{"pubKey":"BWf1b5ZNn/VwojfrSJaRdISmOuOfZAg55xdb7GVnCC5Z","privKey":"eLWttNCo96UDZlavx8MjH4p3klBbQfABcCul7St1/Vc="},"lastRemoteEphemeralKey":"BWPaZLaGzVGHhlmTlBAy6lfDM/Z0pehQwtrmAh5l1Pts","previousCounter":0,"rootKey":"nM2rLYyx002msEomhycyuMC1+TBCSj8Xwa7x+BtvwTU="},"indexInfo":{"baseKey":"BWk0YO12prJMXRKrbu3LAH6zEEKbWmdHn2HgzgvsiUMy","baseKeyType":2,"closed":-1,"used":1742309662946,"created":1742309662946,"remoteIdentityKey":"BWGfUanzi8HVLIMiy8Y1uI5aNorXzmoGNudgO4W6pslD"},"_chains":{"BWPaZLaGzVGHhlmTlBAy6lfDM/Z0pehQwtrmAh5l1Pts":{"chainKey":{"counter":0,"key":"LhYEinm2qHbLrFJUtfKNHi4woLx4hdrsDTC1aaBwavQ="},"chainType":2,"messageKeys":{}},"BWf1b5ZNn/VwojfrSJaRdISmOuOfZAg55xdb7GVnCC5Z":{"chainKey":{"counter":-1,"key":"GpxZcxjzX/FuiZZDXSl2irIWO1Qr/nbJfEdfeFLwCNI="},"chainType":1,"messageKeys":{}}}}},"version":"v1"}