{"_sessions":{"Ba+dPdiBdg3Ocsus+WttkcaRNE0ty4lKyDaorCg6Os4f":{"registrationId":1254859051,"currentRatchet":{"ephemeralKeyPair":{"pubKey":"BdCtGvk0aWVPBfrAlq45qUnZPc1uP0tNmm/d0DdW7o44","privKey":"EL1FR1mmRfBOEuEH6uCTNrkjXPnmdvDsAuBMiHEPT1k="},"lastRemoteEphemeralKey":"BeqMNatGx5qUjEMWpnfgfdWZUjP5JGPoF1br9UgoomMl","previousCounter":0,"rootKey":"CZv/msm/s5yM/4+/Z0KUn59SE2OE1Hdq5iMDj3pa0eY="},"indexInfo":{"baseKey":"Ba+dPdiBdg3Ocsus+WttkcaRNE0ty4lKyDaorCg6Os4f","baseKeyType":1,"closed":-1,"used":1742271344255,"created":1742271344255,"remoteIdentityKey":"BdZ7rqW9pt/LQVkJ+fQ1i/ptf44cpksi9wuYWQRYARBI"},"_chains":{"BdCtGvk0aWVPBfrAlq45qUnZPc1uP0tNmm/d0DdW7o44":{"chainKey":{"counter":0,"key":"EEzj9G7vkCggqNImXTHB3T2jd9PUoyZTO2CVablOeB8="},"chainType":1,"messageKeys":{}}},"pendingPreKey":{"signedKeyId":36,"baseKey":"Ba+dPdiBdg3Ocsus+WttkcaRNE0ty4lKyDaorCg6Os4f","preKeyId":4619184}}},"version":"v1"}