{"_sessions":{"BUDt8+2t7sFhO+sQ3t5+j/dVXxEFiySjHYLaBfI73nNC":{"registrationId":1743609947,"currentRatchet":{"ephemeralKeyPair":{"pubKey":"BdfGbNypcnNMWiYtnt4U2zHG3eassZYuVmgvQuCp+5Un","privKey":"kGYE61dShZR2JkJDmXdBLvR9NnkEfKyjZZNiIcLjrWc="},"lastRemoteEphemeralKey":"BZJnvEcscTbkioEuAPdp1uttJFIExZoOCUQQJD4hjoMg","previousCounter":0,"rootKey":"ek1I3B7fMo/IjPKKrZQ0zycX0AlPpw2aEXakhnQFTuw="},"indexInfo":{"baseKey":"BUDt8+2t7sFhO+sQ3t5+j/dVXxEFiySjHYLaBfI73nNC","baseKeyType":1,"closed":1742271293887,"used":1742271292134,"created":1742271292134,"remoteIdentityKey":"BdRqlUQkiJVR1Z9CkC077c5pTSIo3aFUPOyMh5yE6vQN"},"_chains":{"BdfGbNypcnNMWiYtnt4U2zHG3eassZYuVmgvQuCp+5Un":{"chainKey":{"counter":0,"key":"AKiVIegANgWkaGEB66ylKDE37KO8UZf1+wZBbfc55BM="},"chainType":1,"messageKeys":{}}},"pendingPreKey":{"signedKeyId":73,"baseKey":"BUDt8+2t7sFhO+sQ3t5+j/dVXxEFiySjHYLaBfI73nNC","preKeyId":10640784}},"BbZMEwKgRnzOXkB14RiWaONLhqlKh91HLJrwmgAx1DU6":{"registrationId":1743609947,"currentRatchet":{"ephemeralKeyPair":{"pubKey":"BSEHxnhapFfwALl6qDKwsz5l0+XxyqX5xO63w0iGh3JQ","privKey":"0F/dFz9zpzeagdUvotTn0ygI5muANXZmRRqJSrhjGF4="},"lastRemoteEphemeralKey":"BZJnvEcscTbkioEuAPdp1uttJFIExZoOCUQQJD4hjoMg","previousCounter":0,"rootKey":"atyqiOksEpbXu3fdCcWZ8NCiQhGSgqfakm7vevjpfsA="},"indexInfo":{"baseKey":"BbZMEwKgRnzOXkB14RiWaONLhqlKh91HLJrwmgAx1DU6","baseKeyType":1,"closed":-1,"used":1742271293712,"created":1742271293712,"remoteIdentityKey":"BdRqlUQkiJVR1Z9CkC077c5pTSIo3aFUPOyMh5yE6vQN"},"_chains":{"BSEHxnhapFfwALl6qDKwsz5l0+XxyqX5xO63w0iGh3JQ":{"chainKey":{"counter":0,"key":"ari57o5axWr5NO6VYqH4H1HZB4EvLwHO5rl8PD9MsOo="},"chainType":1,"messageKeys":{}}},"pendingPreKey":{"signedKeyId":73,"baseKey":"BbZMEwKgRnzOXkB14RiWaONLhqlKh91HLJrwmgAx1DU6","preKeyId":10641288}}},"version":"v1"}