{"_sessions":{"BRhr1EaVAwIQrQ8aogXZhFw1Pc0mT2+e3O8kFAEGU1FO":{"registrationId":641312272,"currentRatchet":{"ephemeralKeyPair":{"pubKey":"BcJj7xDACNoARkj8h1NVPRZuIuMy0rSeiCnV2pxxMO1c","privKey":"cMjWMV/w+1f3eDfHtt2DSow7JRGcQhnr/0SXVqAEP3Q="},"lastRemoteEphemeralKey":"BUiEKjNV4iYPaNiYm5LHbmiHJue3WPTiMWvXt1DDoup0","previousCounter":0,"rootKey":"7hM8gSO6RMXTDvpKq06Ck7JdKSUjaHl16oYyMTi+j2c="},"indexInfo":{"baseKey":"BRhr1EaVAwIQrQ8aogXZhFw1Pc0mT2+e3O8kFAEGU1FO","baseKeyType":2,"closed":-1,"used":1742426010397,"created":1742426010397,"remoteIdentityKey":"BSA4sdgbgOsLfe17LuqcTUpm0QYpU3274d88mX/K5kMX"},"_chains":{"BUiEKjNV4iYPaNiYm5LHbmiHJue3WPTiMWvXt1DDoup0":{"chainKey":{"counter":0,"key":"z385JQVZS+dSpUCyfdsEgN5UzM17f3/U06dvW+wfUDc="},"chainType":2,"messageKeys":{}},"BcJj7xDACNoARkj8h1NVPRZuIuMy0rSeiCnV2pxxMO1c":{"chainKey":{"counter":-1,"key":"PVHf7gg0IjrkqRGaThljnsIN0yYWZh1hjXb9ZXpHXG0="},"chainType":1,"messageKeys":{}}}}},"version":"v1"}