{"_sessions":{"BQMllnuJl1QnNxJ1H1Ba5lmF5tkK+nKrLkPLG718ckQl":{"registrationId":1705374583,"currentRatchet":{"ephemeralKeyPair":{"pubKey":"BUxn7N1S6FVBi7tRwXMqwqefgqa2KbtRhKgQT+sZUdFY","privKey":"SN3/BSvhsZ5NFVMuUcsQCAEgkFm0H24QQptgO5DQQ3Y="},"lastRemoteEphemeralKey":"Ba2sAk1c0uXnm5QqoEZJwqOFLiIdGZfxtywJZFXYUx5S","previousCounter":0,"rootKey":"UNk65BbNf3PXLEeN4Jkoi0SWq47hGl+FOp+DVdtQKq0="},"indexInfo":{"baseKey":"BQMllnuJl1QnNxJ1H1Ba5lmF5tkK+nKrLkPLG718ckQl","baseKeyType":2,"closed":-1,"used":1742309663063,"created":1742309663063,"remoteIdentityKey":"BRUfDGZX+/oEaK5yPov9CPY179Yzc3po4JFJoRQEHa0X"},"_chains":{"Ba2sAk1c0uXnm5QqoEZJwqOFLiIdGZfxtywJZFXYUx5S":{"chainKey":{"counter":1,"key":"2s8wcJuSYNR9sTyd1SbSi9aLBHc84Q6SBjF/fMVG4+k="},"chainType":2,"messageKeys":{}},"BUxn7N1S6FVBi7tRwXMqwqefgqa2KbtRhKgQT+sZUdFY":{"chainKey":{"counter":-1,"key":"bg9ijra/Ly2aPv0TTe2jRedMUrlpT5efVR6vuVda7gQ="},"chainType":1,"messageKeys":{}}}}},"version":"v1"}