{"_sessions":{"Bbo4Lku5T78FulFgcISAHhNaLFi9mVGMMsGhZ0efZOQh":{"registrationId":11227,"currentRatchet":{"ephemeralKeyPair":{"pubKey":"BTo7WwYPjHa+5aIdFYQmG7BnVSlnFVDta7DqyfFMUQoH","privKey":"OD0pHnd2SrIW7GWMidecNEYCaBJnNDiGk1laQuSg8Fk="},"lastRemoteEphemeralKey":"BS9zm43p1y5aqWfPJsxECe0fEzVJoynzLEY+a1oza+xJ","previousCounter":0,"rootKey":"eA7Y1lCwFEE94PFyGYiT4kYI2actRhZmKf+NNs7lWkE="},"indexInfo":{"baseKey":"Bbo4Lku5T78FulFgcISAHhNaLFi9mVGMMsGhZ0efZOQh","baseKeyType":1,"closed":1742271293097,"used":1742271291277,"created":1742271291277,"remoteIdentityKey":"BXrOdAnNEEIMrSMlu5OVEtglpyhqhBUL9ijZulbw5Hky"},"_chains":{"BTo7WwYPjHa+5aIdFYQmG7BnVSlnFVDta7DqyfFMUQoH":{"chainKey":{"counter":0,"key":"Lj0D5v649I81eDkOeL3/oNvKbkNMIjVoUrfJGkA53Ng="},"chainType":1,"messageKeys":{}}},"pendingPreKey":{"signedKeyId":4,"baseKey":"Bbo4Lku5T78FulFgcISAHhNaLFi9mVGMMsGhZ0efZOQh","preKeyId":3182}},"Bd3uW/bal8IYTBoOtSrjcP9iZIW+nkGYOlLkbkjNJdoh":{"registrationId":11227,"currentRatchet":{"ephemeralKeyPair":{"pubKey":"BSAUTuXK6R4jH0H0E55avUH/4ylJaRGMgK4S7GKEpMFP","privKey":"wB3yenvnyw5V5Ne3m/auSdYgrEHV+CVDg+Ie3rliT20="},"lastRemoteEphemeralKey":"BS9zm43p1y5aqWfPJsxECe0fEzVJoynzLEY+a1oza+xJ","previousCounter":0,"rootKey":"s4LnQV3rBtUzKzEwhhey469uS/LjByl69dGmvoq0J9A="},"indexInfo":{"baseKey":"Bd3uW/bal8IYTBoOtSrjcP9iZIW+nkGYOlLkbkjNJdoh","baseKeyType":1,"closed":-1,"used":1742271292977,"created":1742271292977,"remoteIdentityKey":"BXrOdAnNEEIMrSMlu5OVEtglpyhqhBUL9ijZulbw5Hky"},"_chains":{"BSAUTuXK6R4jH0H0E55avUH/4ylJaRGMgK4S7GKEpMFP":{"chainKey":{"counter":0,"key":"s6uNZrN+2cC5y24sdDNuQoGroprf4QcfQT/Cl2xyQmY="},"chainType":1,"messageKeys":{}}},"pendingPreKey":{"signedKeyId":4,"baseKey":"Bd3uW/bal8IYTBoOtSrjcP9iZIW+nkGYOlLkbkjNJdoh","preKeyId":3100}}},"version":"v1"}