{"_sessions":{"BdLpxe+iOOrsOs9UqPDd40K+KEF0rLBJP0rEB5OUhQgE":{"registrationId":2125470216,"currentRatchet":{"ephemeralKeyPair":{"pubKey":"BVPgl2VL3tKly/oMHhjrgh3m9dsahBAK+PwP290EJo4w","privKey":"sHr7Vyr9TQMpAVVfQ1vlGIfUCCm1wmzjMGNHvmNrLkA="},"lastRemoteEphemeralKey":"BVeuqp2x0NoCSoGRymmdgQPVHAPabjwRPadCzI4gd1ky","previousCounter":0,"rootKey":"n2NwmNb5lcguFDs9NwbXhAkPn8ppSwGkAFkSVkXATX0="},"indexInfo":{"baseKey":"BdLpxe+iOOrsOs9UqPDd40K+KEF0rLBJP0rEB5OUhQgE","baseKeyType":2,"closed":-1,"used":1742450568472,"created":1742450568472,"remoteIdentityKey":"BRoWl5gh/likVzG03GUZ1CUj+irCwxSKHqFqvaLXm34+"},"_chains":{"BVeuqp2x0NoCSoGRymmdgQPVHAPabjwRPadCzI4gd1ky":{"chainKey":{"counter":0,"key":"yphiKP9pjsCLbYzE0U1PXSyOE7LA5upm+UaYNrwYkKI="},"chainType":2,"messageKeys":{}},"BVPgl2VL3tKly/oMHhjrgh3m9dsahBAK+PwP290EJo4w":{"chainKey":{"counter":-1,"key":"T+g5CYG5fbXjjslxPt9X2hxgTNu0gLMY3WTFskV9TKA="},"chainType":1,"messageKeys":{}}}}},"version":"v1"}