{"_sessions":{"BcvVI45UulXbkAqvE7ziW/yBi1lzEnsJ1g9yBsUs3aMA":{"registrationId":783997518,"currentRatchet":{"ephemeralKeyPair":{"pubKey":"Bbn2MO5AejMU5tcE54soAqB5Ol3iPuFjkI7W9EiO2Dg0","privKey":"mLVrj8QZ9ldMtaNgybx5r2iElubGdbJF7K5n+1EOelQ="},"lastRemoteEphemeralKey":"Bb+4J0//EX2O8s4XY6vOfBwVEAtln/iIUDtcwDsp6XEy","previousCounter":0,"rootKey":"F8ivQbhAzV2hqyIZF7I+N7aZodS3uxuME8XD7tlwKp4="},"indexInfo":{"baseKey":"BcvVI45UulXbkAqvE7ziW/yBi1lzEnsJ1g9yBsUs3aMA","baseKeyType":2,"closed":-1,"used":1742454219716,"created":1742454219716,"remoteIdentityKey":"BSDgJhCd56LPcPpRrgoTx+yvnivn17EWe8ryhMXBS8Bc"},"_chains":{"Bb+4J0//EX2O8s4XY6vOfBwVEAtln/iIUDtcwDsp6XEy":{"chainKey":{"counter":0,"key":"ThkgaFmpnS5/fOHeWXfHG15Q3gtSUUxiHw/InHcwiU4="},"chainType":2,"messageKeys":{}},"Bbn2MO5AejMU5tcE54soAqB5Ol3iPuFjkI7W9EiO2Dg0":{"chainKey":{"counter":-1,"key":"+7jL5+GDFTnKp7jPlbsCzPbD+acScCmqW5Nk5tsGjPg="},"chainType":1,"messageKeys":{}}}}},"version":"v1"}