{"_sessions":{"BfZyfQFl6WwYaMRT72fk7CbwsQfglLI33PnO9hRHAuQu":{"registrationId":1798881583,"currentRatchet":{"ephemeralKeyPair":{"pubKey":"BT1Kpo8Js37QQmkP/KH7Q6hU0FkbudJ760/lky+lUa5p","privKey":"6B16foswAJVKN65vg1VQU/6ANp7R+XJ1bzFbz4wI9Uw="},"lastRemoteEphemeralKey":"BSTL5X3yZRUc41T1PV9pfp5Gk2N96kq+l10mWPCYpvFp","previousCounter":0,"rootKey":"VUNLuy2X/5ky/gfghELd75ZXuHhfcWwtM17cNcouIWo="},"indexInfo":{"baseKey":"BfZyfQFl6WwYaMRT72fk7CbwsQfglLI33PnO9hRHAuQu","baseKeyType":2,"closed":-1,"used":1742426013358,"created":1742426013358,"remoteIdentityKey":"BVsm/ra0yYGHDpmDQ3omLwkL73QRjeOt73Q5cMwGYhYb"},"_chains":{"BSTL5X3yZRUc41T1PV9pfp5Gk2N96kq+l10mWPCYpvFp":{"chainKey":{"counter":3,"key":"PdrJdfK27lLYaLI8yVicKKVHiFyfpxyypPBBP6+Atj4="},"chainType":2,"messageKeys":{}},"BT1Kpo8Js37QQmkP/KH7Q6hU0FkbudJ760/lky+lUa5p":{"chainKey":{"counter":-1,"key":"OPf60PU9QsCGTPftfJeZMfd5kcBYFC98pT5dESE5mSg="},"chainType":1,"messageKeys":{}}}}},"version":"v1"}