{"_sessions":{"BVVybQ7vQajx/zXCfkTrMZOIt2VwiDwVr5zRtWzA2uI6":{"registrationId":926641391,"currentRatchet":{"ephemeralKeyPair":{"pubKey":"BXIJUpynqPbzNyAbsyxyZ5+gPfrPf556SitvSHZkz+wj","privKey":"YOnxgSSJOHniX1dZq3N3M1te7uAivSWw5fSUqyxmQFY="},"lastRemoteEphemeralKey":"BTm6nB5wGPEZnaOSDFzjmfo/LBcz69cXtWQGfhqT8Sso","previousCounter":0,"rootKey":"wApV9eJXWAW682/iDuttzUKhQP7dqzk0Xn7RohiflaY="},"indexInfo":{"baseKey":"BVVybQ7vQajx/zXCfkTrMZOIt2VwiDwVr5zRtWzA2uI6","baseKeyType":1,"closed":1742271293080,"used":1742271291220,"created":1742271291220,"remoteIdentityKey":"Bf0NgVwim4sEcl8j9fP3fSMN/lrfOwRd075Vb0vry38z"},"_chains":{"BXIJUpynqPbzNyAbsyxyZ5+gPfrPf556SitvSHZkz+wj":{"chainKey":{"counter":0,"key":"fvqJ3if4yxjDhxpnHwGTW5rSF2JbczwwHbioJKVaLuc="},"chainType":1,"messageKeys":{}}},"pendingPreKey":{"signedKeyId":1,"baseKey":"BVVybQ7vQajx/zXCfkTrMZOIt2VwiDwVr5zRtWzA2uI6","preKeyId":2379}},"BYDmw5W9XuxpOOdnEM73744ziNutte3B8gm33bUtnax9":{"registrationId":926641391,"currentRatchet":{"ephemeralKeyPair":{"pubKey":"Bdq0iMOaFT8q6bsiiAiDUzd9vm2C1rXl8JUuH0k00yhc","privKey":"AN7qgOH2OEOm/HuHCkxvnX9VY+jsOpsRdDpIWs4njH8="},"lastRemoteEphemeralKey":"BTm6nB5wGPEZnaOSDFzjmfo/LBcz69cXtWQGfhqT8Sso","previousCounter":0,"rootKey":"Mz5SWG0DKqsaJd3lYkT6nCDbg3MW8bpfTFIjMIa8wBQ="},"indexInfo":{"baseKey":"BYDmw5W9XuxpOOdnEM73744ziNutte3B8gm33bUtnax9","baseKeyType":1,"closed":-1,"used":1742271292923,"created":1742271292923,"remoteIdentityKey":"Bf0NgVwim4sEcl8j9fP3fSMN/lrfOwRd075Vb0vry38z"},"_chains":{"Bdq0iMOaFT8q6bsiiAiDUzd9vm2C1rXl8JUuH0k00yhc":{"chainKey":{"counter":0,"key":"26RlZZhwhdc1iMcoM/IEU/eWOyg6lSIiyUFgp4EmqoY="},"chainType":1,"messageKeys":{}}},"pendingPreKey":{"signedKeyId":1,"baseKey":"BYDmw5W9XuxpOOdnEM73744ziNutte3B8gm33bUtnax9","preKeyId":2412}}},"version":"v1"}