{"_sessions":{"BdyfMKNErVXqeP58FqFpm1U8SmQ8Kk8d9iEcxSvnQC93":{"registrationId":1207859359,"currentRatchet":{"ephemeralKeyPair":{"pubKey":"BWsiW7/Bf4QVtVQ5c1F03hK/ksWHTDwNvU7rk89x+JMt","privKey":"+Md0QwrqKI3H23rYpu+DRwA6xKKWCMluE+G2JMVsT3s="},"lastRemoteEphemeralKey":"BetxuIWJwNcehOTruItH9MsCEXMS+6GpirA2d7BKjmAx","previousCounter":0,"rootKey":"JvFhes7llt5fSTcwfo4DA3hytGgg8yo1NK0ZULR8KeQ="},"indexInfo":{"baseKey":"BdyfMKNErVXqeP58FqFpm1U8SmQ8Kk8d9iEcxSvnQC93","baseKeyType":2,"closed":-1,"used":1742426014595,"created":1742426014595,"remoteIdentityKey":"BSaOtsvxxtO2Dqinc1hiUhc2AAw/tEtEbRLPqoBoTe8e"},"_chains":{"BetxuIWJwNcehOTruItH9MsCEXMS+6GpirA2d7BKjmAx":{"chainKey":{"counter":0,"key":"zXZojgKbiLYQ4rE6tAfvqKIK6LwUb8JVcic6am2L0O8="},"chainType":2,"messageKeys":{}},"BWsiW7/Bf4QVtVQ5c1F03hK/ksWHTDwNvU7rk89x+JMt":{"chainKey":{"counter":-1,"key":"PhKA3TJy/Ytq3vah5rTQw8nkOXXWM4P8PEm0Jnf5tJQ="},"chainType":1,"messageKeys":{}}}}},"version":"v1"}