{"_sessions":{"BfTRrmmbZi3HTkm8Qy4dpPWlO7J8ZRLwx/EN5eTuFjU1":{"registrationId":48740268,"currentRatchet":{"ephemeralKeyPair":{"pubKey":"Bfi3QhmEh2Yle/Q61tL6Aag9LYwq2Qb5ZimJ/D/e11da","privKey":"sLPo+XmPpSF9vPTz6k9bwtFF/OM6rvkQ9wv7ZTG9UUY="},"lastRemoteEphemeralKey":"Bf6lrUQObYvPig2ZCHkvUErdAI+YaCgJ6kfWdqdxPNdB","previousCounter":0,"rootKey":"gbK96FFTtZ0NrQAE5pbAybRJZOPp/5kC6/ifRRBe8B4="},"indexInfo":{"baseKey":"BfTRrmmbZi3HTkm8Qy4dpPWlO7J8ZRLwx/EN5eTuFjU1","baseKeyType":1,"closed":1742271293117,"used":1742271291344,"created":1742271291344,"remoteIdentityKey":"BSY/J5LNb+XW5buLdkStGM9a4kB2Ad4F6fxCv2VEf8Ns"},"_chains":{"Bfi3QhmEh2Yle/Q61tL6Aag9LYwq2Qb5ZimJ/D/e11da":{"chainKey":{"counter":0,"key":"xBOsIWvs/fyxVR9WpL76+M+e545WySZW9+P1o3bb1Is="},"chainType":1,"messageKeys":{}}},"pendingPreKey":{"signedKeyId":5908711,"baseKey":"BfTRrmmbZi3HTkm8Qy4dpPWlO7J8ZRLwx/EN5eTuFjU1","preKeyId":38095}},"BSaOuBw6KNcH7rhXSKDJvpvti/ydeFG9s/XkED15rGwb":{"registrationId":48740268,"currentRatchet":{"ephemeralKeyPair":{"pubKey":"BTXBdbQKOcgXssawyLcSo6FGg2DnBJXW0aZn2jN/rU1+","privKey":"uMxqFjk4cJxo1VVjJgSBkSrdegsFkbuPeRyned73h28="},"lastRemoteEphemeralKey":"Bf6lrUQObYvPig2ZCHkvUErdAI+YaCgJ6kfWdqdxPNdB","previousCounter":0,"rootKey":"u5Wm4vkIqvepA7PpUZIZYWL5U4Uf4ykEkFo3KnLkGdk="},"indexInfo":{"baseKey":"BSaOuBw6KNcH7rhXSKDJvpvti/ydeFG9s/XkED15rGwb","baseKeyType":1,"closed":-1,"used":1742271293044,"created":1742271293044,"remoteIdentityKey":"BSY/J5LNb+XW5buLdkStGM9a4kB2Ad4F6fxCv2VEf8Ns"},"_chains":{"BTXBdbQKOcgXssawyLcSo6FGg2DnBJXW0aZn2jN/rU1+":{"chainKey":{"counter":0,"key":"Yui9YGGzuqWXqRx7tVKErmG94qu+F/A0PpZBES8TwmE="},"chainType":1,"messageKeys":{}}},"pendingPreKey":{"signedKeyId":5908711,"baseKey":"BSaOuBw6KNcH7rhXSKDJvpvti/ydeFG9s/XkED15rGwb","preKeyId":38114}}},"version":"v1"}