{"_sessions":{"Bfv5etzPRnxU+xncMNUwZgb9oORxaGDEvB9vszP7WCNq":{"registrationId":1148658766,"currentRatchet":{"ephemeralKeyPair":{"pubKey":"BW8Zd33E9lm1YpTIDchseeGgfd4Ppl0psvUJ8xAb/Dto","privKey":"ACVZINEIwPESZzY+tdjPZfOmODvPxyyPPJ/XPOpWzXA="},"lastRemoteEphemeralKey":"BdaCc7e/xlKnY4UKqieOLBRVy7YCY9WDqb0rcO9lx+cJ","previousCounter":0,"rootKey":"G7Iy9Iw1/tuIWn2yO1uoQRERSsMmx2GpO5zlS8LfGCg="},"indexInfo":{"baseKey":"Bfv5etzPRnxU+xncMNUwZgb9oORxaGDEvB9vszP7WCNq","baseKeyType":2,"closed":-1,"used":1742309673216,"created":1742309673216,"remoteIdentityKey":"BbWlcXVLZdfDf5dTI/u+ALSQJ2nFz4vEDim6FU0A1H54"},"_chains":{"BdaCc7e/xlKnY4UKqieOLBRVy7YCY9WDqb0rcO9lx+cJ":{"chainKey":{"counter":0,"key":"UKhvwT2Bj/k52GSmGLs4nx0LW+yhT5wNMVrCeG9VOtA="},"chainType":2,"messageKeys":{}},"BW8Zd33E9lm1YpTIDchseeGgfd4Ppl0psvUJ8xAb/Dto":{"chainKey":{"counter":-1,"key":"0EyIfLc6LB6lcI0xuVf+UKo01F/3XTvnEp3soigfLBc="},"chainType":1,"messageKeys":{}}}}},"version":"v1"}