{"_sessions":{"BUYWtKiQVQBnXDobtv/ciiAn4kDNXHNGaqFGARWLghJR":{"registrationId":139368808,"currentRatchet":{"ephemeralKeyPair":{"pubKey":"BU49auvlW1Dci1mU95tj4tQ03ICGR7+BX/BI/HTcrX5g","privKey":"uOx16eixK/UwgGdGZvtcv3tn62bgBJJcFUIVHnKmo3c="},"lastRemoteEphemeralKey":"BXzxt4beyUsa/sJ7y0d4lbrEQsmBo9AjpppY4YQ9YiBT","previousCounter":0,"rootKey":"0NLKCmIpf5nUJVRBJFCdQ00t9teftpzXaCQrYI+bS68="},"indexInfo":{"baseKey":"BUYWtKiQVQBnXDobtv/ciiAn4kDNXHNGaqFGARWLghJR","baseKeyType":2,"closed":-1,"used":1742271887580,"created":1742271887580,"remoteIdentityKey":"BYSVi4GKS7M1nEEBrJQQz9L1ztjpNxieMTl2IONNcNMD"},"_chains":{"BXzxt4beyUsa/sJ7y0d4lbrEQsmBo9AjpppY4YQ9YiBT":{"chainKey":{"counter":0,"key":"pGvpHzTQ3VKHJRZPl9M54VmAVjzJbIQ8J7EjB03Kdak="},"chainType":2,"messageKeys":{}},"BU49auvlW1Dci1mU95tj4tQ03ICGR7+BX/BI/HTcrX5g":{"chainKey":{"counter":-1,"key":"+nm/NFm4C/+8NU+8G5bvHs1mE+Nmqb7lbA4hJTglK+8="},"chainType":1,"messageKeys":{}}}}},"version":"v1"}