{"_sessions":{"BcHedBBvTiJkP73+8+0LY4x4YJmhO2LGDUouZ1l8tFBw":{"registrationId":715203995,"currentRatchet":{"ephemeralKeyPair":{"pubKey":"BSJkkAe8kzWJx/GFYqM6AGs5ULp2Eak/bJztKcxbqfUW","privKey":"SMxmUqkMuJdqjh9eHlLc7lBOoFzS4NovM4WR2etbk08="},"lastRemoteEphemeralKey":"BWDfkrygwOIEbnW9iNnsJutCSypqsFYV+KBjz3PgWGgR","previousCounter":0,"rootKey":"sEki2TRmL2aKk8Rppq9CAqnqyBc8PJKukZ5FxdLKfIU="},"indexInfo":{"baseKey":"BcHedBBvTiJkP73+8+0LY4x4YJmhO2LGDUouZ1l8tFBw","baseKeyType":1,"closed":1742271293895,"used":1742271292160,"created":1742271292160,"remoteIdentityKey":"BTSI+B1q05L7GJf38zMQhHvD5NqBE7Aqn87vAPwDmJJc"},"_chains":{"BSJkkAe8kzWJx/GFYqM6AGs5ULp2Eak/bJztKcxbqfUW":{"chainKey":{"counter":0,"key":"w3jx9q77DPF2wE4/gQV+6bXixKCnj9+v5Q25vo6eUK0="},"chainType":1,"messageKeys":{}}},"pendingPreKey":{"signedKeyId":4,"baseKey":"BcHedBBvTiJkP73+8+0LY4x4YJmhO2LGDUouZ1l8tFBw","preKeyId":9130877}},"BR4DxfyA6ifGDR9NWiw7ukK6gPDuhoT934Kb44Jxat84":{"registrationId":715203995,"currentRatchet":{"ephemeralKeyPair":{"pubKey":"BXmvzAtI5LKNPdnt3mo2wG3VWyldT0StA2QSkTD0PzNZ","privKey":"MDpLBIHjTOhISEDtrB27VepinUDM1PtIg8tW3ILI2XM="},"lastRemoteEphemeralKey":"BWDfkrygwOIEbnW9iNnsJutCSypqsFYV+KBjz3PgWGgR","previousCounter":0,"rootKey":"W0E30sZ6aAfzstA4JcYU39f9WG4YW/kV+fgpjS9uuEg="},"indexInfo":{"baseKey":"BR4DxfyA6ifGDR9NWiw7ukK6gPDuhoT934Kb44Jxat84","baseKeyType":1,"closed":-1,"used":1742271293737,"created":1742271293737,"remoteIdentityKey":"BTSI+B1q05L7GJf38zMQhHvD5NqBE7Aqn87vAPwDmJJc"},"_chains":{"BXmvzAtI5LKNPdnt3mo2wG3VWyldT0StA2QSkTD0PzNZ":{"chainKey":{"counter":0,"key":"Jo/3MZV9NSvkHHpzFi0O92yVSy8YCf1dNcQGOOWX9cg="},"chainType":1,"messageKeys":{}}},"pendingPreKey":{"signedKeyId":4,"baseKey":"BR4DxfyA6ifGDR9NWiw7ukK6gPDuhoT934Kb44Jxat84","preKeyId":9130894}}},"version":"v1"}