{"_sessions":{"BWOhO44odXYqD+wEJgFcmCL3hLVsr1M6x+JL5fNLUssT":{"registrationId":1251103822,"currentRatchet":{"ephemeralKeyPair":{"pubKey":"Bbs0yYy0LN76VjeyQqoIKhFDeUodo4qoJ4XCGY7RF1s2","privKey":"QCVZBv+wCXLqtNGbWewUjFOFefjDm3AKHZ+RLFQJU0o="},"lastRemoteEphemeralKey":"BXEo15KSpIFxl117alGfEE02yLGL2u5m4yySZZzksUE8","previousCounter":0,"rootKey":"vM18U6xK7ecULN1Vcp12PGt0Glv9StI9sEZdJ+RJbr8="},"indexInfo":{"baseKey":"BWOhO44odXYqD+wEJgFcmCL3hLVsr1M6x+JL5fNLUssT","baseKeyType":2,"closed":-1,"used":1742429238273,"created":1742429238273,"remoteIdentityKey":"BdyO9h3YBAJ9wWk6Xpkzk2jUAsNvg3v6asWAcSEptX97"},"_chains":{"BXEo15KSpIFxl117alGfEE02yLGL2u5m4yySZZzksUE8":{"chainKey":{"counter":1,"key":"yizOATTIh+HKy9sHBIROadZqeU4HUSEAWPjQFROwbDQ="},"chainType":2,"messageKeys":{}},"Bbs0yYy0LN76VjeyQqoIKhFDeUodo4qoJ4XCGY7RF1s2":{"chainKey":{"counter":-1,"key":"ZX+SAQdMknLN10rWT+YzzRTgk9W7kXExf0z1PHdRTew="},"chainType":1,"messageKeys":{}}}}},"version":"v1"}