{"_sessions":{"BcJNMDJ1py3Nauu8zQ/gEdJQsli0DyXFbjtbpv1n2+Er":{"registrationId":923293590,"currentRatchet":{"ephemeralKeyPair":{"pubKey":"BauKEnfaeLCTgomyT8Ek5CqPPU98G4q1InHBMaowwa0s","privKey":"aLWNnlm1EBfM7ZmitXKo56Y0vZ5qiJmSCvl63WYiKHI="},"lastRemoteEphemeralKey":"BY5csDpz13Oee0s2kdjqABha3Td+K2c5zv8NMyElLTlU","previousCounter":0,"rootKey":"ySZPXratx/BuyX4sAeWVHqT7g2v5Klsm9ZRmt5hFyIo="},"indexInfo":{"baseKey":"BcJNMDJ1py3Nauu8zQ/gEdJQsli0DyXFbjtbpv1n2+Er","baseKeyType":2,"closed":-1,"used":1742426008209,"created":1742426008209,"remoteIdentityKey":"BczFgSo/LPxu7cHjVRJEoJ55SovttG6x1TgGnC6tvtco"},"_chains":{"BY5csDpz13Oee0s2kdjqABha3Td+K2c5zv8NMyElLTlU":{"chainKey":{"counter":0,"key":"mBYeq8+ywl+FLd6iI/vIrI/O8UgmfevyIZsW36JCZvA="},"chainType":2,"messageKeys":{}},"BauKEnfaeLCTgomyT8Ek5CqPPU98G4q1InHBMaowwa0s":{"chainKey":{"counter":-1,"key":"vUlkY3Suvn0VcB4xf00J8M52dKqDvXSwvXQxP7ywPSk="},"chainType":1,"messageKeys":{}}}}},"version":"v1"}