{"_sessions":{"Ba8BQPPe1H0G3JhxJgBW5iPHOCQgIFnEoxl+j6m43jQ4":{"registrationId":506515152,"currentRatchet":{"ephemeralKeyPair":{"pubKey":"BSs934JtZTJNT5Q8ft8Tv7cjwk27pwOZ77uRhwGpdoxi","privKey":"8F7KF1DEb9VwaDc/DzQhDWP5aD1YauHxFPTWP6Z5OH4="},"lastRemoteEphemeralKey":"BR4jE+3Rq14cAkd24OWHG8RqFpblwWAQ+vsBWKAn5J4r","previousCounter":0,"rootKey":"fId1p61kqmUlb7ndzBWacKj0/lUkpJk006IuX70VkbA="},"indexInfo":{"baseKey":"Ba8BQPPe1H0G3JhxJgBW5iPHOCQgIFnEoxl+j6m43jQ4","baseKeyType":1,"closed":1742271293119,"used":1742271291352,"created":1742271291352,"remoteIdentityKey":"BQ/6jsqC8ixM6YTX6B2hH0EuFQnCML4U3bWEWltEJvgv"},"_chains":{"BSs934JtZTJNT5Q8ft8Tv7cjwk27pwOZ77uRhwGpdoxi":{"chainKey":{"counter":0,"key":"l9Svd75J40SxsegK4JaDAvyR81hGczgu7yx/+FGwjKM="},"chainType":1,"messageKeys":{}}},"pendingPreKey":{"signedKeyId":39,"baseKey":"Ba8BQPPe1H0G3JhxJgBW5iPHOCQgIFnEoxl+j6m43jQ4","preKeyId":800588}},"BdI1gIXK41YkB8BAr0rZABWC4rt/rFdnsomS+lFo/b8H":{"registrationId":506515152,"currentRatchet":{"ephemeralKeyPair":{"pubKey":"Beks/hIFHceQOnfDyKfP9XnuZbZzTi1PL4jwsLdfBCR8","privKey":"gKUjhpWPVg3e8Eun1542wI3yyTfUgX1GE/SkSty+a2s="},"lastRemoteEphemeralKey":"BR4jE+3Rq14cAkd24OWHG8RqFpblwWAQ+vsBWKAn5J4r","previousCounter":0,"rootKey":"4JJqvKZ2jdpyatfK2hICrVdIyyDbtBmd2emAiWYqJCM="},"indexInfo":{"baseKey":"BdI1gIXK41YkB8BAr0rZABWC4rt/rFdnsomS+lFo/b8H","baseKeyType":1,"closed":-1,"used":1742271293051,"created":1742271293051,"remoteIdentityKey":"BQ/6jsqC8ixM6YTX6B2hH0EuFQnCML4U3bWEWltEJvgv"},"_chains":{"Beks/hIFHceQOnfDyKfP9XnuZbZzTi1PL4jwsLdfBCR8":{"chainKey":{"counter":0,"key":"oUiP8GoD7SyKkQ7OJ8+4fmu+i00y9eO6FwQmy+1Kw6E="},"chainType":1,"messageKeys":{}}},"pendingPreKey":{"signedKeyId":39,"baseKey":"BdI1gIXK41YkB8BAr0rZABWC4rt/rFdnsomS+lFo/b8H","preKeyId":801266}}},"version":"v1"}