{"_sessions":{"BcXQmxehi0JAX8BCbKlq0Vchy+74b7dzJTQlDlgS0+V8":{"registrationId":1148467525,"currentRatchet":{"ephemeralKeyPair":{"pubKey":"BUM5N3uFiQEouRwQdPA3uhrRG7/JJYQPac1INB71yHsA","privKey":"WLGPsnIkAfEMPzRiVAIUhrMdDmLIL1/hALoVLryBtWQ="},"lastRemoteEphemeralKey":"BfNufdVAxwBIJovePahhgB5lPuEmjBao7WmRBPOVGaYw","previousCounter":0,"rootKey":"ePU0/B078y3lHoIHbgBzKpEgaukY/RWZNiaYoigE8JE="},"indexInfo":{"baseKey":"BcXQmxehi0JAX8BCbKlq0Vchy+74b7dzJTQlDlgS0+V8","baseKeyType":1,"closed":1742271293892,"used":1742271292149,"created":1742271292149,"remoteIdentityKey":"Bc4No+WLYcILzwyNKSD+kwP5MZEWy1We3Suzv0J9XfFW"},"_chains":{"BUM5N3uFiQEouRwQdPA3uhrRG7/JJYQPac1INB71yHsA":{"chainKey":{"counter":0,"key":"nVJd6goQfSsB9V6rYu6HOfD4otnOhiusC7Iw5xzh4fw="},"chainType":1,"messageKeys":{}}},"pendingPreKey":{"signedKeyId":6,"baseKey":"BcXQmxehi0JAX8BCbKlq0Vchy+74b7dzJTQlDlgS0+V8","preKeyId":5073609}},"Bepi8L11DPqYMM8LXBx8/nALfcBTkCrx5/0Wes2BnpN6":{"registrationId":1148467525,"currentRatchet":{"ephemeralKeyPair":{"pubKey":"BQDIEaGeDqHPlT3dn0pkxKCZoO4LN8+5XTdrAEnM6rxX","privKey":"gAOkX3KXzhk6K/ySzO2izIan4LwJOAWt6EF/IBaJQ08="},"lastRemoteEphemeralKey":"BTe7BAZ7b5l/BWsPaPKBB8aSGMSbs2UB0fSqBPzg8FsR","previousCounter":0,"rootKey":"UNuZC0KDEnOvxZwUIn1SdED498nU/GCNVBNyoqFjDlU="},"indexInfo":{"baseKey":"Bepi8L11DPqYMM8LXBx8/nALfcBTkCrx5/0Wes2BnpN6","baseKeyType":1,"closed":-1,"used":1742378317252,"created":1742271293728,"remoteIdentityKey":"Bc4No+WLYcILzwyNKSD+kwP5MZEWy1We3Suzv0J9XfFW"},"_chains":{"BTe7BAZ7b5l/BWsPaPKBB8aSGMSbs2UB0fSqBPzg8FsR":{"chainKey":{"counter":0,"key":"MTI3sQ3bO7m/yUDX8UDhQolu2OE4fAbLnjCmDJo4QGI="},"chainType":2,"messageKeys":{}},"BQDIEaGeDqHPlT3dn0pkxKCZoO4LN8+5XTdrAEnM6rxX":{"chainKey":{"counter":-1,"key":"FCURmeutN75k/uw+vwKSJE59v5rQqNCWHud5L4o8Xg4="},"chainType":1,"messageKeys":{}}}}},"version":"v1"}