{"_sessions":{"Bfb8jF8uRgAosEpu/6hNcLmfVsbetN+tZ2CbgmyseP02":{"registrationId":1002069429,"currentRatchet":{"ephemeralKeyPair":{"pubKey":"BZJJKvyPcUnZs6CHukwyWt+4zdKOAMikbgmahQ9/uFt0","privKey":"EEmz7IwgpkCXsV9aZ+FfEBLdpJMjxn7OcR3eE70UCEE="},"lastRemoteEphemeralKey":"BYS5My4dbV3Qwv1UUQK00OJvVJbyqNg5sOUrdSxiSg87","previousCounter":0,"rootKey":"i6WQc9vy3UdjJnrbN/6xY9kfk68SY7YOKSboFwEIRhU="},"indexInfo":{"baseKey":"Bfb8jF8uRgAosEpu/6hNcLmfVsbetN+tZ2CbgmyseP02","baseKeyType":2,"closed":-1,"used":1742447083676,"created":1742447083676,"remoteIdentityKey":"BVTjSlu5uRuES0ZBix7Krs2Jm7ASY8xsJctZOIZjc2tI"},"_chains":{"BYS5My4dbV3Qwv1UUQK00OJvVJbyqNg5sOUrdSxiSg87":{"chainKey":{"counter":0,"key":"o9YndfNyAT6fad/UHsTFXjtP6Sq3s77JstOnBDTvgr4="},"chainType":2,"messageKeys":{}},"BZJJKvyPcUnZs6CHukwyWt+4zdKOAMikbgmahQ9/uFt0":{"chainKey":{"counter":-1,"key":"04DNliEtCk8RfdfuLjKmsb5IsPHkbXKJ4kohZfOCZ98="},"chainType":1,"messageKeys":{}}}}},"version":"v1"}