{"_sessions":{"BZJi2mbr6DE9G6qcMyGZ+KnU2kSlo8UHm8GWDXNURzpO":{"registrationId":632660562,"currentRatchet":{"ephemeralKeyPair":{"pubKey":"BUaVH2q7rQTubpy2HhNukgGpYoM/Z0bGhvXMyHqoC+9Z","privKey":"WB6GuTddNcb7WZ2jWJ8KoRXI121ss6HhrwTDGPxYTGs="},"lastRemoteEphemeralKey":"BQByOx0wTDiI8WHD6XDaAOA3JYDpHdhJpLQsTXbr0b1V","previousCounter":0,"rootKey":"R2eUP2bHfr5NHOZrg9DSDSoj+2vkZtscVrphN1zNrls="},"indexInfo":{"baseKey":"BZJi2mbr6DE9G6qcMyGZ+KnU2kSlo8UHm8GWDXNURzpO","baseKeyType":2,"closed":-1,"used":1742444846711,"created":1742444846711,"remoteIdentityKey":"BSbIGF5FY3hlnX2s6iaoyjtSJxAbedOBuU5Qqsv10lYa"},"_chains":{"BQByOx0wTDiI8WHD6XDaAOA3JYDpHdhJpLQsTXbr0b1V":{"chainKey":{"counter":0,"key":"s0FBlLyYucsiWqWfD06N3D2Eopr2YPugekrrXcSqWEY="},"chainType":2,"messageKeys":{}},"BUaVH2q7rQTubpy2HhNukgGpYoM/Z0bGhvXMyHqoC+9Z":{"chainKey":{"counter":-1,"key":"dxAzJD8Kfzl+4J2Cyix8oQfmC705r/B++sVsaMBF3B8="},"chainType":1,"messageKeys":{}}}}},"version":"v1"}