{"_sessions":{"BbJYt4/xjP2ZNCJ3D0+aUByXd0iwO6BjGb6TU0bwc1dO":{"registrationId":970276718,"currentRatchet":{"ephemeralKeyPair":{"pubKey":"BelXCgrpkemrGU1oqeCzKTBMcW97IROZo132oQYz3DFV","privKey":"KF7q/DABmjfMPn8Jvk/H22tB+wg6MY/bLkc97OuAKlM="},"lastRemoteEphemeralKey":"BU/YpRHSMzWTLUvdzt5L53FWMwJih0xqjV/gjVit6DI2","previousCounter":0,"rootKey":"SytUTt/LqgTgHenTv/OEume1SiDuvDRZQhKgyceLq9c="},"indexInfo":{"baseKey":"BbJYt4/xjP2ZNCJ3D0+aUByXd0iwO6BjGb6TU0bwc1dO","baseKeyType":2,"closed":-1,"used":1742446866535,"created":1742446866535,"remoteIdentityKey":"BeRkh6PpbUZ/TlNAtpIsuD8qrkjTed+7wtLXJvWESFln"},"_chains":{"BU/YpRHSMzWTLUvdzt5L53FWMwJih0xqjV/gjVit6DI2":{"chainKey":{"counter":0,"key":"weLKpQ47puihlhRmOdgJ7o8Hqu8nWWrk3UsAG9sVWGQ="},"chainType":2,"messageKeys":{}},"BelXCgrpkemrGU1oqeCzKTBMcW97IROZo132oQYz3DFV":{"chainKey":{"counter":-1,"key":"ZkUoR6sV9U0gRHxv6HBsyRtfbcVPjREacTySNinVliQ="},"chainType":1,"messageKeys":{}}}}},"version":"v1"}