{"_sessions":{"BbfZrMCGwhIgtvf6eRkxUPONN2r03Q2kXyNHQ/sjEVRu":{"registrationId":1478675297,"currentRatchet":{"ephemeralKeyPair":{"pubKey":"BQWzRJF5jL5F39aTt8kFCoOcIS022KC/N01VGUyNS6tH","privKey":"+Anmpj4e7EfkeosDurPn5T/VaAMBp9kecCMxKpg3aEc="},"lastRemoteEphemeralKey":"BYP2quJ2sYgcHkvp/PoWiRvFek4w6QG+PB5Dn3IiMUUB","previousCounter":0,"rootKey":"SHETwhsTrql76qfXAhyIL+I0wOcCOay27F8XnHPxmk8="},"indexInfo":{"baseKey":"BbfZrMCGwhIgtvf6eRkxUPONN2r03Q2kXyNHQ/sjEVRu","baseKeyType":2,"closed":-1,"used":1742345200916,"created":1742345200916,"remoteIdentityKey":"BUEpUv3AYzI10AjSg1lbDF7dTXa8mKQx8OdOS59D69la"},"_chains":{"BYP2quJ2sYgcHkvp/PoWiRvFek4w6QG+PB5Dn3IiMUUB":{"chainKey":{"counter":1,"key":"vt9RFBgHi1zsuPYeFL46Mt5HWpiubKcOvbdkuwIlmtw="},"chainType":2,"messageKeys":{}},"BQWzRJF5jL5F39aTt8kFCoOcIS022KC/N01VGUyNS6tH":{"chainKey":{"counter":-1,"key":"fTZ3CGaVjzhaUKRiZjYzDPFV+J8f2LW8veJZ1Tmvu68="},"chainType":1,"messageKeys":{}}}}},"version":"v1"}