{"_sessions":{"BdRuQL6Us+zfRw2j3etjLMKtVgFn9fozY3FI/8CcawIM":{"registrationId":682551412,"currentRatchet":{"ephemeralKeyPair":{"pubKey":"BTWCLR4bjssNplL07n7qkr+hM2TqhHrbM6oQn6mxE8wB","privKey":"GJGXh+0fzWAv0rMXvokNjTrgTLr5nqt5opRQMBLcaUE="},"lastRemoteEphemeralKey":"BeV9zmz9siTBsPhos+3O84L7YwuUcWpBAEx41vD3f/Qy","previousCounter":0,"rootKey":"GJEovMpayYyuOYfWJ218+nc7eCAyQ7Ypb8ztQDQjsGY="},"indexInfo":{"baseKey":"BdRuQL6Us+zfRw2j3etjLMKtVgFn9fozY3FI/8CcawIM","baseKeyType":2,"closed":-1,"used":1742282473670,"created":1742282473670,"remoteIdentityKey":"BfisKbxJPZesFq4AYJFb5yR2Mj0NlB3xZHJw5DEfaa1C"},"_chains":{"BeV9zmz9siTBsPhos+3O84L7YwuUcWpBAEx41vD3f/Qy":{"chainKey":{"counter":4,"key":"86tamjswUPIZEl16uAtJ41lchUz5Rz0W444wb+xtSdw="},"chainType":2,"messageKeys":{"2":"nIflYQQhUimTMYsKV4GkX1GmqSItTH8ZOQUHy9XezF8="}},"BTWCLR4bjssNplL07n7qkr+hM2TqhHrbM6oQn6mxE8wB":{"chainKey":{"counter":-1,"key":"ZVVNW4C0lch/da3puWrD3GH82RF4uzkKWyYH2teC+CQ="},"chainType":1,"messageKeys":{}}}}},"version":"v1"}