{"_sessions":{"Bag7bxZ0bHbzK8lyu5nDMgMeEcfxg0S326UMFnA7FZwP":{"registrationId":969045592,"currentRatchet":{"ephemeralKeyPair":{"pubKey":"BYFyyJCC38r35OerIRr4CC32urGWbs48fvtAoA4t96dc","privKey":"uGNktZmmOPDEXMLuJxWbKTZYHThadTrCFWFWAlYYhEc="},"lastRemoteEphemeralKey":"Be3MmDbDDp7BSnz6dRi0nIqRatZZRqy1CSsT7hfvQqd6","previousCounter":0,"rootKey":"TkTpVfB5FGQJaKs8M4LkAUR6WcnVImmCgDFoK1j02B0="},"indexInfo":{"baseKey":"Bag7bxZ0bHbzK8lyu5nDMgMeEcfxg0S326UMFnA7FZwP","baseKeyType":1,"closed":1742271293118,"used":1742271291348,"created":1742271291348,"remoteIdentityKey":"BcRNxFuZsnuZ/G30oLQF0ld8uFHXL3J0/hqlSHSjCaVH"},"_chains":{"BYFyyJCC38r35OerIRr4CC32urGWbs48fvtAoA4t96dc":{"chainKey":{"counter":0,"key":"fgDQjKH0/S+aVCXEIR+lraEG9jvlM2/mRn7oCIH+Lg0="},"chainType":1,"messageKeys":{}}},"pendingPreKey":{"signedKeyId":15,"baseKey":"Bag7bxZ0bHbzK8lyu5nDMgMeEcfxg0S326UMFnA7FZwP","preKeyId":6029396}},"BWw9cxukdFnMtTQGAmbMq6WZH9SsM7RXNhx0haS4BPIP":{"registrationId":969045592,"currentRatchet":{"ephemeralKeyPair":{"pubKey":"BSYECPEk21vpjj97fmpO9RuV8k+Q1fq4fALS/YOOdYQK","privKey":"sPL+7TQcaL+ysjPQ/aPGJSZphLVXEgAHwc7xEmt2BEo="},"lastRemoteEphemeralKey":"Be3MmDbDDp7BSnz6dRi0nIqRatZZRqy1CSsT7hfvQqd6","previousCounter":0,"rootKey":"DSNIJ1iZ2l5XufYlUh9Vn/jZ1ZmFI5am5DrzQeHDl8k="},"indexInfo":{"baseKey":"BWw9cxukdFnMtTQGAmbMq6WZH9SsM7RXNhx0haS4BPIP","baseKeyType":1,"closed":-1,"used":1742271293047,"created":1742271293047,"remoteIdentityKey":"BcRNxFuZsnuZ/G30oLQF0ld8uFHXL3J0/hqlSHSjCaVH"},"_chains":{"BSYECPEk21vpjj97fmpO9RuV8k+Q1fq4fALS/YOOdYQK":{"chainKey":{"counter":0,"key":"42xi4MkZl1lw0ZsVThioLL2B6zOkTMAeXg/ZQZIM5/c="},"chainType":1,"messageKeys":{}}},"pendingPreKey":{"signedKeyId":15,"baseKey":"BWw9cxukdFnMtTQGAmbMq6WZH9SsM7RXNhx0haS4BPIP","preKeyId":6029729}}},"version":"v1"}