{"_sessions":{"BcCq4l8IsacG3joAFqfpY4i3D2ienR0GVtlvQ9lrdTlK":{"registrationId":644036117,"currentRatchet":{"ephemeralKeyPair":{"pubKey":"BWBP4OGUQUwDTHaoQrRphpkJQTnncWWEe1lr7YkJ2Khg","privKey":"4MPTe1wykO4Z0sfPtre6kEiBQDs516RuTq7E4delGmU="},"lastRemoteEphemeralKey":"BfRIry/zcZTYbqh+/pWce+a3gplUMbcF/yaHJxjjnat+","previousCounter":0,"rootKey":"aXkTJ/A1F4O+GkVWsCDwXtJRbbNcLI4FBkWe8Fk6AH8="},"indexInfo":{"baseKey":"BcCq4l8IsacG3joAFqfpY4i3D2ienR0GVtlvQ9lrdTlK","baseKeyType":2,"closed":-1,"used":1742426005122,"created":1742426005122,"remoteIdentityKey":"BdVqSKsaNDn+z5TnkUlyNY1rOF0wm/MeIOdQRgIl038P"},"_chains":{"BfRIry/zcZTYbqh+/pWce+a3gplUMbcF/yaHJxjjnat+":{"chainKey":{"counter":0,"key":"zDD/YyqptFb8eEKhDlDM5huVG9jX2ccKtUYQur+xchM="},"chainType":2,"messageKeys":{}},"BWBP4OGUQUwDTHaoQrRphpkJQTnncWWEe1lr7YkJ2Khg":{"chainKey":{"counter":-1,"key":"TfZAcjf2JJg4dAc6LOo22UgpMioagSw3SOaUvq2mF8M="},"chainType":1,"messageKeys":{}}}}},"version":"v1"}