{"_sessions":{"BWvY8cXe/Yi7E64//r2jgmvbo/fPMO1SvxmtHdSB9NNq":{"registrationId":1183244007,"currentRatchet":{"ephemeralKeyPair":{"pubKey":"BajHk7iLS8ED1V7uY8OYoXY+fKRgLaEVy9ojT8iNARdB","privKey":"QGmmmCG6BHqD+AUN/MLarvxyV6U6dt+afv8zb7rEknw="},"lastRemoteEphemeralKey":"BeFJKQ1BwhUMkGoy6AZUJB0vl+mdTrZmRqAg3nY5NNJa","previousCounter":0,"rootKey":"wjPQhoX3ijGULHUdOYckNuWZzYGL/b5jHeNV9JKViQU="},"indexInfo":{"baseKey":"BWvY8cXe/Yi7E64//r2jgmvbo/fPMO1SvxmtHdSB9NNq","baseKeyType":1,"closed":1742271293896,"used":1742271292162,"created":1742271292162,"remoteIdentityKey":"BTGdt+zunOC+4aAR06UZseP8I86YM5uNZk+5KpSZIxwr"},"_chains":{"BajHk7iLS8ED1V7uY8OYoXY+fKRgLaEVy9ojT8iNARdB":{"chainKey":{"counter":0,"key":"EGL2eQVwYDwW+O3KktA1p5wCHHJSJUoAUAP/5aEekLk="},"chainType":1,"messageKeys":{}}},"pendingPreKey":{"signedKeyId":15922288,"baseKey":"BWvY8cXe/Yi7E64//r2jgmvbo/fPMO1SvxmtHdSB9NNq","preKeyId":5610}},"BY7r+mJRJt94vghIjGAb1C/r2JpX8cJRLPGSuGMwyMh6":{"registrationId":1183244007,"currentRatchet":{"ephemeralKeyPair":{"pubKey":"BbMoxTaPihh6BR2uZn19uuJkutwcys6sAOFhpLYQFC1g","privKey":"4EjnICfoZceOAbwz8/dw+evutLmNTqYePD2DrIZUDG8="},"lastRemoteEphemeralKey":"BeFJKQ1BwhUMkGoy6AZUJB0vl+mdTrZmRqAg3nY5NNJa","previousCounter":0,"rootKey":"l+k2O4dLwDGHoaoG4mp3FB/RLAJ1+yKODzae/u5dX3U="},"indexInfo":{"baseKey":"BY7r+mJRJt94vghIjGAb1C/r2JpX8cJRLPGSuGMwyMh6","baseKeyType":1,"closed":-1,"used":1742271293739,"created":1742271293739,"remoteIdentityKey":"BTGdt+zunOC+4aAR06UZseP8I86YM5uNZk+5KpSZIxwr"},"_chains":{"BbMoxTaPihh6BR2uZn19uuJkutwcys6sAOFhpLYQFC1g":{"chainKey":{"counter":0,"key":"cs3Pxqdiyvnnr0vd6vZyJAYXz7i+1tNjz9cKNXakMbQ="},"chainType":1,"messageKeys":{}}},"pendingPreKey":{"signedKeyId":15922288,"baseKey":"BY7r+mJRJt94vghIjGAb1C/r2JpX8cJRLPGSuGMwyMh6","preKeyId":5567}}},"version":"v1"}