{"_sessions":{"BTszgELkEdYBybex1PRrkpgBMWyAe9fenq+7UVDqKHdD":{"registrationId":795447049,"currentRatchet":{"ephemeralKeyPair":{"pubKey":"BfX9NeIrCxvDNl76tO8vyrMv0eRBVqV0zVEtzKZKYUx+","privKey":"iBdGAiLKR4tP56EzXd+xjeAq+EtK26zDgXVOk6Al2Xc="},"lastRemoteEphemeralKey":"BSMqvPCZlE/oP9ALCas/ZNqpHBRO8QJ4fPoWLQqp3PhO","previousCounter":0,"rootKey":"maMV2I2mKV1ESN/hQ2l1rbs/LhtKbE7BwPCIAplXGP4="},"indexInfo":{"baseKey":"BTszgELkEdYBybex1PRrkpgBMWyAe9fenq+7UVDqKHdD","baseKeyType":1,"closed":1742271293115,"used":1742271291335,"created":1742271291335,"remoteIdentityKey":"BdQl7ixgGhfVdsRH4hvk5C0HC27fm1oYyDK4Lfo0y5At"},"_chains":{"BfX9NeIrCxvDNl76tO8vyrMv0eRBVqV0zVEtzKZKYUx+":{"chainKey":{"counter":0,"key":"GcCjfCY8LIkyxa2IyCufmJ7toe4+Os4U0IVXvvCoAC0="},"chainType":1,"messageKeys":{}}},"pendingPreKey":{"signedKeyId":26,"baseKey":"BTszgELkEdYBybex1PRrkpgBMWyAe9fenq+7UVDqKHdD","preKeyId":6907585}},"BXrowXYyot9EffXCrWhlk1V4d396DXMNHTjlBjM8oaRv":{"registrationId":795447049,"currentRatchet":{"ephemeralKeyPair":{"pubKey":"BfPM/wHZ9aGPmhiZXGbo6VpIGNdl8IF0E8+htd1hU3gW","privKey":"MDAQ8+BG6uMf0m7r7xZ7BW2bHHiFaAdTJ1ydqPSyklQ="},"lastRemoteEphemeralKey":"BSMqvPCZlE/oP9ALCas/ZNqpHBRO8QJ4fPoWLQqp3PhO","previousCounter":0,"rootKey":"wR5ii94Om0GZBwEwkh+IN79xDIsCLQ7dcLOPcgWB30Q="},"indexInfo":{"baseKey":"BXrowXYyot9EffXCrWhlk1V4d396DXMNHTjlBjM8oaRv","baseKeyType":1,"closed":-1,"used":1742271293033,"created":1742271293033,"remoteIdentityKey":"BdQl7ixgGhfVdsRH4hvk5C0HC27fm1oYyDK4Lfo0y5At"},"_chains":{"BfPM/wHZ9aGPmhiZXGbo6VpIGNdl8IF0E8+htd1hU3gW":{"chainKey":{"counter":0,"key":"pAYNaJbCDiNojt5Colle24hZGtnCZ7XyCecD71yuyWs="},"chainType":1,"messageKeys":{}}},"pendingPreKey":{"signedKeyId":26,"baseKey":"BXrowXYyot9EffXCrWhlk1V4d396DXMNHTjlBjM8oaRv","preKeyId":6906843}}},"version":"v1"}