{"_sessions":{"BRKBkC6Zy+yS5+2ig/sVIj02BTRluZcPB1keDufDXmcT":{"registrationId":1097816757,"currentRatchet":{"ephemeralKeyPair":{"pubKey":"BSFYZAQaeKAmT5852EkRqIdZBQKiTHbolguNSKZ5Nx5+","privKey":"uIGUrQYa9Ez34htdw19D1VcvKQXEmSwqfyfEyApBhFs="},"lastRemoteEphemeralKey":"BYA+xMZ72WDw0W6vclfr8EPDyDWhWxMD0PTbcBKpYJYg","previousCounter":0,"rootKey":"Nf/xozuQM4VeI4qc82ac8XIyrfMaIh28vkGRipHq+is="},"indexInfo":{"baseKey":"BRKBkC6Zy+yS5+2ig/sVIj02BTRluZcPB1keDufDXmcT","baseKeyType":2,"closed":-1,"used":1742310357425,"created":1742310357425,"remoteIdentityKey":"BQSXmKOjQwFu6QWnCNVlDDHjSAZ4yXjSoulCBS3g1UVl"},"_chains":{"BYA+xMZ72WDw0W6vclfr8EPDyDWhWxMD0PTbcBKpYJYg":{"chainKey":{"counter":0,"key":"zNg9sVjvd7FVXcyJcq3KJGXEZ4C4vfDRI8FkE13/lbs="},"chainType":2,"messageKeys":{}},"BSFYZAQaeKAmT5852EkRqIdZBQKiTHbolguNSKZ5Nx5+":{"chainKey":{"counter":-1,"key":"WU3EeP1oZ5ymI0JV+K4igoDNupt6V5hcJdTCQWqsVzE="},"chainType":1,"messageKeys":{}}}}},"version":"v1"}