{"_sessions":{"BaFeZd24KLPpgvJcOrvmAASZjf45y6KlIbx5edR56V8R":{"registrationId":1417697246,"currentRatchet":{"ephemeralKeyPair":{"pubKey":"BYI5OBSNzrYqHB6Hyf8R9kPvCFvAYlEpTar4YmFaVuww","privKey":"qJiia5xTGbph9gjjVVbI2rfxpXFKxs7SyJufNspKSWE="},"lastRemoteEphemeralKey":"Ba9dRfDGEpZHEhrmWgUooG0D0Nu82rYPQUNWKdpELcMH","previousCounter":0,"rootKey":"paGKvTig6JK4IVqarZDGAbDaXUb2Q1CksmF9+wkIiN4="},"indexInfo":{"baseKey":"BaFeZd24KLPpgvJcOrvmAASZjf45y6KlIbx5edR56V8R","baseKeyType":1,"closed":1742271293079,"used":1742271291214,"created":1742271291214,"remoteIdentityKey":"Bed7HvHElgOeLZ+ZOEGseNCa04qbKoUF5K+AHlLK9Cse"},"_chains":{"BYI5OBSNzrYqHB6Hyf8R9kPvCFvAYlEpTar4YmFaVuww":{"chainKey":{"counter":0,"key":"d+8j0VHRVEsPAOf9AOEDx0q0xbGFaBmc0wKalSwxD8I="},"chainType":1,"messageKeys":{}}},"pendingPreKey":{"signedKeyId":7,"baseKey":"BaFeZd24KLPpgvJcOrvmAASZjf45y6KlIbx5edR56V8R","preKeyId":30690}},"BTBBwHtTS24SixORXiibavWT9welEQJxH1e5mgahmLQi":{"registrationId":1417697246,"currentRatchet":{"ephemeralKeyPair":{"pubKey":"BULeo4cOGvD/jMjSjiaH0gfewQjoEAyi1xxPEMumLXZx","privKey":"mMMXTftm3JjqoXvrW2EMNRD2essxEPqHnDQvKK2wCmM="},"lastRemoteEphemeralKey":"Ba9dRfDGEpZHEhrmWgUooG0D0Nu82rYPQUNWKdpELcMH","previousCounter":0,"rootKey":"kcVaJMgpYRgLfX49mtC46zqEEFDerIFvp6bn1Ai3YSc="},"indexInfo":{"baseKey":"BTBBwHtTS24SixORXiibavWT9welEQJxH1e5mgahmLQi","baseKeyType":1,"closed":-1,"used":1742271292918,"created":1742271292918,"remoteIdentityKey":"Bed7HvHElgOeLZ+ZOEGseNCa04qbKoUF5K+AHlLK9Cse"},"_chains":{"BULeo4cOGvD/jMjSjiaH0gfewQjoEAyi1xxPEMumLXZx":{"chainKey":{"counter":0,"key":"0NskNaGwyobyNH19mzyRvDQ1iybvkctqXObJcj0OxaY="},"chainType":1,"messageKeys":{}}},"pendingPreKey":{"signedKeyId":7,"baseKey":"BTBBwHtTS24SixORXiibavWT9welEQJxH1e5mgahmLQi","preKeyId":30363}}},"version":"v1"}