{"_sessions":{"BSEt8Zk39F2I7SLc0US3XFmRdKNbKREgrwY3geJfEIZY":{"registrationId":2073536726,"currentRatchet":{"ephemeralKeyPair":{"pubKey":"BT3JS1lXxKJsW7ksns1Er3NUL7q8SPubf6WnM0TsckoR","privKey":"eGBwtZWGE9OEdAekDvXUhoYw1Gc2mI8I+IoX5JnYB0Y="},"lastRemoteEphemeralKey":"BdYQ47qbSuvnwMdQnhK3EwXZrKWujNZkdkLehw4ycxBl","previousCounter":0,"rootKey":"w0V53ItgWPpVlDqXN/hfLqaI6dQOKqb3su8Dc517oA4="},"indexInfo":{"baseKey":"BSEt8Zk39F2I7SLc0US3XFmRdKNbKREgrwY3geJfEIZY","baseKeyType":2,"closed":-1,"used":1742274404939,"created":1742274404939,"remoteIdentityKey":"BUQgywq1tK3X7U4zeveITC2VdGcE2rBng/W6RYjnlulA"},"_chains":{"BdYQ47qbSuvnwMdQnhK3EwXZrKWujNZkdkLehw4ycxBl":{"chainKey":{"counter":1,"key":"z/VOD8iJVTLVfUJNOea1qnkk7XTfitluO7+6YEO57Ec="},"chainType":2,"messageKeys":{}},"BT3JS1lXxKJsW7ksns1Er3NUL7q8SPubf6WnM0TsckoR":{"chainKey":{"counter":-1,"key":"HTWXVEhqfm8bUH7dTeViBTlv6Nf+2ZTls8gZonepMtE="},"chainType":1,"messageKeys":{}}}}},"version":"v1"}