{"_sessions":{"BR2zAMkwXE3RSANz3Qw8D8kbbczmTCKyieLRPmfDSIxg":{"registrationId":1953483453,"currentRatchet":{"ephemeralKeyPair":{"pubKey":"BWCYuMALQfE1uXs8iVYcY8SQ+6LPZOGNTRONgmHGAJ4s","privKey":"cCzxRhtPX4uTh0Zk+M+6IEFaYgQrZH2cyOaS/D3fiFk="},"lastRemoteEphemeralKey":"BaDG9S2L7Ifv3Ij5OUYu8Yjyuufsw8aRXymjWveTpT1B","previousCounter":0,"rootKey":"6wsZ2WzYQRJY1ybco59s7/+tGUBfCCPixPsDup9fhbw="},"indexInfo":{"baseKey":"BR2zAMkwXE3RSANz3Qw8D8kbbczmTCKyieLRPmfDSIxg","baseKeyType":2,"closed":-1,"used":1742309671037,"created":1742309671037,"remoteIdentityKey":"BZZyhZCfqzt45Ia7+fOJmY+Bf6+bM178468K4y+EcYFM"},"_chains":{"BaDG9S2L7Ifv3Ij5OUYu8Yjyuufsw8aRXymjWveTpT1B":{"chainKey":{"counter":8,"key":"vvSa/zgnk7Uzxa4sbFxJtX9Mk5dhWKUzHfTZY1m50qA="},"chainType":2,"messageKeys":{"3":"kLlEngep2oT3iQJvY/Cl3OunbPwBw/+BfO0J8vo5Qak=","4":"FefTrZv2rt62wXE+GMMg+JuTtrVRI2Svp78+owb3m+4=","5":"gWP3Nwn2iAyqXjYv1tz/0krw0i2gPDv4x5fyaMlHQSk="}},"BWCYuMALQfE1uXs8iVYcY8SQ+6LPZOGNTRONgmHGAJ4s":{"chainKey":{"counter":-1,"key":"ar9KK5qov18zRe9oyyI+9qRsv19hlaLKC1aKcSlD4nI="},"chainType":1,"messageKeys":{}}}}},"version":"v1"}