{"_sessions":{"BQddwsBz9cY3kWf6Qkxgdlj8EHW+l30i3pb2f2puh1xh":{"registrationId":224201964,"currentRatchet":{"ephemeralKeyPair":{"pubKey":"BbdN8vcAw4tgwZ8tTU1hjeNCpMqP/dAd3XzlRig5AOx+","privKey":"cNRA8eFySsxx3LqiqCKXLy3Y9oD9r3rYASNjTDAsd3c="},"lastRemoteEphemeralKey":"BS3iz68k+24i+7c8tYXWeaZtzmd+SZa5wG4c60iRq0cI","previousCounter":0,"rootKey":"fQInpgV6NYkK1YXLD1LBR/qzzxxJIc/OOskaC7US2Y8="},"indexInfo":{"baseKey":"BQddwsBz9cY3kWf6Qkxgdlj8EHW+l30i3pb2f2puh1xh","baseKeyType":2,"closed":-1,"used":1742426006921,"created":1742426006921,"remoteIdentityKey":"BdLqDLAWcV3/llfXp06o984vEk06MYnhAsHXGMI7OhJ5"},"_chains":{"BS3iz68k+24i+7c8tYXWeaZtzmd+SZa5wG4c60iRq0cI":{"chainKey":{"counter":0,"key":"/9r7wRgj+Y977rK5vBZTGbvC1mUyxkqlpXZdOL/Laxg="},"chainType":2,"messageKeys":{}},"BbdN8vcAw4tgwZ8tTU1hjeNCpMqP/dAd3XzlRig5AOx+":{"chainKey":{"counter":-1,"key":"N1MEAl4lyNDdda3jCXfDXcsNWemy21alDxV2gllyx6k="},"chainType":1,"messageKeys":{}}}}},"version":"v1"}