{"_sessions":{"BW+9OE3DvgyiJVm9Of9f5ad6k3J4CHq2DECDOP59W/4m":{"registrationId":884611819,"currentRatchet":{"ephemeralKeyPair":{"pubKey":"BTVKcaKYTdA1KGrCZHuHKHwmv2ZfUf31n6T5tkw6PakR","privKey":"+Jdwm0mIjEWuqfILEJAJE/mwHHdOGvoxhRHnx9IfYlQ="},"lastRemoteEphemeralKey":"BeCHtvw18art2y+MHklThTC7NXvsVRVXCVXgqdttjC0g","previousCounter":0,"rootKey":"SJuiyC5uVVMsnmSaU1t1JhG6sGahZ7G6A2Rmrb2oNyg="},"indexInfo":{"baseKey":"BW+9OE3DvgyiJVm9Of9f5ad6k3J4CHq2DECDOP59W/4m","baseKeyType":2,"closed":-1,"used":1742440471754,"created":1742440471754,"remoteIdentityKey":"BeVBG6LM/yu+SVXhIhxlLHWaM2hvOAEGxKakeYtpxaI4"},"_chains":{"BeCHtvw18art2y+MHklThTC7NXvsVRVXCVXgqdttjC0g":{"chainKey":{"counter":0,"key":"m2ZL8UuyQUBZubhJsk/hrCpWe8Ie7vmimgQnkk54vHA="},"chainType":2,"messageKeys":{}},"BTVKcaKYTdA1KGrCZHuHKHwmv2ZfUf31n6T5tkw6PakR":{"chainKey":{"counter":-1,"key":"JIni1EBqpN23PhtacJwxvaijuV2K7hQGvHJpEpALDrU="},"chainType":1,"messageKeys":{}}}}},"version":"v1"}