{"_sessions":{"Bb8SpDgaL3vJ7XFv6Ah/Tm+LbPLpxgLQFh43Znz2SX5Z":{"registrationId":30275509,"currentRatchet":{"ephemeralKeyPair":{"pubKey":"Bf9GdpDuKi2t2lLzxOx9tVRuEADEV9bS+NxTrkbRuLIz","privKey":"gDn3RmOac9E4bjKfbVxSZOEtKmxzS5dsEXGNOAGCfnY="},"lastRemoteEphemeralKey":"BYZLTB5dfsNCmbsHW2DM/6gLp3Rjt4GD+zWuknK5Asc/","previousCounter":0,"rootKey":"y38dXCXoY+H31E1LEMk2wGG5uyLgXsKtq/zmLVD2Ueo="},"indexInfo":{"baseKey":"Bb8SpDgaL3vJ7XFv6Ah/Tm+LbPLpxgLQFh43Znz2SX5Z","baseKeyType":1,"closed":-1,"used":1742271344241,"created":1742271344241,"remoteIdentityKey":"BVJetZy8c4/MH5QyAdXuCg5VBr6o2iv0bM9fpiizYoly"},"_chains":{"Bf9GdpDuKi2t2lLzxOx9tVRuEADEV9bS+NxTrkbRuLIz":{"chainKey":{"counter":0,"key":"iqYBaB9Z09g2W+CybqzsagFsl7IH79v5RrVzps6eKSk="},"chainType":1,"messageKeys":{}}},"pendingPreKey":{"signedKeyId":63,"baseKey":"Bb8SpDgaL3vJ7XFv6Ah/Tm+LbPLpxgLQFh43Znz2SX5Z","preKeyId":2049693}}},"version":"v1"}