{"_sessions":{"BT5H3dEpYo1/EW3PfGFZuC8R8sZpq54MdcBV2ygOzMUW":{"registrationId":1407191791,"currentRatchet":{"ephemeralKeyPair":{"pubKey":"BQoKcWkzXGAUcFUiHZDU6+I7pHd5R6NNViIJe+qpFGcS","privKey":"QIxHwvQsR+IWiR4ttS9KWC8FLeiZIfVepCyDqIO4/m0="},"lastRemoteEphemeralKey":"BSz4/ilfeGX+3dnKQan/lqkSWC7PkogxjI5ehGrdj+kU","previousCounter":0,"rootKey":"SAWpbV4jf3tBOrk/nN8fYjYgRSTgUg4RQSD5cmqUDNc="},"indexInfo":{"baseKey":"BT5H3dEpYo1/EW3PfGFZuC8R8sZpq54MdcBV2ygOzMUW","baseKeyType":2,"closed":-1,"used":1742379489117,"created":1742379489117,"remoteIdentityKey":"BdOMogGGnyZNAdJDv7Lq7jzylDsLO0NeMEQM/Fg4zhxE"},"_chains":{"BSz4/ilfeGX+3dnKQan/lqkSWC7PkogxjI5ehGrdj+kU":{"chainKey":{"counter":0,"key":"kHBpWLZxaTAlj2HWSGVcSAyjPZVPQQ/jc4uSFHk2wrE="},"chainType":2,"messageKeys":{}},"BQoKcWkzXGAUcFUiHZDU6+I7pHd5R6NNViIJe+qpFGcS":{"chainKey":{"counter":-1,"key":"0F9khUUntQC0i9mJFb2lxmBG4oY+awy7xzRaLrb18sc="},"chainType":1,"messageKeys":{}}}}},"version":"v1"}