{"_sessions":{"Bc4MpRliWb88aNCWFVNvagAo4v3ddAQXbi3NPdMFkjob":{"registrationId":105365651,"currentRatchet":{"ephemeralKeyPair":{"pubKey":"BaR85QUDQsEUKy86IvGEzmDn71hjeNPeK3v8wt2gMcx3","privKey":"mH1vEbzExddcq6OWthiQdYUALJsknYnqtJkyj34U7kA="},"lastRemoteEphemeralKey":"BQt8s0QuAufCp/7rBO070SnGNiTDvP+PkgrQ+1ZYMZdu","previousCounter":0,"rootKey":"llXm9RbI/RCaf9W+1btt+WrOJs2DT6254QAzoRkbRM0="},"indexInfo":{"baseKey":"Bc4MpRliWb88aNCWFVNvagAo4v3ddAQXbi3NPdMFkjob","baseKeyType":2,"closed":-1,"used":1742375681558,"created":1742375681558,"remoteIdentityKey":"Bbh6DwajCJ+kcayx581hNeLxFTwLxunQcTgitcL4duo2"},"_chains":{"BQt8s0QuAufCp/7rBO070SnGNiTDvP+PkgrQ+1ZYMZdu":{"chainKey":{"counter":0,"key":"q3ldcvyOHUnez/dLWcAE84+K1RYBaOLXZxB+YFhQrcQ="},"chainType":2,"messageKeys":{}},"BaR85QUDQsEUKy86IvGEzmDn71hjeNPeK3v8wt2gMcx3":{"chainKey":{"counter":-1,"key":"MTbvlGC4Fuh5uc9LX4rLrtXPZ1aq1A5UvGRN9hNHSNg="},"chainType":1,"messageKeys":{}}}}},"version":"v1"}