{"_sessions":{"BeRc97WQPYAi9QDIPkHV36zaSwn6Fv/PK9jb6+ehe81H":{"registrationId":202158628,"currentRatchet":{"ephemeralKeyPair":{"pubKey":"BZxIUnBVELmLsDpq06SbG4JpmcclMS039f3o2ptTF31c","privKey":"ACeAhAi3nF91iCtNO9Dba/xHHusN0ZrFfouOqV4XR1s="},"lastRemoteEphemeralKey":"BdeGpxtnBe5kZ11p+IvkFyJdy5WjaiJF4J/8mWW0RXNb","previousCounter":0,"rootKey":"KQ+8FICSEjPdcRQHBtCq8BAMrQGCvc8Ma2ALs43W1C8="},"indexInfo":{"baseKey":"BeRc97WQPYAi9QDIPkHV36zaSwn6Fv/PK9jb6+ehe81H","baseKeyType":2,"closed":-1,"used":1742338449105,"created":1742338449105,"remoteIdentityKey":"BYCEMwx7RIHZJwKEo9xquqaJerUAJo53Z3OAnTt4LVEL"},"_chains":{"BdeGpxtnBe5kZ11p+IvkFyJdy5WjaiJF4J/8mWW0RXNb":{"chainKey":{"counter":0,"key":"BK4Oy19ypV8cAtC9imCaFxGscWGQ2v0kSnh0d9dCKNk="},"chainType":2,"messageKeys":{}},"BZxIUnBVELmLsDpq06SbG4JpmcclMS039f3o2ptTF31c":{"chainKey":{"counter":-1,"key":"cD6a6idcSjwcxsdRsVKg1EzQYpWcBVJvfsQqYquoKVQ="},"chainType":1,"messageKeys":{}}}}},"version":"v1"}