{"_sessions":{"BV947/bSUB/Nfkku/znQEzdM5gX6KMRdivF2xwAiiMpj":{"registrationId":50671008,"currentRatchet":{"ephemeralKeyPair":{"pubKey":"BexMxLJ+jEADcCziD+w3+DtrKAUCtfqYire8ski/WBgZ","privKey":"SISIqEm+fbRl9c3n18Fk5Tjq9wfMkTqa/0Jy7u+42GA="},"lastRemoteEphemeralKey":"BUNTMKDr6fPzJ2d3wqLxuGlGY40CJ1dXnepIUC0piN9E","previousCounter":0,"rootKey":"anmdq9wgNiKXGviiBoEVFKm+QVDYw0l+XYCmP3jdz8A="},"indexInfo":{"baseKey":"BV947/bSUB/Nfkku/znQEzdM5gX6KMRdivF2xwAiiMpj","baseKeyType":2,"closed":-1,"used":1742429238333,"created":1742429238333,"remoteIdentityKey":"BXR5vGEglz/ReSH3VKRoavsDHsnjaZNO9sBylzQmbEsr"},"_chains":{"BUNTMKDr6fPzJ2d3wqLxuGlGY40CJ1dXnepIUC0piN9E":{"chainKey":{"counter":1,"key":"4H+XQo7yfW8lUs2Vy4inhuV31fgL6PT+dSOiAcjHw9M="},"chainType":2,"messageKeys":{}},"BexMxLJ+jEADcCziD+w3+DtrKAUCtfqYire8ski/WBgZ":{"chainKey":{"counter":-1,"key":"5FbFKk2K8UsNLf83viKHj98rFYSsszinvB39Grp8wuc="},"chainType":1,"messageKeys":{}}}}},"version":"v1"}