{"_sessions":{"BfVKl7OwwGQe0JQKg2S0HFYO+JyApATHi64vSf4QVuIC":{"registrationId":1781765634,"currentRatchet":{"ephemeralKeyPair":{"pubKey":"BXjRr5pDcTFWhdlTo5jqKxZ2pLElAw60ACyqd8wIA0oF","privKey":"gGl6VQTt/rfcl6huzoaFDLGrG5dtHa5DtGzBKTzQ2Xo="},"lastRemoteEphemeralKey":"BXkoFtrxrYtvBG3L5bEztmOIhmG7L6ol4cHxQ0qXOycE","previousCounter":0,"rootKey":"FbkYP0NKWMhoda6kg034TYr3elf/kvYKlf79ITiwPkc="},"indexInfo":{"baseKey":"BfVKl7OwwGQe0JQKg2S0HFYO+JyApATHi64vSf4QVuIC","baseKeyType":1,"closed":1742271293117,"used":1742271291346,"created":1742271291346,"remoteIdentityKey":"BUlod1K9T6HbW/uLgW+GfiNORd/6FNOlo2VSqWUs+k9+"},"_chains":{"BXjRr5pDcTFWhdlTo5jqKxZ2pLElAw60ACyqd8wIA0oF":{"chainKey":{"counter":0,"key":"igjfdXEc15/S3WBTJosjmh5tymHp83O9m/osdy9Iiew="},"chainType":1,"messageKeys":{}}},"pendingPreKey":{"signedKeyId":17,"baseKey":"BfVKl7OwwGQe0JQKg2S0HFYO+JyApATHi64vSf4QVuIC","preKeyId":14445310}},"BSjZpsI62gmg3eChcdLkYxYZUxI7zUhLARpqFSX+Vys0":{"registrationId":1781765634,"currentRatchet":{"ephemeralKeyPair":{"pubKey":"Bdm1mJNYxPNovZ5b+aIL6Q0ILDiTxJ9i3PwEON/8Q/8j","privKey":"4NNER3KzO4kIvLV1ZT5IjkjYJMDyxK8iqlpJ98JXcFY="},"lastRemoteEphemeralKey":"BXkoFtrxrYtvBG3L5bEztmOIhmG7L6ol4cHxQ0qXOycE","previousCounter":0,"rootKey":"sKJ+gmih4z8zjJGob2bd6d1BkmBz8pwvAWSQpewMTF4="},"indexInfo":{"baseKey":"BSjZpsI62gmg3eChcdLkYxYZUxI7zUhLARpqFSX+Vys0","baseKeyType":1,"closed":-1,"used":1742271293046,"created":1742271293046,"remoteIdentityKey":"BUlod1K9T6HbW/uLgW+GfiNORd/6FNOlo2VSqWUs+k9+"},"_chains":{"Bdm1mJNYxPNovZ5b+aIL6Q0ILDiTxJ9i3PwEON/8Q/8j":{"chainKey":{"counter":0,"key":"gelfMO7p4M78bycs7oNg5rNUMSLFUuoU3X0HxG7bkkM="},"chainType":1,"messageKeys":{}}},"pendingPreKey":{"signedKeyId":17,"baseKey":"BSjZpsI62gmg3eChcdLkYxYZUxI7zUhLARpqFSX+Vys0","preKeyId":14446016}}},"version":"v1"}