{"_sessions":{"BVZ1c/jXAb/HaK1hstU5VMrURp7L0ZPpNIWSLDZsn8xQ":{"registrationId":489855262,"currentRatchet":{"ephemeralKeyPair":{"pubKey":"BeV3NWUC8V00S+YFjG84jZi3sDsNqIqtf1dfNEWSBGQK","privKey":"mKrlIrc8sqX0afuYqK62AYLfqEB3V0XmA4eXq1yMgGE="},"lastRemoteEphemeralKey":"BXTUgI8obfcN/leRwUiap2tolsbnlFCvF3ePo2VSVxlA","previousCounter":0,"rootKey":"8UC9CerxXPWpbpHiUQKDy9xipcCT1ERV9i3TQ9YPrbE="},"indexInfo":{"baseKey":"BVZ1c/jXAb/HaK1hstU5VMrURp7L0ZPpNIWSLDZsn8xQ","baseKeyType":2,"closed":-1,"used":1742365786290,"created":1742365786290,"remoteIdentityKey":"BSiDT+fh2aayF/VRYY3nx657ua/b65MTnGLaxOQW7x9S"},"_chains":{"BXTUgI8obfcN/leRwUiap2tolsbnlFCvF3ePo2VSVxlA":{"chainKey":{"counter":0,"key":"yYZZPx/N7oMEyRbtp+BslwEbaI9zdrofqCebW61UsPY="},"chainType":2,"messageKeys":{}},"BeV3NWUC8V00S+YFjG84jZi3sDsNqIqtf1dfNEWSBGQK":{"chainKey":{"counter":-1,"key":"FMb19f2TuOaO1QC8noE7TNw4cgS5X+mrnoP9RYz2l3U="},"chainType":1,"messageKeys":{}}}}},"version":"v1"}