{"_sessions":{"BWXYViN0nV/UzlLMuo5aihZ4ErS3lmyOL2+iK88EE2pR":{"registrationId":872138914,"currentRatchet":{"ephemeralKeyPair":{"pubKey":"BTbz3T94WkCpsjDu3C8QDQv9L1kMYvZkinYKdEg8QtQO","privKey":"6NZuaneU/xMsGNV+ceeae4JmgB9Z59raLgEfL2zf0Hs="},"lastRemoteEphemeralKey":"BR/UOWAjWXTm/wl5xh0hYAvQpEqPUscqeRnDodqgzQAY","previousCounter":0,"rootKey":"2me2/Qh+fCam1j2M14xAlYV9QtoZyD6nYWDOQEYh24g="},"indexInfo":{"baseKey":"BWXYViN0nV/UzlLMuo5aihZ4ErS3lmyOL2+iK88EE2pR","baseKeyType":2,"closed":-1,"used":1742425999513,"created":1742425999513,"remoteIdentityKey":"Bf8jKByjkeRaY9k/GmutyeYqtfq9zx8/U768pGXyu8IQ"},"_chains":{"BR/UOWAjWXTm/wl5xh0hYAvQpEqPUscqeRnDodqgzQAY":{"chainKey":{"counter":1,"key":"agOh/09JGrdBvyeBd7PcGBadTNA6BiQtlEPbw1HehjI="},"chainType":2,"messageKeys":{"0":"ujKGQS4De1qx35yy+IYgxFa4O46+77vH5JNpOF8gUys="}},"BTbz3T94WkCpsjDu3C8QDQv9L1kMYvZkinYKdEg8QtQO":{"chainKey":{"counter":-1,"key":"dgGD80w1MQsr2oH0/bBxDgx0vceaX9NA1eTM6xn06S8="},"chainType":1,"messageKeys":{}}}}},"version":"v1"}