{"_sessions":{"BcGZdiMSmF/JMMFp1TLrjSg0aMEGpIBBLmvwB9fHHqE0":{"registrationId":368010719,"currentRatchet":{"ephemeralKeyPair":{"pubKey":"BYxm5+h1nYxzwg79tLqYhFQbLsuWTMicezQcjnUnUpdG","privKey":"gIUMfDRj1Blbzq0TSSviSZOwfP9WInoY+Wxi5wnH+08="},"lastRemoteEphemeralKey":"BYExg5anyANDPr+/ayWyWwHqdqrHmMkl0XMd8HYsHUdO","previousCounter":0,"rootKey":"oIYlvwkKWjov9d0/fROuZUK8ZFkae2XP0mzs3/Q4wB4="},"indexInfo":{"baseKey":"BcGZdiMSmF/JMMFp1TLrjSg0aMEGpIBBLmvwB9fHHqE0","baseKeyType":1,"closed":1742271293894,"used":1742271292156,"created":1742271292156,"remoteIdentityKey":"BUkbYpDhgNyxE5IDyHBz5EF6A5NRHYLmetkt6/OkIURr"},"_chains":{"BYxm5+h1nYxzwg79tLqYhFQbLsuWTMicezQcjnUnUpdG":{"chainKey":{"counter":0,"key":"v8gkOu2W0HiJt5sRlFYMBfUc5eU+iR5QnBR74kiCuXY="},"chainType":1,"messageKeys":{}}},"pendingPreKey":{"signedKeyId":67,"baseKey":"BcGZdiMSmF/JMMFp1TLrjSg0aMEGpIBBLmvwB9fHHqE0","preKeyId":9296479}},"BQAjItNeBgoyhbWBMRVMj1cPf8oRqqKYCgvm9/GGZf0h":{"registrationId":368010719,"currentRatchet":{"ephemeralKeyPair":{"pubKey":"Bd7fa4WzFktXj0ZoV8UEkdSZxgoluDEBpuSqbE40fQ1u","privKey":"4GwShxoEb8FaMNP+BzHCI2CeK5ckQBEUyK/inuYMLGc="},"lastRemoteEphemeralKey":"BYExg5anyANDPr+/ayWyWwHqdqrHmMkl0XMd8HYsHUdO","previousCounter":0,"rootKey":"yH14MVuJttsr6gLUIivg15fXswvh0cPT3cC/X1WApcU="},"indexInfo":{"baseKey":"BQAjItNeBgoyhbWBMRVMj1cPf8oRqqKYCgvm9/GGZf0h","baseKeyType":1,"closed":-1,"used":1742271293733,"created":1742271293733,"remoteIdentityKey":"BUkbYpDhgNyxE5IDyHBz5EF6A5NRHYLmetkt6/OkIURr"},"_chains":{"Bd7fa4WzFktXj0ZoV8UEkdSZxgoluDEBpuSqbE40fQ1u":{"chainKey":{"counter":0,"key":"4wzPbPyzU9H14UFtGEvIwm6ZjQIpIBBabdMogP+oZFc="},"chainType":1,"messageKeys":{}}},"pendingPreKey":{"signedKeyId":67,"baseKey":"BQAjItNeBgoyhbWBMRVMj1cPf8oRqqKYCgvm9/GGZf0h","preKeyId":9296642}}},"version":"v1"}