{"_sessions":{"BTsxx0I1l0TsDOHsmHT85BexpBT7kNTdfl7l4ixH9bNw":{"registrationId":328778062,"currentRatchet":{"ephemeralKeyPair":{"pubKey":"Bdi0Y8eNqmIqH8FPBXSvcxgatWNyoTGirPBska4o/CIx","privKey":"CDM41A7GyDDDRNkSKBX2cCkY+QeN3YMNj6Lq6JVRRlE="},"lastRemoteEphemeralKey":"BcpMQne4xS41B6wQ94qNMYl1yRGckY80zhOnCP0Eohli","previousCounter":0,"rootKey":"OsTQ90ugNao/dfPMxiiGNmGp7OStXsHLMCydHqo6aBE="},"indexInfo":{"baseKey":"BTsxx0I1l0TsDOHsmHT85BexpBT7kNTdfl7l4ixH9bNw","baseKeyType":2,"closed":-1,"used":1742426014723,"created":1742426014723,"remoteIdentityKey":"BQJcVYw5cbogpmcn4Og83Jy4XuMkmgMTHDqct8cDvptw"},"_chains":{"BcpMQne4xS41B6wQ94qNMYl1yRGckY80zhOnCP0Eohli":{"chainKey":{"counter":0,"key":"D4IKVueGTqgvm6NmxH/ZX2cl7lFgPq8wfkAeC9KJglo="},"chainType":2,"messageKeys":{}},"Bdi0Y8eNqmIqH8FPBXSvcxgatWNyoTGirPBska4o/CIx":{"chainKey":{"counter":-1,"key":"7C0jHKlU1UnYBe/00nFqfqSorsdJqMrXK5rZCV+6Rp4="},"chainType":1,"messageKeys":{}}}}},"version":"v1"}