{"_sessions":{"BdNA4x6HwTI3nEZGi6hrXHxA52OYuotXFbaFGiyavjlJ":{"registrationId":817124183,"currentRatchet":{"ephemeralKeyPair":{"pubKey":"BQAnvL1fqBqJu6ENgHoqEC9ZMz7vLSpDHEvpwD4Dmu0N","privKey":"oJXClXzXmEVAc0I1asWjVMhrINHd51xXR4eX2jM+WVc="},"lastRemoteEphemeralKey":"BQnn61YNIxjiAaOWhNqGnFAFwneWl3QeBYAw1cJjocV+","previousCounter":0,"rootKey":"rLfbpnEu2WUrqTF3EjuEnZhJZX0ubTqYoihBYhOwf+8="},"indexInfo":{"baseKey":"BdNA4x6HwTI3nEZGi6hrXHxA52OYuotXFbaFGiyavjlJ","baseKeyType":2,"closed":-1,"used":1742378091328,"created":1742378091328,"remoteIdentityKey":"BRhgedjvNBvC2BLVAbHNts4mhzU84lhY+ViIKR5KJEtr"},"_chains":{"BQnn61YNIxjiAaOWhNqGnFAFwneWl3QeBYAw1cJjocV+":{"chainKey":{"counter":0,"key":"XZ0Ylmw5cc1QpnGNVTssEB9FhpvS4xZLUFkrhg+C9Zo="},"chainType":2,"messageKeys":{}},"BQAnvL1fqBqJu6ENgHoqEC9ZMz7vLSpDHEvpwD4Dmu0N":{"chainKey":{"counter":-1,"key":"AexXeejrZ/9dHiaR77thXPX9ZMhivuMcJ+ngeMTnBms="},"chainType":1,"messageKeys":{}}}}},"version":"v1"}