{"_sessions":{"Bc6ma84ZW67zYpHlL3CYGeHCGolKWemryQWpE1QfQUgU":{"registrationId":1328758855,"currentRatchet":{"ephemeralKeyPair":{"pubKey":"BY2gEtEwGZlZPT2WJuTgYT36BG07sklocNsXS8uensZr","privKey":"sJt63En07cKSfERKZDSWCJ5temnfhQSg4Yp3qlvNh0k="},"lastRemoteEphemeralKey":"BWPNkyf1SGfqfD1RDNvhCANjnUf/BJd3+mlx+wkq7/ZO","previousCounter":0,"rootKey":"Ong/JCivYbcpY9rDvpR53lFrWs1kP0GMnhDF03KAzAE="},"indexInfo":{"baseKey":"Bc6ma84ZW67zYpHlL3CYGeHCGolKWemryQWpE1QfQUgU","baseKeyType":1,"closed":1742271293884,"used":1742271292125,"created":1742271292125,"remoteIdentityKey":"BeSoLhYjxgBmdwpWHkhtZGZCCPZFiVFG34MPZXN35aAH"},"_chains":{"BY2gEtEwGZlZPT2WJuTgYT36BG07sklocNsXS8uensZr":{"chainKey":{"counter":0,"key":"vGonk/GpsWBLadgy0hO3UHFKelitb13+jMTKb9B9xWk="},"chainType":1,"messageKeys":{}}},"pendingPreKey":{"signedKeyId":18,"baseKey":"Bc6ma84ZW67zYpHlL3CYGeHCGolKWemryQWpE1QfQUgU","preKeyId":5243457}},"BeYrfd4DYOsJjOPZKeVa8EObc2oJzksktNGoEtZKinU/":{"registrationId":1328758855,"currentRatchet":{"ephemeralKeyPair":{"pubKey":"BbdyxwW1zLT7yiNQAgQMh681Wydzm/3Y3gUCtveQUgEJ","privKey":"uCJFi5L2++Gh2AIOQ+0vUrXR2GMxxoXf7t60CxQ0HH8="},"lastRemoteEphemeralKey":"BWPNkyf1SGfqfD1RDNvhCANjnUf/BJd3+mlx+wkq7/ZO","previousCounter":0,"rootKey":"HtjxA79LulvLy0onzUDKdoLHLUwXKiojt4eIPMGT+T0="},"indexInfo":{"baseKey":"BeYrfd4DYOsJjOPZKeVa8EObc2oJzksktNGoEtZKinU/","baseKeyType":1,"closed":-1,"used":1742271293702,"created":1742271293702,"remoteIdentityKey":"BeSoLhYjxgBmdwpWHkhtZGZCCPZFiVFG34MPZXN35aAH"},"_chains":{"BbdyxwW1zLT7yiNQAgQMh681Wydzm/3Y3gUCtveQUgEJ":{"chainKey":{"counter":0,"key":"RAeNMdvy1CWkFtTvnMgeIhpSA7IMVqzo3aZZfO/BFb0="},"chainType":1,"messageKeys":{}}},"pendingPreKey":{"signedKeyId":18,"baseKey":"BeYrfd4DYOsJjOPZKeVa8EObc2oJzksktNGoEtZKinU/","preKeyId":5242813}}},"version":"v1"}