{"_sessions":{"BWU2Ektid8mizSqHBEeWjN9wIuYdK8mxSOPlQj2WhDl/":{"registrationId":367222441,"currentRatchet":{"ephemeralKeyPair":{"pubKey":"BWrVD6J6xd+ZKnNirwkq7BKPh90q1yMk+WC5D542wKVU","privKey":"8Ns+isp3nD+QAtGdRDRF4KY/Sk2355zcfiXsJwNw+UQ="},"lastRemoteEphemeralKey":"BVNvtLPPYXGeVaqRDzFf0TL+JA5GKDmPSqDX0ho2Tst/","previousCounter":0,"rootKey":"vUdKEEig35tb92ZboaBYHsoEqX4UPrNhYu0Pof4sYk4="},"indexInfo":{"baseKey":"BWU2Ektid8mizSqHBEeWjN9wIuYdK8mxSOPlQj2WhDl/","baseKeyType":1,"closed":1742271293888,"used":1742271292136,"created":1742271292136,"remoteIdentityKey":"BeVyl0IXZkDqHGIjdxg9V2noWhjHP/YV7N3hNC+ertsi"},"_chains":{"BWrVD6J6xd+ZKnNirwkq7BKPh90q1yMk+WC5D542wKVU":{"chainKey":{"counter":0,"key":"gCH+LYs1+Lt+w2JimIrBRG7oKYCgxEe/BF0R8vzUaZk="},"chainType":1,"messageKeys":{}}},"pendingPreKey":{"signedKeyId":9,"baseKey":"BWU2Ektid8mizSqHBEeWjN9wIuYdK8mxSOPlQj2WhDl/","preKeyId":11142178}},"Bbj06juY1MZt0HogN1rqNW37xgvn+/WuuQwqwOl2ztYC":{"registrationId":367222441,"currentRatchet":{"ephemeralKeyPair":{"pubKey":"BZlrH6WaScz84hGj7zgnO/3VSzcHD3cleE0K7uORIt4M","privKey":"eGjzl41nR1Cz9xCF8FJfMDRbPpFzG5c5/gH6jsGth3k="},"lastRemoteEphemeralKey":"BVNvtLPPYXGeVaqRDzFf0TL+JA5GKDmPSqDX0ho2Tst/","previousCounter":0,"rootKey":"/abNi09RRXuTLb+CeVY2EmIPPbolqDQstN7cMBp/RS0="},"indexInfo":{"baseKey":"Bbj06juY1MZt0HogN1rqNW37xgvn+/WuuQwqwOl2ztYC","baseKeyType":1,"closed":-1,"used":1742271293714,"created":1742271293714,"remoteIdentityKey":"BeVyl0IXZkDqHGIjdxg9V2noWhjHP/YV7N3hNC+ertsi"},"_chains":{"BZlrH6WaScz84hGj7zgnO/3VSzcHD3cleE0K7uORIt4M":{"chainKey":{"counter":0,"key":"e7hU3N/2YGkV7MPPUHORMzbFpNgG8O+gXdOObQBJ0Xs="},"chainType":1,"messageKeys":{}}},"pendingPreKey":{"signedKeyId":9,"baseKey":"Bbj06juY1MZt0HogN1rqNW37xgvn+/WuuQwqwOl2ztYC","preKeyId":11142683}}},"version":"v1"}