{"_sessions":{"BSS03JChrKi401/lUVpHlSq6KXroyGn+K+BOmRv1ha1p":{"registrationId":1878664371,"currentRatchet":{"ephemeralKeyPair":{"pubKey":"BZTZrRtYVwqG2zovbS5ShhmGXTCqJG356nyLOKqYqbA5","privKey":"SLRfljEVXdd0NtbUuJU24quWva9O0xkvJcLSOwqc+3c="},"lastRemoteEphemeralKey":"BcECdnW9SG1UxO/Ow5ZkDFccVIZT7Hg9msgj2TP4DEEi","previousCounter":0,"rootKey":"U832smkqFQgWtLQJz9besocXsXnswucgqOowtW7uCg8="},"indexInfo":{"baseKey":"BSS03JChrKi401/lUVpHlSq6KXroyGn+K+BOmRv1ha1p","baseKeyType":2,"closed":-1,"used":1742377687500,"created":1742377687500,"remoteIdentityKey":"BWeXRKD3YkuSab764hfzfIAGpvTtvtSb3LHc45AWROcM"},"_chains":{"BcECdnW9SG1UxO/Ow5ZkDFccVIZT7Hg9msgj2TP4DEEi":{"chainKey":{"counter":0,"key":"QiGv87S7PXTLvHrInxESo5r7mjeyM0lJZy8VpmW0Rxo="},"chainType":2,"messageKeys":{}},"BZTZrRtYVwqG2zovbS5ShhmGXTCqJG356nyLOKqYqbA5":{"chainKey":{"counter":-1,"key":"DwUoFmUDMEbvdvfvvHdtQg2LlSAnU/4IfS8k2OCGi8E="},"chainType":1,"messageKeys":{}}}}},"version":"v1"}