{"_sessions":{"BRmdznTEb8T9malyUlXTJDIVey5oDat29SqYJAxpI3Fm":{"registrationId":1790551050,"currentRatchet":{"ephemeralKeyPair":{"pubKey":"BZpXt317ZHCWTfwFEOFJoUVZ6UF0Gcb5ITZNhdxW/GYg","privKey":"WHc0kvD4286lbprpG2GN0ErYe1LyKHayDHjlzjAWlmw="},"lastRemoteEphemeralKey":"BTm8ZMzp4tjeD2npFTest9pn7jwQ/OTI71EsvM9jmdRy","previousCounter":0,"rootKey":"fIESNz5oMD3vkPykrFIK8hLOh+Y9u7EYf4yC94eFygk="},"indexInfo":{"baseKey":"BRmdznTEb8T9malyUlXTJDIVey5oDat29SqYJAxpI3Fm","baseKeyType":1,"closed":1742271293883,"used":1742271292123,"created":1742271292123,"remoteIdentityKey":"BSPV+rOZPrLxwGrUALqsBB3uKv8wXUgxCOKm+kN10UZa"},"_chains":{"BZpXt317ZHCWTfwFEOFJoUVZ6UF0Gcb5ITZNhdxW/GYg":{"chainKey":{"counter":0,"key":"ItKPpZc4zRtgBxgQdGG8zUstn6MGDkfw6M0PmfOzB/E="},"chainType":1,"messageKeys":{}}},"pendingPreKey":{"signedKeyId":25,"baseKey":"BRmdznTEb8T9malyUlXTJDIVey5oDat29SqYJAxpI3Fm","preKeyId":3305167}},"BZoNVkmzs2KIsyjbxlG0Ft8/yDKDxh+4Oshd1s2lVL8W":{"registrationId":1790551050,"currentRatchet":{"ephemeralKeyPair":{"pubKey":"BTzQcN/F8Jh1RxgbetKyJX9+NgQhjJNzM7VdCrY6EGM3","privKey":"cIi2vDhRVD3olIlRPUaiNtiJeq5WqvDWXBPqRZR5REM="},"lastRemoteEphemeralKey":"BTm8ZMzp4tjeD2npFTest9pn7jwQ/OTI71EsvM9jmdRy","previousCounter":0,"rootKey":"D3zqkhvV4cmLuXRB2g4Y5gEkDi81c9Edb01Mh1F4Gi0="},"indexInfo":{"baseKey":"BZoNVkmzs2KIsyjbxlG0Ft8/yDKDxh+4Oshd1s2lVL8W","baseKeyType":1,"closed":-1,"used":1742271293700,"created":1742271293700,"remoteIdentityKey":"BSPV+rOZPrLxwGrUALqsBB3uKv8wXUgxCOKm+kN10UZa"},"_chains":{"BTzQcN/F8Jh1RxgbetKyJX9+NgQhjJNzM7VdCrY6EGM3":{"chainKey":{"counter":0,"key":"rAfZLbUBOL/Q8asbYLLr/st1HM/Kd02NzIYD2Xxhoy4="},"chainType":1,"messageKeys":{}}},"pendingPreKey":{"signedKeyId":25,"baseKey":"BZoNVkmzs2KIsyjbxlG0Ft8/yDKDxh+4Oshd1s2lVL8W","preKeyId":3305781}}},"version":"v1"}