{"_sessions":{"BY7KfF9qB/rlsrUcWG77Iex0xyWkcpqMITHY5NSasQBL":{"registrationId":806318488,"currentRatchet":{"ephemeralKeyPair":{"pubKey":"Bc9PydOVueMWBb+4sgsUpHAvaXLvUeVuW55E+GroMRJL","privKey":"mE3blaILP9u40rZm/LpOue/zEs9jJbJtZfag+n6WxVk="},"lastRemoteEphemeralKey":"BeMbjuEJeseSqLXjaCGD5kisOYtnOjbV9zOgULFWWHp0","previousCounter":0,"rootKey":"eQg7z6rIDqz5qd9OWuAVDL/KOVq8o9vBcs8GzzUR2pE="},"indexInfo":{"baseKey":"BY7KfF9qB/rlsrUcWG77Iex0xyWkcpqMITHY5NSasQBL","baseKeyType":2,"closed":-1,"used":1742276379131,"created":1742276379131,"remoteIdentityKey":"BZj0IoaTK7aKymLyKVVk6N5xS7NHnVyunVMshnzPXaMl"},"_chains":{"BeMbjuEJeseSqLXjaCGD5kisOYtnOjbV9zOgULFWWHp0":{"chainKey":{"counter":4,"key":"ouuFkpMby1LFr2w6bj20NdNvbgvZc3cw2f/RxYghz4k="},"chainType":2,"messageKeys":{}},"Bc9PydOVueMWBb+4sgsUpHAvaXLvUeVuW55E+GroMRJL":{"chainKey":{"counter":-1,"key":"wFpsh7ZhgVOC/V0wfZtewgsKj0kvf7qxRrnWMnZqTSw="},"chainType":1,"messageKeys":{}}}}},"version":"v1"}