{"_sessions":{"BaO9NjweGMOn3LTfx3Y6IB4eMc4qg2+DUobN9wXYfjJp":{"registrationId":1910113349,"currentRatchet":{"ephemeralKeyPair":{"pubKey":"BYKq/wCrL/lZQhiJIxEXyv3Xvq0r1btbBGEAk328jqN5","privKey":"gJLio0dQSSGh0Uwh5YCIwPRYDTLBTndot/oyfETmVE8="},"lastRemoteEphemeralKey":"BZU1qai6iCsR/KCSCIZ2YkMWOIJQ5o0tf5B94FLgqH51","previousCounter":0,"rootKey":"lwSez1YRaLwSyBKIdfzGiWVO96V+OR7TsBQ5jNvf0Rc="},"indexInfo":{"baseKey":"BaO9NjweGMOn3LTfx3Y6IB4eMc4qg2+DUobN9wXYfjJp","baseKeyType":1,"closed":-1,"used":1742271344252,"created":1742271344252,"remoteIdentityKey":"BTLQmLm9Gnc09KB5FLcwEPZq0ytgfIKDlxoVX0i78/lt"},"_chains":{"BYKq/wCrL/lZQhiJIxEXyv3Xvq0r1btbBGEAk328jqN5":{"chainKey":{"counter":0,"key":"CVJXvmjVJWQbVgFKoOn8vmDwwIhfF0V6GNFnzLEbwpw="},"chainType":1,"messageKeys":{}}},"pendingPreKey":{"signedKeyId":40,"baseKey":"BaO9NjweGMOn3LTfx3Y6IB4eMc4qg2+DUobN9wXYfjJp","preKeyId":15754244}}},"version":"v1"}