{"_sessions":{"BTkfEbVgtwEsL+yY0U+qGYgLWwJC4I1E7RY3+LMyRbEN":{"registrationId":131476270,"currentRatchet":{"ephemeralKeyPair":{"pubKey":"BZic+1R+oCiwYm3hKIV6KfFRICPb6NgHKWxbbGBR1yFb","privKey":"mJZfIZIpEztOlM2PH411bBCoyBVgYJDxSYSghuIEMng="},"lastRemoteEphemeralKey":"BRu5Cm0rlsimrg88lhACJ4l59i0Ed3sIK2Yh3x60BFdM","previousCounter":0,"rootKey":"oUUzDIzzBxMTv8+M6VLu5hHNRt0TpZb5S83dxM63kRI="},"indexInfo":{"baseKey":"BTkfEbVgtwEsL+yY0U+qGYgLWwJC4I1E7RY3+LMyRbEN","baseKeyType":2,"closed":-1,"used":1742440468788,"created":1742440468788,"remoteIdentityKey":"Be+ZGzfL9Ts3ilVK2uw5WXLxHezjsneJlx64iYIkrXJH"},"_chains":{"BRu5Cm0rlsimrg88lhACJ4l59i0Ed3sIK2Yh3x60BFdM":{"chainKey":{"counter":0,"key":"TULEsUUPBTbkyroRJLh0qyEijXteuks2sIyDMkZlgEM="},"chainType":2,"messageKeys":{}},"BZic+1R+oCiwYm3hKIV6KfFRICPb6NgHKWxbbGBR1yFb":{"chainKey":{"counter":-1,"key":"tvbZea7c8tWarsoi05NhmfhSmjVTrRhCGd462fI2hcY="},"chainType":1,"messageKeys":{}}}}},"version":"v1"}