{"_sessions":{"BeJOXF0x07J+CgeVlCm0MmLI2ZklGUygdH9CF+rJMi0i":{"registrationId":1823,"currentRatchet":{"ephemeralKeyPair":{"pubKey":"BRtvrwAVqh4c4UxJfmRk8BE+MxFePze9wHtWoUBvDUpi","privKey":"aM/QvUp8DeKcfdJf3RIWr/U0isYP812TBk2VGgee91I="},"lastRemoteEphemeralKey":"BfXwtQbXoAS5XP0SbJfERSE9ua/yAjcqyENqBoVTjsYu","previousCounter":0,"rootKey":"dYRHJZwPwOSqhha7OsZaDEvWaG9N/Y7IACIxz14QO1M="},"indexInfo":{"baseKey":"BeJOXF0x07J+CgeVlCm0MmLI2ZklGUygdH9CF+rJMi0i","baseKeyType":1,"closed":1742271293074,"used":1742271291198,"created":1742271291198,"remoteIdentityKey":"BRQXkl7CU5H2o68EPItAbEHg86ieAz6iovl8In8kIP0I"},"_chains":{"BRtvrwAVqh4c4UxJfmRk8BE+MxFePze9wHtWoUBvDUpi":{"chainKey":{"counter":0,"key":"FyPzsmbDs7FtykFs6cArcqGWnqsblMYueA3iYvha1W4="},"chainType":1,"messageKeys":{}}},"pendingPreKey":{"signedKeyId":1,"baseKey":"BeJOXF0x07J+CgeVlCm0MmLI2ZklGUygdH9CF+rJMi0i","preKeyId":427}},"BXKMQFB+V0ZxwMrWsie1nqvo/s//H4vbtiLuYdwX7DsO":{"registrationId":1823,"currentRatchet":{"ephemeralKeyPair":{"pubKey":"BeKnWhLw1Lo/WZMrgCrT7VCEP8N38smtHRg5GF1x5/JN","privKey":"WNC4rTHcHzyFlhkwMCaA9MJIr3V4GMl3KSXXGZl+6lM="},"lastRemoteEphemeralKey":"BfXwtQbXoAS5XP0SbJfERSE9ua/yAjcqyENqBoVTjsYu","previousCounter":0,"rootKey":"l/kUQwKbxoYs88ektEItakkVkVbahsy6exy1pI4JwAs="},"indexInfo":{"baseKey":"BXKMQFB+V0ZxwMrWsie1nqvo/s//H4vbtiLuYdwX7DsO","baseKeyType":1,"closed":-1,"used":1742271292901,"created":1742271292901,"remoteIdentityKey":"BRQXkl7CU5H2o68EPItAbEHg86ieAz6iovl8In8kIP0I"},"_chains":{"BeKnWhLw1Lo/WZMrgCrT7VCEP8N38smtHRg5GF1x5/JN":{"chainKey":{"counter":1,"key":"u3cJnGgh2YcIn79nuZtJ/QZ1BuwwnRi05sSHHzzqF2w="},"chainType":1,"messageKeys":{}}},"pendingPreKey":{"signedKeyId":1,"baseKey":"BXKMQFB+V0ZxwMrWsie1nqvo/s//H4vbtiLuYdwX7DsO","preKeyId":357}}},"version":"v1"}