{"_sessions":{"BYnrEooXDf36leojX9eEUAF2ga+V8OjVx/4/HQXcwo5F":{"registrationId":332822363,"currentRatchet":{"ephemeralKeyPair":{"pubKey":"BSIOZkrY2pfq7deAJOOpE0W4xDoZSLXHnTXHqKewveR1","privKey":"6NNsaZ08t6RY8XrCUEP9kYi8Ay6J/A3ju+NBFVTK43w="},"lastRemoteEphemeralKey":"BRyba30ZN/a+c6xrFsHCh1UCv5ytbdvEokiKUgaJwexr","previousCounter":0,"rootKey":"3ymBHfwaRcsskjBc0WykV8JorbPMmTGgbCifD7V2hzI="},"indexInfo":{"baseKey":"BYnrEooXDf36leojX9eEUAF2ga+V8OjVx/4/HQXcwo5F","baseKeyType":2,"closed":-1,"used":1742440470745,"created":1742440470745,"remoteIdentityKey":"BU1JyfORhvvesrYSXk16YAMXCgNY8XE++LZsC/bMaVpK"},"_chains":{"BRyba30ZN/a+c6xrFsHCh1UCv5ytbdvEokiKUgaJwexr":{"chainKey":{"counter":1,"key":"hYeSaTdlJuUDaqK2CKlcvSSAjDroN+sX/ia9LMlMojo="},"chainType":2,"messageKeys":{}},"BSIOZkrY2pfq7deAJOOpE0W4xDoZSLXHnTXHqKewveR1":{"chainKey":{"counter":-1,"key":"McO2CyC2OOO6yq5IgR9/yyhG+YqLh89Sf7UnhowaLI4="},"chainType":1,"messageKeys":{}}}}},"version":"v1"}