{"_sessions":{"BY3zdxarh/7dUQp4y5Onni+6Ee2Nn3AaFKd2mzakNHhA":{"registrationId":880872484,"currentRatchet":{"ephemeralKeyPair":{"pubKey":"BY0rx//n/vK0IN6+fD4Fo8loQ/ayqlryePjl/+vDLq56","privKey":"yLAGblBP3bsaC7XNd6oftuZh/AWuY8XA04CBwxSWCms="},"lastRemoteEphemeralKey":"BZm0bL8DuuD+4sojyCU02s+f24YKZXVbqhvUTtnjHE1N","previousCounter":0,"rootKey":"z6WRK1/3yKLXPaljZygbX6iOIxS56RVjX3dMWxoTBdE="},"indexInfo":{"baseKey":"BY3zdxarh/7dUQp4y5Onni+6Ee2Nn3AaFKd2mzakNHhA","baseKeyType":1,"closed":1742271293087,"used":1742271291248,"created":1742271291248,"remoteIdentityKey":"Be/olgZWHtkJ19DHTwM6TPB8aU+E8dxbPCyzgcJCtTlJ"},"_chains":{"BY0rx//n/vK0IN6+fD4Fo8loQ/ayqlryePjl/+vDLq56":{"chainKey":{"counter":0,"key":"h3RaKY8w3qvU0hJXoISTl5QCm3Pd6tpfV3Z1qADJAjM="},"chainType":1,"messageKeys":{}}},"pendingPreKey":{"signedKeyId":1,"baseKey":"BY3zdxarh/7dUQp4y5Onni+6Ee2Nn3AaFKd2mzakNHhA","preKeyId":5951070}},"BU8SQh4PtpL3il87p5mWDyE0epZV0Ok2LwDiUy5HGVB4":{"registrationId":880872484,"currentRatchet":{"ephemeralKeyPair":{"pubKey":"BRTxU5Tjdcu4kdoyifFEgcwLchfoSQnQRnUUD9nhK7kU","privKey":"AOFxUx9BIgMpjCWl45sdBwMOdMUDrOLjyLByLbQ6eng="},"lastRemoteEphemeralKey":"BZm0bL8DuuD+4sojyCU02s+f24YKZXVbqhvUTtnjHE1N","previousCounter":0,"rootKey":"kQMaRlXzH77V1PCURFb9kNM4nLvziZbTUx/j6+mGHaY="},"indexInfo":{"baseKey":"BU8SQh4PtpL3il87p5mWDyE0epZV0Ok2LwDiUy5HGVB4","baseKeyType":1,"closed":-1,"used":1742271292950,"created":1742271292950,"remoteIdentityKey":"Be/olgZWHtkJ19DHTwM6TPB8aU+E8dxbPCyzgcJCtTlJ"},"_chains":{"BRTxU5Tjdcu4kdoyifFEgcwLchfoSQnQRnUUD9nhK7kU":{"chainKey":{"counter":0,"key":"hwsuDKgTcHegwAhVn2C2KMgymGKeOb5eXJvqlJ3Iimw="},"chainType":1,"messageKeys":{}}},"pendingPreKey":{"signedKeyId":1,"baseKey":"BU8SQh4PtpL3il87p5mWDyE0epZV0Ok2LwDiUy5HGVB4","preKeyId":5951010}}},"version":"v1"}