{"_sessions":{"BWG+v9zCIXpZs+gXno1dZptA3WFzNzybQFhLWyvHVqQ3":{"registrationId":1053409046,"currentRatchet":{"ephemeralKeyPair":{"pubKey":"Beht/MsnFr4xysz0rkkCgjsvxwFM+R5YwV0XwOWsxYo1","privKey":"KEHoT69QZnhYGJ2rSlDRPXmlNriBRIjh8VR8kHsdemo="},"lastRemoteEphemeralKey":"Bc1FJITiZ0NNCjcKm+mz9r5gYkjvA+dNf/W7toBYQ9ZR","previousCounter":0,"rootKey":"YI0MI7fS513uItz6g2z/QVltjmWp74PDZ0UnHWCvon4="},"indexInfo":{"baseKey":"BWG+v9zCIXpZs+gXno1dZptA3WFzNzybQFhLWyvHVqQ3","baseKeyType":2,"closed":-1,"used":1742338449067,"created":1742338449067,"remoteIdentityKey":"BWeFEHzaMoytQgmGWNVg29EmMLRtJ0ta1s+qTgsrXucn"},"_chains":{"Bc1FJITiZ0NNCjcKm+mz9r5gYkjvA+dNf/W7toBYQ9ZR":{"chainKey":{"counter":2,"key":"APcZqLyVv/P23FZNYm2KU1KsRYZS2V7xFRnDPmRaGx0="},"chainType":2,"messageKeys":{}},"Beht/MsnFr4xysz0rkkCgjsvxwFM+R5YwV0XwOWsxYo1":{"chainKey":{"counter":-1,"key":"VCVwjNWzNIDSTO9+wVul8Xl4VZqVgPLtWZO1TdBQjGY="},"chainType":1,"messageKeys":{}}}}},"version":"v1"}