{"_sessions":{"BYOiYh6kH96MbvQEswA68pZVECLhvrffdOuHTET4VBl3":{"registrationId":242642055,"currentRatchet":{"ephemeralKeyPair":{"pubKey":"BRd0t6FmkcfUNuN9iit3NEotC60MWXx2NTD1G6ltBUIY","privKey":"wA6FGrFTLkAyXxVEGSgD/LV5JEts+o/axhK2VrjAqG8="},"lastRemoteEphemeralKey":"BQ8wPkHNDDD1H46kmSvF4iwbQIGQ+E7xxGkyQ2TysgoH","previousCounter":0,"rootKey":"7OPJ4RgzhBKfEpW9W6uyg5u7XL6OT2pjsVxJ9Xgul7I="},"indexInfo":{"baseKey":"BYOiYh6kH96MbvQEswA68pZVECLhvrffdOuHTET4VBl3","baseKeyType":2,"closed":-1,"used":1742284460990,"created":1742284460990,"remoteIdentityKey":"BTDMFe8jh+TPSaNY3kOv2ehFWlTvcJ11v1FIH2nQX8Jw"},"_chains":{"BQ8wPkHNDDD1H46kmSvF4iwbQIGQ+E7xxGkyQ2TysgoH":{"chainKey":{"counter":1,"key":"FXUA4GWMAoFs6zkT9XmdJZE9L9bTfqPoMP+tQE8ZtZ0="},"chainType":2,"messageKeys":{}},"BRd0t6FmkcfUNuN9iit3NEotC60MWXx2NTD1G6ltBUIY":{"chainKey":{"counter":-1,"key":"ZZFWt2l94/VDvWRpMDZKqTvC3BaHKXqGumEmzK5Lzxw="},"chainType":1,"messageKeys":{}}}}},"version":"v1"}