{"_sessions":{"BQQmg32M1jY+CpduZZ5gSa/yHSOsDNwCayi6qQmN5gUJ":{"registrationId":658,"currentRatchet":{"ephemeralKeyPair":{"pubKey":"BawDbH1euJMW2jR02nIx65sSdi/ALjbCdgjkd591eP1x","privKey":"mNvQCfJNunAaaHhzeydnuKwHn8XX+s5ApX2tCbRdI2Q="},"lastRemoteEphemeralKey":"BY/U1i9ahEcj1bIc0FADJp96sdd9PT/pCeOJ8m86BlVx","previousCounter":0,"rootKey":"arl6ejwdcpiZ2RIBjrl9uBjzQLp6n58z0OR3sL5Dk4k="},"indexInfo":{"baseKey":"BQQmg32M1jY+CpduZZ5gSa/yHSOsDNwCayi6qQmN5gUJ","baseKeyType":1,"closed":1742271293069,"used":1742271291182,"created":1742271291182,"remoteIdentityKey":"BQ6otx32yNR9fhScbwFoz/IYF0YXMEjH4WRr/3wiptFp"},"_chains":{"BawDbH1euJMW2jR02nIx65sSdi/ALjbCdgjkd591eP1x":{"chainKey":{"counter":0,"key":"PKhzquWfBZ1iQeWZrpoysqc+D8obcu3S4Fj+8lGwiuU="},"chainType":1,"messageKeys":{}}},"pendingPreKey":{"signedKeyId":1,"baseKey":"BQQmg32M1jY+CpduZZ5gSa/yHSOsDNwCayi6qQmN5gUJ","preKeyId":635}},"BQVv/ykZ0XVFxHW7dAVQA/fsQCKG7w3Mlm/w5q2oo09i":{"registrationId":658,"currentRatchet":{"ephemeralKeyPair":{"pubKey":"BW6Jc3D4FoNBKfmYKDm1/5giQQTCyhx5sT0nabqDEjta","privKey":"gEVZEw4a5brSpCvU4SgRfWdpuTZ3xWlLyarFfFQz428="},"lastRemoteEphemeralKey":"BY/U1i9ahEcj1bIc0FADJp96sdd9PT/pCeOJ8m86BlVx","previousCounter":0,"rootKey":"3WTBec4K8zuJsiK/exYFgra1F+pT+p0ccTpgKIBDQWo="},"indexInfo":{"baseKey":"BQVv/ykZ0XVFxHW7dAVQA/fsQCKG7w3Mlm/w5q2oo09i","baseKeyType":1,"closed":-1,"used":1742271292886,"created":1742271292886,"remoteIdentityKey":"BQ6otx32yNR9fhScbwFoz/IYF0YXMEjH4WRr/3wiptFp"},"_chains":{"BW6Jc3D4FoNBKfmYKDm1/5giQQTCyhx5sT0nabqDEjta":{"chainKey":{"counter":0,"key":"mt8dpAJiintoQYvw76Czpv1QVM95lr6zllHgTr+P5lE="},"chainType":1,"messageKeys":{}}},"pendingPreKey":{"signedKeyId":1,"baseKey":"BQVv/ykZ0XVFxHW7dAVQA/fsQCKG7w3Mlm/w5q2oo09i","preKeyId":579}}},"version":"v1"}