{"_sessions":{"BWoC4t82RMSBPm8PctkVAUSqGVO4yj82lzRNSaMvYcM3":{"registrationId":8417,"currentRatchet":{"ephemeralKeyPair":{"pubKey":"BVFT0lmqtvyWj2gKX49gQChW80QEMC3ZkSN4M7OkZhUz","privKey":"MAFsJDO85BClJ7ZmNzH5FEfJdxFfFk+3mVYXksYugXM="},"lastRemoteEphemeralKey":"BV6+s7kZFSvKZOGehKM73CEbNoDLMlq7moxWBMXWIf8+","previousCounter":0,"rootKey":"W2T5vwdRT40j3b2AvUhlFFK+1ydedo0hB8peeHT29mE="},"indexInfo":{"baseKey":"BWoC4t82RMSBPm8PctkVAUSqGVO4yj82lzRNSaMvYcM3","baseKeyType":1,"closed":1742271293092,"used":1742271291262,"created":1742271291262,"remoteIdentityKey":"BWP8CW6MI6BoG2iJ4gjWNIXSSFnR8a73crrgcg26H28C"},"_chains":{"BVFT0lmqtvyWj2gKX49gQChW80QEMC3ZkSN4M7OkZhUz":{"chainKey":{"counter":0,"key":"hMoza8I0Hom9+zVFeYBtN73jQdnkGhUSz1LcfXGQLT8="},"chainType":1,"messageKeys":{}}},"pendingPreKey":{"signedKeyId":1,"baseKey":"BWoC4t82RMSBPm8PctkVAUSqGVO4yj82lzRNSaMvYcM3"}},"BfdspNDdm0ToGgz23iH5EvMeo6442lmyyNua8g0KTF9E":{"registrationId":8417,"currentRatchet":{"ephemeralKeyPair":{"pubKey":"Bdkcr+dugd+h4j2DjFZkYxgImm4BSkTUKz6Kt95Md3JG","privKey":"IP/QrWz+DHFbY7lUuIDck5DGH1sIRVTOj+myqksJqWQ="},"lastRemoteEphemeralKey":"BV6+s7kZFSvKZOGehKM73CEbNoDLMlq7moxWBMXWIf8+","previousCounter":0,"rootKey":"umpDFY6uYAXhWAkoJ0dQZ+1Ez0OiPfB60rztSY1hRYk="},"indexInfo":{"baseKey":"BfdspNDdm0ToGgz23iH5EvMeo6442lmyyNua8g0KTF9E","baseKeyType":1,"closed":-1,"used":1742271292962,"created":1742271292962,"remoteIdentityKey":"BWP8CW6MI6BoG2iJ4gjWNIXSSFnR8a73crrgcg26H28C"},"_chains":{"Bdkcr+dugd+h4j2DjFZkYxgImm4BSkTUKz6Kt95Md3JG":{"chainKey":{"counter":0,"key":"8+6tXqrQYBnjrIGYxVgiCRTiFIQRzAFPh67OAJER+nI="},"chainType":1,"messageKeys":{}}},"pendingPreKey":{"signedKeyId":1,"baseKey":"BfdspNDdm0ToGgz23iH5EvMeo6442lmyyNua8g0KTF9E"}}},"version":"v1"}