{"_sessions":{"BRrZWtPWj5KVeuTEEwO9uKh9gsTYThSU+t0dlvj/bCRS":{"registrationId":169656244,"currentRatchet":{"ephemeralKeyPair":{"pubKey":"BbMUWx82eaxZVOx+RdokPx3t6CrCOV8jNGb3DhPslEJM","privKey":"uPLNR6L1Hs4rzGg8tQbjLRdF81/fjWD3E36E9oU5J28="},"lastRemoteEphemeralKey":"BQYGN2Rexpd3Qje/u9gu8mRaNPuSiYWGFuyYg+xS2fR5","previousCounter":0,"rootKey":"NM7bouPfvMJbBAWwv8z4m5XOFSoBe3iHMkyXanc+A+4="},"indexInfo":{"baseKey":"BRrZWtPWj5KVeuTEEwO9uKh9gsTYThSU+t0dlvj/bCRS","baseKeyType":1,"closed":1742271293072,"used":1742271291191,"created":1742271291191,"remoteIdentityKey":"BfKvUakd8qR/2adr+F7k4560srabgc9fKItwih1uUpVS"},"_chains":{"BbMUWx82eaxZVOx+RdokPx3t6CrCOV8jNGb3DhPslEJM":{"chainKey":{"counter":0,"key":"nVkzlkNW7Umn6341Y6uaMyH7NqQfWQ0VFzTJWo1Halo="},"chainType":1,"messageKeys":{}}},"pendingPreKey":{"signedKeyId":94,"baseKey":"BRrZWtPWj5KVeuTEEwO9uKh9gsTYThSU+t0dlvj/bCRS","preKeyId":5288}},"BctLBSBc9XvFHkLypJ7hNe1OTiUEiGsfPc83v0hH6noM":{"registrationId":169656244,"currentRatchet":{"ephemeralKeyPair":{"pubKey":"BYZh3KH2qk897MqIf6vICIJEe8O6X5B2XTCy+3l8dE4C","privKey":"iPm5B1oRF11F8OoMtzCKg0jlJL+OlvosF4ewl8U3Sk0="},"lastRemoteEphemeralKey":"BQYGN2Rexpd3Qje/u9gu8mRaNPuSiYWGFuyYg+xS2fR5","previousCounter":0,"rootKey":"UFuE4wDwhtXAHae6m8Jnu/ghDWexxrDBe2mtofhH+08="},"indexInfo":{"baseKey":"BctLBSBc9XvFHkLypJ7hNe1OTiUEiGsfPc83v0hH6noM","baseKeyType":1,"closed":-1,"used":1742271292894,"created":1742271292894,"remoteIdentityKey":"BfKvUakd8qR/2adr+F7k4560srabgc9fKItwih1uUpVS"},"_chains":{"BYZh3KH2qk897MqIf6vICIJEe8O6X5B2XTCy+3l8dE4C":{"chainKey":{"counter":0,"key":"D/AmT7mE3wIbiuJbxg/TuxQj872UgeQOZwjfoy3J8j4="},"chainType":1,"messageKeys":{}}},"pendingPreKey":{"signedKeyId":94,"baseKey":"BctLBSBc9XvFHkLypJ7hNe1OTiUEiGsfPc83v0hH6noM","preKeyId":5215}}},"version":"v1"}