{"_sessions":{"BdX7QpF0k5DAI3FUir3yZGpamsXRfX2u5GQzZT9+xTRL":{"registrationId":8537,"currentRatchet":{"ephemeralKeyPair":{"pubKey":"BdXzAuvca4NaZogabV4WYAwJZg0QE5alPgU5f26su18A","privKey":"aJKGafcRX/aK/3nrvRhb++46tMEm9J0ND2TspklxVEQ="},"lastRemoteEphemeralKey":"BdGEqikhZeQvk5GZi7z/TxS5QR8LMM4IptPJ9sDUofg6","previousCounter":0,"rootKey":"QmwIYUAhq/D2P6R/qc8ENPYG3MyHh/m3mOc2tCG43BU="},"indexInfo":{"baseKey":"BdX7QpF0k5DAI3FUir3yZGpamsXRfX2u5GQzZT9+xTRL","baseKeyType":1,"closed":1742271293082,"used":1742271291224,"created":1742271291224,"remoteIdentityKey":"BUJN/6AD4XFhx7zUMUuMKF8QpLBqRaoAomjDiIIP8LRz"},"_chains":{"BdXzAuvca4NaZogabV4WYAwJZg0QE5alPgU5f26su18A":{"chainKey":{"counter":0,"key":"RMx8VTFhAZgS4wMUN1I1pwGL47WDWoxJoU4NC3nbeVE="},"chainType":1,"messageKeys":{}}},"pendingPreKey":{"signedKeyId":4,"baseKey":"BdX7QpF0k5DAI3FUir3yZGpamsXRfX2u5GQzZT9+xTRL","preKeyId":4933}},"BX7dARoDbXy+NFKInsgAjXG0CrAs6y7xl/k/g5AT2D9L":{"registrationId":8537,"currentRatchet":{"ephemeralKeyPair":{"pubKey":"BT8evm6D5Wl8998WG3jKUONSx20VWF+1+Md8X5QTRNk9","privKey":"gPFcy2ZDbSsDT/TCM9jlU9CBIg4hQxEAGmxzwNrBDV8="},"lastRemoteEphemeralKey":"BdGEqikhZeQvk5GZi7z/TxS5QR8LMM4IptPJ9sDUofg6","previousCounter":0,"rootKey":"7pcgBYuGGjVCHMEpYtGkAqnwMzJaQedIhd1hGZdk0+I="},"indexInfo":{"baseKey":"BX7dARoDbXy+NFKInsgAjXG0CrAs6y7xl/k/g5AT2D9L","baseKeyType":1,"closed":-1,"used":1742271292927,"created":1742271292927,"remoteIdentityKey":"BUJN/6AD4XFhx7zUMUuMKF8QpLBqRaoAomjDiIIP8LRz"},"_chains":{"BT8evm6D5Wl8998WG3jKUONSx20VWF+1+Md8X5QTRNk9":{"chainKey":{"counter":0,"key":"Zzjjej7z5fEb8NBaxzxPT9jcV7nzXC9pxqNjicnlXJI="},"chainType":1,"messageKeys":{}}},"pendingPreKey":{"signedKeyId":4,"baseKey":"BX7dARoDbXy+NFKInsgAjXG0CrAs6y7xl/k/g5AT2D9L","preKeyId":5115}}},"version":"v1"}