{"_sessions":{"Bf8kbiizASlhLZ55LJpwzEGFFvp1fsrcfoY4iOi69YwD":{"registrationId":1909729562,"currentRatchet":{"ephemeralKeyPair":{"pubKey":"Besub3me0njV7R9trNQIC/9Cm5s7lVWnHdxjTIsBLGcX","privKey":"kIQjVL1uyJLRiz6i3r3X1G45uZQpyE1CLHglS0/bN1Q="},"lastRemoteEphemeralKey":"Bbml9nJrPi/qUEa+sCUOdN3MuT43r7b7hDRF09KQtglQ","previousCounter":0,"rootKey":"elcYkYQFqC3OHjvM2euoSfSHP+sKpc4Hc5gWL5aBTFA="},"indexInfo":{"baseKey":"Bf8kbiizASlhLZ55LJpwzEGFFvp1fsrcfoY4iOi69YwD","baseKeyType":2,"closed":-1,"used":1742447861099,"created":1742447861099,"remoteIdentityKey":"BX/C2OsJE1YY0rYGAnirP0HCY/OZRL7JKNcPbwulauw3"},"_chains":{"Bbml9nJrPi/qUEa+sCUOdN3MuT43r7b7hDRF09KQtglQ":{"chainKey":{"counter":0,"key":"mkwKvHTf9B85g7C3/fX3Kphz5ickMkvDXBkDw73mWlE="},"chainType":2,"messageKeys":{}},"Besub3me0njV7R9trNQIC/9Cm5s7lVWnHdxjTIsBLGcX":{"chainKey":{"counter":-1,"key":"Diit62hrtR3B4iUVMaG63qJ5X7hxV3cYwo44Xe0Ibvs="},"chainType":1,"messageKeys":{}}}}},"version":"v1"}