{"_sessions":{"Beqoe8P1bMTcAt2kBIjkkcsE54Ubh9DPwEclRHHtHjt6":{"registrationId":2438,"currentRatchet":{"ephemeralKeyPair":{"pubKey":"BXXjoo2lI8/mFcw+xjSjIsc9MVDvB9Ki/8t3qFhR57Zz","privKey":"KKyc0gE9l1pqLL8TIL4JrZaX1UffXqrjobciJn5bxmI="},"lastRemoteEphemeralKey":"BXUk6dfUCb1MYh/q5IVpluZycuNGB3qoPNwSbLHE8Tox","previousCounter":0,"rootKey":"GOAlInCUiAORR3KWoxJrL5wL24iYRNUogyqG2ZJrEdU="},"indexInfo":{"baseKey":"Beqoe8P1bMTcAt2kBIjkkcsE54Ubh9DPwEclRHHtHjt6","baseKeyType":1,"closed":1742271293077,"used":1742271291207,"created":1742271291207,"remoteIdentityKey":"BUsdT6sQduBfAesDMSwTvwqAK9ADSMr8C2ejtuT23dpg"},"_chains":{"BXXjoo2lI8/mFcw+xjSjIsc9MVDvB9Ki/8t3qFhR57Zz":{"chainKey":{"counter":0,"key":"s0jMW6wbizeZkxu5PAcSn+yjuZ8BbFLS1yYqsQqybxY="},"chainType":1,"messageKeys":{}}},"pendingPreKey":{"signedKeyId":1,"baseKey":"Beqoe8P1bMTcAt2kBIjkkcsE54Ubh9DPwEclRHHtHjt6","preKeyId":268}},"BQ6nKN3a7Deyct/b2sefMvd1Q9gA5SRDqv8ICJQwpk56":{"registrationId":2438,"currentRatchet":{"ephemeralKeyPair":{"pubKey":"BVlitHvyZK5bqninbnUOWZJZVg0oQ5aQN7OP7MU12hAS","privKey":"KOvU9/Flz0esdQlRG/wYTVpJnUqA2l8cp2rOEEYJsGI="},"lastRemoteEphemeralKey":"BXUk6dfUCb1MYh/q5IVpluZycuNGB3qoPNwSbLHE8Tox","previousCounter":0,"rootKey":"NZ1V/Td5gz+tpEurf7YTiRA4FWWzfg0NdsJr8+PBcbQ="},"indexInfo":{"baseKey":"BQ6nKN3a7Deyct/b2sefMvd1Q9gA5SRDqv8ICJQwpk56","baseKeyType":1,"closed":-1,"used":1742271292911,"created":1742271292911,"remoteIdentityKey":"BUsdT6sQduBfAesDMSwTvwqAK9ADSMr8C2ejtuT23dpg"},"_chains":{"BVlitHvyZK5bqninbnUOWZJZVg0oQ5aQN7OP7MU12hAS":{"chainKey":{"counter":0,"key":"RxDP7h1Qj+yWpbn0ykLpYcvTMojVN+mhMofzpIJe4ug="},"chainType":1,"messageKeys":{}}},"pendingPreKey":{"signedKeyId":1,"baseKey":"BQ6nKN3a7Deyct/b2sefMvd1Q9gA5SRDqv8ICJQwpk56","preKeyId":548}}},"version":"v1"}