{"_sessions":{"Bdv2PktccVnc0vWC4u/mAU9G3P0L5/Ibogg1ja1ELMVj":{"registrationId":60925403,"currentRatchet":{"ephemeralKeyPair":{"pubKey":"BXEt43yI1Ey+1KWFdKN0NikDStI4JyOmnaYbaK/GXsJt","privKey":"CLkHayP1qK30xb8LMX/WgRkPBD7P1b1Of2UCpKutr1s="},"lastRemoteEphemeralKey":"BSuCG03kMG2iW5/7qYpt7IXKqOCvbfvTDT0uwMR6u9dh","previousCounter":0,"rootKey":"qtSZJkbHvGoUhaPzVrMOq/Xcb+vIylQLU5ybTRY4Imo="},"indexInfo":{"baseKey":"Bdv2PktccVnc0vWC4u/mAU9G3P0L5/Ibogg1ja1ELMVj","baseKeyType":2,"closed":-1,"used":1742309670382,"created":1742309670382,"remoteIdentityKey":"BU5fTrzyNlGP85iW/7seatHkdL4DoDpLsGvsNtrFBot0"},"_chains":{"BSuCG03kMG2iW5/7qYpt7IXKqOCvbfvTDT0uwMR6u9dh":{"chainKey":{"counter":0,"key":"NmhfNlVw/oge2iLY0WIXkgbLdysLBmWA60gD/XbqwH0="},"chainType":2,"messageKeys":{}},"BXEt43yI1Ey+1KWFdKN0NikDStI4JyOmnaYbaK/GXsJt":{"chainKey":{"counter":-1,"key":"slxQrHKd6HqzAs385e24otseZbPtoS3dwXqJCQBXwL0="},"chainType":1,"messageKeys":{}}}}},"version":"v1"}