{"_sessions":{"BUTKlrooQIjrALCCq9MXFFDyrhBXC7NzL7yjb/gY+ukh":{"registrationId":1762360647,"currentRatchet":{"ephemeralKeyPair":{"pubKey":"BZZ3+6PkmqKoGgnKMLiVb44DhWUwisEmVGj+4PePCnU8","privKey":"qAz6KAkVaGkaLDfSOKx/QqarmU0z/mFQzp+Zy7Ds+2w="},"lastRemoteEphemeralKey":"BbbyQie5rz3+6+NWfEvMsgfRYWJc0kqNuR6TxEPUbM88","previousCounter":0,"rootKey":"v5DWVE0zR6+3XnPpV40Up/iUeb7EDvXULub8wVYyGRw="},"indexInfo":{"baseKey":"BUTKlrooQIjrALCCq9MXFFDyrhBXC7NzL7yjb/gY+ukh","baseKeyType":2,"closed":-1,"used":1742345444098,"created":1742345444098,"remoteIdentityKey":"BUTf7np9Z8/2k2llqGfNkVNbMDQ0y/jG9DHmuthTaXhZ"},"_chains":{"BbbyQie5rz3+6+NWfEvMsgfRYWJc0kqNuR6TxEPUbM88":{"chainKey":{"counter":0,"key":"O/OVTYkT/My7yqzvl/Z31iGN5GBot8Ik813CZy2r2Bk="},"chainType":2,"messageKeys":{}},"BZZ3+6PkmqKoGgnKMLiVb44DhWUwisEmVGj+4PePCnU8":{"chainKey":{"counter":-1,"key":"6yFSV/URkY/2own9gu5FJ9YeKdFHlSWVcYsoUBJ8YO8="},"chainType":1,"messageKeys":{}}}}},"version":"v1"}