{"_sessions":{"BaDPHZPgX0UtLf47PZtVZ9mUJB2o5OaVrVbipHqEbXZs":{"registrationId":1823228548,"currentRatchet":{"ephemeralKeyPair":{"pubKey":"BUKZoaOFsvjyPgdF0qTaBBv1D4cM5PlrlufGH98A0HAY","privKey":"iIxCfl8gJFxNvZhq7poSNKoDOJBlO6UqWHSoor/8E0U="},"lastRemoteEphemeralKey":"Bc4QoV+SxdcsnOeA6dXvLjjQ59/vwQqD5jiTTwpU6YBL","previousCounter":0,"rootKey":"6aQ03Qexkw0UT6Hl5RTjiLqiBh1xF3XnwpLQ64hR0hQ="},"indexInfo":{"baseKey":"BaDPHZPgX0UtLf47PZtVZ9mUJB2o5OaVrVbipHqEbXZs","baseKeyType":2,"closed":-1,"used":1742311787083,"created":1742311787083,"remoteIdentityKey":"Beob5UzRPSWwfXQXftcIIJFdizqm8akCpRMY62KE6dIH"},"_chains":{"Bc4QoV+SxdcsnOeA6dXvLjjQ59/vwQqD5jiTTwpU6YBL":{"chainKey":{"counter":5,"key":"NcK5sJi5FHrwNfXhqnEqHWNkP7q+y/AMLYRO2boS9r0="},"chainType":2,"messageKeys":{"3":"bpuVdDKRrXTYlMzSIDtxKnYF2LcM2TW6+I52RQU8tsA="}},"BUKZoaOFsvjyPgdF0qTaBBv1D4cM5PlrlufGH98A0HAY":{"chainKey":{"counter":-1,"key":"MHdJEhKZWP4Tzvd7jBt+9hqJbZhr9F6LsSNMMN2mZrc="},"chainType":1,"messageKeys":{}}}}},"version":"v1"}