{"_sessions":{"BTq+g+9To3BK01qZvXQClvEDNsNF0wWrd0HQGH4/LpMl":{"registrationId":980221041,"currentRatchet":{"ephemeralKeyPair":{"pubKey":"Bff7AQs6QvhINwmdgqagg6CrW6AyFKI1tnbtSUsi3GJ3","privKey":"wJsW/0U8E+BSXJLy31jiSAeLZXqEVW0H/47hlWUzOF8="},"lastRemoteEphemeralKey":"BezzlX/e+AyjbUWnxgF6Z0LR74TJ5uW5uqsDeOWxRpAG","previousCounter":0,"rootKey":"4+TdFY28NIjBNQHrxQwtutWbdOSesEcS/zu2ysM4Vcc="},"indexInfo":{"baseKey":"BTq+g+9To3BK01qZvXQClvEDNsNF0wWrd0HQGH4/LpMl","baseKeyType":2,"closed":-1,"used":1742380371890,"created":1742380371890,"remoteIdentityKey":"BTtLOgm6Uf6emk+PfOzBUo1bEL3E1QJrWJvBUBKK1lIZ"},"_chains":{"BezzlX/e+AyjbUWnxgF6Z0LR74TJ5uW5uqsDeOWxRpAG":{"chainKey":{"counter":2,"key":"28ywoggrIiWEsYF/iU0aur0/T5CfCAGShMvK9QZoSH0="},"chainType":2,"messageKeys":{"0":"Pj/BR1Cyj+exDfXx8R3LSwG1xdiDLNIu7xdGG8o1oeg=","1":"Is86zryMNtek3f/+9u+nq6m+xeDkbaCHdZ10XRPBrDg="}},"Bff7AQs6QvhINwmdgqagg6CrW6AyFKI1tnbtSUsi3GJ3":{"chainKey":{"counter":-1,"key":"ZjMqIijXMPOXtxOtO1cRm8QDmpR/r71fUARfS2kR3bY="},"chainType":1,"messageKeys":{}}}}},"version":"v1"}