{"_sessions":{"BZ45ZV1ldRqvazyhI7mlWz+ZbFWlcRdp+RDIk+/tVI4u":{"registrationId":1823253067,"currentRatchet":{"ephemeralKeyPair":{"pubKey":"Bf8Hgsx/FtcLT7xiqbZ6xawsFbIeinto9uIYc3gtzLxp","privKey":"MOQym7gkkNIN6kiDYUauHPhqDM8rw1lWOf77a5MJyk4="},"lastRemoteEphemeralKey":"BbtWVP5LEGgLk8z4UDgPeh+ocFlAFwVhX4Af1B8Ea6x2","previousCounter":0,"rootKey":"HWYKjZg1FWBEE5wQrzNr9neXxhwRP/3Dv+LdLGGRvkM="},"indexInfo":{"baseKey":"BZ45ZV1ldRqvazyhI7mlWz+ZbFWlcRdp+RDIk+/tVI4u","baseKeyType":1,"closed":1742271293112,"used":1742271291328,"created":1742271291328,"remoteIdentityKey":"BSMrAJwUGemVpmeB9G493IsLK94va+ehk8fWo2fYoDJl"},"_chains":{"Bf8Hgsx/FtcLT7xiqbZ6xawsFbIeinto9uIYc3gtzLxp":{"chainKey":{"counter":0,"key":"PuTyKcqNoo4ovmEGjsNGLLAlEIDtRqVppw6qunUcBcw="},"chainType":1,"messageKeys":{}}},"pendingPreKey":{"signedKeyId":65,"baseKey":"BZ45ZV1ldRqvazyhI7mlWz+ZbFWlcRdp+RDIk+/tVI4u","preKeyId":4623204}},"BZ7AhNiKfT0xp2cpexpIGmkVnd7V/AZ/yocguDCFTIl8":{"registrationId":1823253067,"currentRatchet":{"ephemeralKeyPair":{"pubKey":"BebnfmQ9QRmRuhhhQ0F3nIEzzfdhzXbBXLmKYaxFrVVs","privKey":"4D2Sifh+6EDB3F5mf2hCj/hkLSEpTCrXiDP5BrXewFY="},"lastRemoteEphemeralKey":"BbtWVP5LEGgLk8z4UDgPeh+ocFlAFwVhX4Af1B8Ea6x2","previousCounter":0,"rootKey":"UV0KJCTPn3MjbASiHQVlokau23BivZBmF36bvfyDIMM="},"indexInfo":{"baseKey":"BZ7AhNiKfT0xp2cpexpIGmkVnd7V/AZ/yocguDCFTIl8","baseKeyType":1,"closed":-1,"used":1742271293025,"created":1742271293025,"remoteIdentityKey":"BSMrAJwUGemVpmeB9G493IsLK94va+ehk8fWo2fYoDJl"},"_chains":{"BebnfmQ9QRmRuhhhQ0F3nIEzzfdhzXbBXLmKYaxFrVVs":{"chainKey":{"counter":0,"key":"o5oiNFy0eKOIzOzZ7noYVnbCiMlWZ0f8pF1brk40peo="},"chainType":1,"messageKeys":{}}},"pendingPreKey":{"signedKeyId":65,"baseKey":"BZ7AhNiKfT0xp2cpexpIGmkVnd7V/AZ/yocguDCFTIl8","preKeyId":4623221}}},"version":"v1"}