{"_sessions":{"BYeo/VyxqkgwVb5ihyssnXRw0Mx7O3e8YQU/awyQoqFx":{"registrationId":244045029,"currentRatchet":{"ephemeralKeyPair":{"pubKey":"BR7scUwrCIaeu7eQCg3UXWx5mn/+pjDyTAB+zKdNdkNi","privKey":"kFHK4CTaedk++KEuLSgQ/QDCgNGmN7JlDN7Mbcc/QUs="},"lastRemoteEphemeralKey":"BeqDH2GAmPxmTn0wK43/BCZPKQT02gfxPoi3Gns8SQcY","previousCounter":0,"rootKey":"MgAbKSfLo+Gu+K0RBRpDIYuK8RCrNpbfe1oReNhY6+s="},"indexInfo":{"baseKey":"BYeo/VyxqkgwVb5ihyssnXRw0Mx7O3e8YQU/awyQoqFx","baseKeyType":1,"closed":1742271293116,"used":1742271291341,"created":1742271291341,"remoteIdentityKey":"BTXY+RH+Xe91cHqQXwXsOHIAft1IEtUVy3FUiHjC5Mgd"},"_chains":{"BR7scUwrCIaeu7eQCg3UXWx5mn/+pjDyTAB+zKdNdkNi":{"chainKey":{"counter":0,"key":"pIvcEdukzxt4Onsd2OxlNwb45PYGrBaP4RlgY/ZgNiw="},"chainType":1,"messageKeys":{}}},"pendingPreKey":{"signedKeyId":6147314,"baseKey":"BYeo/VyxqkgwVb5ihyssnXRw0Mx7O3e8YQU/awyQoqFx","preKeyId":9352}},"BQdPqmfp3Ek8EwCALdqCwPfAvmj7HvsvnIyasApxTkYu":{"registrationId":244045029,"currentRatchet":{"ephemeralKeyPair":{"pubKey":"BWIHbDmZo2Brwv4h+zQ/cINqF0dLH1ZJ+RqMWwgDwL0g","privKey":"SIBtpcR8QbGlKW6UKDN59+rQ6vb3dc97QjnOCCy5Wlc="},"lastRemoteEphemeralKey":"BeqDH2GAmPxmTn0wK43/BCZPKQT02gfxPoi3Gns8SQcY","previousCounter":0,"rootKey":"JpLaaMlAGAlZdV/tv9OmNgQX7lXyHxA70dl/Opd9QkU="},"indexInfo":{"baseKey":"BQdPqmfp3Ek8EwCALdqCwPfAvmj7HvsvnIyasApxTkYu","baseKeyType":1,"closed":-1,"used":1742271293040,"created":1742271293040,"remoteIdentityKey":"BTXY+RH+Xe91cHqQXwXsOHIAft1IEtUVy3FUiHjC5Mgd"},"_chains":{"BWIHbDmZo2Brwv4h+zQ/cINqF0dLH1ZJ+RqMWwgDwL0g":{"chainKey":{"counter":0,"key":"uNb5+dQuAz6qiNmnsUypn41F+nTMMyyVhKYJjKWuGHo="},"chainType":1,"messageKeys":{}}},"pendingPreKey":{"signedKeyId":6147314,"baseKey":"BQdPqmfp3Ek8EwCALdqCwPfAvmj7HvsvnIyasApxTkYu","preKeyId":9337}}},"version":"v1"}