{"_sessions":{"Bff2ptLaH+s78d0X6OknHa06M0TkzooDmvoM2NVLV31q":{"registrationId":521585182,"currentRatchet":{"ephemeralKeyPair":{"pubKey":"BbSsvxgx8ikPhmRhOZihUBXCIvb7VUl9eQGNhnWtZ3oG","privKey":"wJmehyYZSc3HvILtz4S0mBsmDjoHUYXkp8SJ7zVJ1nU="},"lastRemoteEphemeralKey":"BQZ4VLW6pxZ/wWlBumEtLIh0/aYpo0+M0KCrU3pIb4op","previousCounter":0,"rootKey":"9K44JY++AZEHA2EXN7pagm2Fnh98Wuc9CFKLfuZv1v8="},"indexInfo":{"baseKey":"Bff2ptLaH+s78d0X6OknHa06M0TkzooDmvoM2NVLV31q","baseKeyType":1,"closed":1742271293890,"used":1742271292144,"created":1742271292144,"remoteIdentityKey":"BcMH8x6C/LdWMrwtAy/86e4CC3VYY3wq4aU/kLZM5tgR"},"_chains":{"BbSsvxgx8ikPhmRhOZihUBXCIvb7VUl9eQGNhnWtZ3oG":{"chainKey":{"counter":0,"key":"ZqeXy1p5fRZssLmkEHDda61iwHwmyKVrxSm7GsChGSg="},"chainType":1,"messageKeys":{}}},"pendingPreKey":{"signedKeyId":28,"baseKey":"Bff2ptLaH+s78d0X6OknHa06M0TkzooDmvoM2NVLV31q","preKeyId":11078432}},"BU6eeJVN41S1E0H49oWsByZ3cMEK40gQ6Bz1RfBmGLIa":{"registrationId":521585182,"currentRatchet":{"ephemeralKeyPair":{"pubKey":"BSDaoKqYN/uD2Sp7Ugu/UQmlR+4ECf5BAiv0JnEskB94","privKey":"mHn6ZzWNVbrRZ/tcEpPMTgZA3xexXD3LKrFYIDzryGg="},"lastRemoteEphemeralKey":"BQZ4VLW6pxZ/wWlBumEtLIh0/aYpo0+M0KCrU3pIb4op","previousCounter":0,"rootKey":"IepsOvWFNuJdnF0nmeZEy0JF5ZItKnAaFBd0CHHQ5/Q="},"indexInfo":{"baseKey":"BU6eeJVN41S1E0H49oWsByZ3cMEK40gQ6Bz1RfBmGLIa","baseKeyType":1,"closed":-1,"used":1742271293722,"created":1742271293722,"remoteIdentityKey":"BcMH8x6C/LdWMrwtAy/86e4CC3VYY3wq4aU/kLZM5tgR"},"_chains":{"BSDaoKqYN/uD2Sp7Ugu/UQmlR+4ECf5BAiv0JnEskB94":{"chainKey":{"counter":0,"key":"IDIOkONlDScDfvaSa9gYM4jVf3c/dAR2kwSl4XwtBlE="},"chainType":1,"messageKeys":{}}},"pendingPreKey":{"signedKeyId":28,"baseKey":"BU6eeJVN41S1E0H49oWsByZ3cMEK40gQ6Bz1RfBmGLIa","preKeyId":11078423}}},"version":"v1"}