{"_sessions":{"BVJNLe0zQQcp3fh4nzma07zqt72EmraNV9Gi7c0i4bEn":{"registrationId":552022111,"currentRatchet":{"ephemeralKeyPair":{"pubKey":"BT/e3iDnwj0W5HAPhJokKNFfRxKqgXGd6cr4EBT9tJ9D","privKey":"qGk5TldI+JDqM5GUvD6yakYbDukpZkar1b3iQfj1SGE="},"lastRemoteEphemeralKey":"BXZ9lif1eFbrWkbrkJNXZQVSByAkHNe+5CAO1x2amMtb","previousCounter":0,"rootKey":"lohF+0esiJ4t6XH+2/00GJVRSrMKCNGX8k/gQh8Ojp8="},"indexInfo":{"baseKey":"BVJNLe0zQQcp3fh4nzma07zqt72EmraNV9Gi7c0i4bEn","baseKeyType":2,"closed":-1,"used":1742450559623,"created":1742450559623,"remoteIdentityKey":"BYJRuuGbTQsm0Dp8a9Sqhzj/nG710BhsgaKB5DymLfNT"},"_chains":{"BXZ9lif1eFbrWkbrkJNXZQVSByAkHNe+5CAO1x2amMtb":{"chainKey":{"counter":0,"key":"tXVRsKMtGK97UadM9DRER18rQFSXAL1zSzPvTu9BY6w="},"chainType":2,"messageKeys":{}},"BT/e3iDnwj0W5HAPhJokKNFfRxKqgXGd6cr4EBT9tJ9D":{"chainKey":{"counter":-1,"key":"ilZVqez93XR/JKcgNf9YIWQDgt2PH+AeQ0qlcq6Gbno="},"chainType":1,"messageKeys":{}}}}},"version":"v1"}