{"_sessions":{"BaNw3FTtqFPCYy0KX/OOriL0sUtT2ztJe6UAiQ3Kz95G":{"registrationId":415544872,"currentRatchet":{"ephemeralKeyPair":{"pubKey":"BTlqsrjb+lfAFtRGwYz7rq223Z3vrr5c9kJd7DqxWRg3","privKey":"ANv/BGGNiEXyXrfIpiiBV4+0dy230A1OHJQiNHyjxWw="},"lastRemoteEphemeralKey":"BaQHus7of/uP3kUjG9LkYq4Q72eY2jPY8Oty+eCWRB5x","previousCounter":0,"rootKey":"0p7g1QvFD17jBmj0sOX2ZLv5RRE8Fb9HLB9Ngm8MAmg="},"indexInfo":{"baseKey":"BaNw3FTtqFPCYy0KX/OOriL0sUtT2ztJe6UAiQ3Kz95G","baseKeyType":2,"closed":-1,"used":1742453078421,"created":1742363984572,"remoteIdentityKey":"BW2kj+6/K/erL9cOEoAErL85vLYGZZUcfaIw7zf1s0V7"},"_chains":{"BZgtErv3XgAI86XFhLEb2vaGep0SMFi+A/ElkRqC6Ioh":{"chainKey":{"counter":2},"chainType":2,"messageKeys":{}},"BUb3PJnON4wndcLQU6A9nyMz/qPnzsIcUYLQhdVC7Msl":{"chainKey":{"counter":0},"chainType":2,"messageKeys":{}},"BTQE7rLyLJr+1/d89T+W1UoszmJMYynGeEaNtNI53VpT":{"chainKey":{"counter":0},"chainType":2,"messageKeys":{}},"BZ++ifJ4wMzonh57hSkIxiI3XpxU+01I47VoPmj6wQRL":{"chainKey":{"counter":0},"chainType":2,"messageKeys":{}},"BTkAk4DLv+DkRw6/RFs/0bVuJP/H4eA1fAF9Ooww9j51":{"chainKey":{"counter":0},"chainType":2,"messageKeys":{}},"BWb4QYhco9QXOlXBa7YWv1aLfVoXrr6bC+CfpCybDgtU":{"chainKey":{"counter":4},"chainType":2,"messageKeys":{}},"BZ3YpPLnTugA+nMdk6FtjfDdAr7fDOAsd5rVv/FrYTk7":{"chainKey":{"counter":0},"chainType":2,"messageKeys":{}},"BXc48DI5KSsl6+QzG6d/UFyYfksDAwJYGyXpfw3xI7VF":{"chainKey":{"counter":0},"chainType":2,"messageKeys":{}},"BcvsVYJNUcBCAQrQEqjTwKpzTlku+gkqKF3faFzQMMNf":{"chainKey":{"counter":0},"chainType":2,"messageKeys":{}},"BSIYM1wmvGIgrmNGDKRTaGrjEAC/bdcsLmU2t03m9H0l":{"chainKey":{"counter":0},"chainType":2,"messageKeys":{}},"BTRoGfDIOE3j2K9HD6VyGxuBnp+cSueGXYDebJQVx8ts":{"chainKey":{"counter":0},"chainType":2,"messageKeys":{}},"BTk9rrMn3U88H9Yg2et4ZBFmMzUhzTOSdRAis9CRuj1a":{"chainKey":{"counter":0},"chainType":2,"messageKeys":{}},"BQQrw2mBNdUHEZB5N/WkUabHpn5eGfHHiRPUILz5xvIu":{"chainKey":{"counter":0},"chainType":2,"messageKeys":{}},"BRIoJstuIoE7gO+PKfesy45DDp/WUjK241DeA8WmH5gy":{"chainKey":{"counter":0},"chainType":2,"messageKeys":{}},"BShfNr5OouT8D5YMrrEqQ6TvIrJHTzeNjeqRNCNJpSJK":{"chainKey":{"counter":0},"chainType":2,"messageKeys":{}},"BbcQ48r/RChnt9pURgoCiwSlCeK46fEeFmwgVb1bQqof":{"chainKey":{"counter":0},"chainType":2,"messageKeys":{}},"BTTQj8ZZpV3Xg6jHVkC75w5oZZ+rOPWxh2YF3qgaBwEl":{"chainKey":{"counter":1},"chainType":2,"messageKeys":{}},"BUQhwiTIT3Qo41lLq/XoHArCNR7OLt2k+WUdWiT2CYpY":{"chainKey":{"counter":1},"chainType":2,"messageKeys":{}},"BdB8l7nC2JRs3xAUyBvWmTMAahtRk1opkML60RmxJP5Y":{"chainKey":{"counter":0},"chainType":2,"messageKeys":{}},"BcVZt+rkRYEX4KkVtlnXROu+V9Z1c0VWGkhJr4jg4QNa":{"chainKey":{"counter":0},"chainType":2,"messageKeys":{}},"BeOMZy8NGmHyj/UXYLeTr/Uedb8/wz/ggkx2LdrzQ9sB":{"chainKey":{"counter":0},"chainType":2,"messageKeys":{}},"BRqKJFtcHqwSH28eH7U+8g0x/CRZO609Nktu5LFqffoP":{"chainKey":{"counter":0},"chainType":2,"messageKeys":{}},"BR2BjisA5hmKbE7isjDnQmjSxRZuEp6XVUVWHRIdVGxV":{"chainKey":{"counter":1},"chainType":2,"messageKeys":{}},"BY6vhnSsEcFGJVB3Zacwxmb/xnOOHwOgYhvwj9vKM3Jo":{"chainKey":{"counter":0},"chainType":2,"messageKeys":{}},"BaU1LSpnxOAnFxc570gY5qi1debhf58YWYo4lse5IkRC":{"chainKey":{"counter":0},"chainType":2,"messageKeys":{}},"BeCcN0+bhxknlrrMNnEclRV5xfWnByAVQXSh0tZ98sEL":{"chainKey":{"counter":0},"chainType":2,"messageKeys":{}},"BZWA334DHbRdT1l9urjT2R8jX8QkqQIVfX6WQKcJ/OBk":{"chainKey":{"counter":0},"chainType":2,"messageKeys":{}},"BQYfpU7wp4Kuq9x+dyhunQ/8i3amghxZDSyVhtc/+REs":{"chainKey":{"counter":0},"chainType":2,"messageKeys":{}},"BaufK3K3K5Zb156YHwwh+L9cOdY/WMIrTF1dYA+9lAEs":{"chainKey":{"counter":0},"chainType":2,"messageKeys":{}},"BXG1g2JVSHS11C86b4lpA6hSFufItS5UTrHmZLN9+JkA":{"chainKey":{"counter":0},"chainType":2,"messageKeys":{}},"BSwjYeXoLsaZkWNccuWSB/YOcSd3q/IsAolKFnW6xPAH":{"chainKey":{"counter":0},"chainType":2,"messageKeys":{}},"BaA0doCZcYaftNInVGjSYKFAq5vOI6Ik2at82T5ilf4W":{"chainKey":{"counter":0},"chainType":2,"messageKeys":{}},"BQ7kMjJR/+mD1yDyn1lgYxU+0E9/HXQ5mww+y349RrIZ":{"chainKey":{"counter":0},"chainType":2,"messageKeys":{}},"BRasqeLBtbbmtcM1bkAv7TAZxQ/LucMQ3g3duxC1f+R5":{"chainKey":{"counter":0},"chainType":2,"messageKeys":{}},"BSy8pJ7KfDYX4KDvJXeTHIz1nDNXlurMeZkUflL58MYn":{"chainKey":{"counter":0},"chainType":2,"messageKeys":{}},"BWVURwS/DuleWTSFEA+PlShfPjyAWFeTGRskVohpjiQ8":{"chainKey":{"counter":1},"chainType":2,"messageKeys":{}},"BY2KV0+qeb7Yz/Kcv0P9NZjUn9qcSMNVXv13PZXegkcw":{"chainKey":{"counter":0},"chainType":2,"messageKeys":{}},"BQe/tfsOWFc1VYJmVCf9oIxElMOTHybaEPNU6vkva4kB":{"chainKey":{"counter":0},"chainType":2,"messageKeys":{}},"BcflzTL5t2oeLuie+i+o05loswAa/T7APGvVUj/nEeRS":{"chainKey":{"counter":0},"chainType":2,"messageKeys":{}},"BaS1qnzXOVOZbLHBxCtXzeQvtfpvCSi+XMg247O2OH9V":{"chainKey":{"counter":2},"chainType":2,"messageKeys":{}},"Bao/Lk9irgRhkJxXF6C274NwFmgb1HL6OzmsQK3v/0pz":{"chainKey":{"counter":0},"chainType":2,"messageKeys":{}},"BSAZvuewtrt8p8SypoKGdvtdpBCnNpYw7tkOuSAl5a4j":{"chainKey":{"counter":0},"chainType":2,"messageKeys":{}},"BWfeqZjkZnK+t50at2gAJStZETK8CyORJSR/A6vzUTAt":{"chainKey":{"counter":0},"chainType":2,"messageKeys":{}},"BQd6JPMVmCo3SJd07UtU5Wg3TzCph8up5D3gkkFrNqcN":{"chainKey":{"counter":1},"chainType":2,"messageKeys":{}},"BeUCqOZicVmnfKNir+pOs0ikhnqpZiUqV4HDkLWt2KAY":{"chainKey":{"counter":0},"chainType":2,"messageKeys":{}},"BaQHus7of/uP3kUjG9LkYq4Q72eY2jPY8Oty+eCWRB5x":{"chainKey":{"counter":0,"key":"I7S7WL8DlF0rCiBBgWvV0YXqlt1GA4/bvhtTNYE731k="},"chainType":2,"messageKeys":{}},"BTlqsrjb+lfAFtRGwYz7rq223Z3vrr5c9kJd7DqxWRg3":{"chainKey":{"counter":0,"key":"TYVUb4AaqK0BsTHLWkYxXKE5fSiJUGsdn8MaEaS1hRU="},"chainType":1,"messageKeys":{}}}}},"version":"v1"}