{"_sessions":{"BZWmZIA58hbHIm51F61mvr6/HzTnCgyYCMMzzWgQfPM/":{"registrationId":2034742402,"currentRatchet":{"ephemeralKeyPair":{"pubKey":"BSJsZvRZ04kF8rVMzS/0jTXniFct2B/T8T5HJSpAZU04","privKey":"eBnXOxriCpDwi1UYMQFoR1eA9ORd4D9+8ppOUjWK7VU="},"lastRemoteEphemeralKey":"Ba5meQR4CO5iiJQLIl2GCFkP/wtOFrFUI9Hw+hCXet0u","previousCounter":0,"rootKey":"MtozFNEpJyuY1XgMu0YiAeB0iSbrh+SVNuB3D3z+HmY="},"indexInfo":{"baseKey":"BZWmZIA58hbHIm51F61mvr6/HzTnCgyYCMMzzWgQfPM/","baseKeyType":2,"closed":-1,"used":1742443480378,"created":1742443480378,"remoteIdentityKey":"BYp/UgHanIzvAC5Yjdgjst+LAli8tNWDLE1sP+noBhIR"},"_chains":{"Ba5meQR4CO5iiJQLIl2GCFkP/wtOFrFUI9Hw+hCXet0u":{"chainKey":{"counter":0,"key":"OhAALvfW2DWQi8uOGiveD6SWrkvuvk7sRu+RCt3pjHo="},"chainType":2,"messageKeys":{}},"BSJsZvRZ04kF8rVMzS/0jTXniFct2B/T8T5HJSpAZU04":{"chainKey":{"counter":-1,"key":"B9CrES3g/pSgPh2JPbdE/HmHwBHh1lZH6qVIPosdIbk="},"chainType":1,"messageKeys":{}}}}},"version":"v1"}