{"_sessions":{"BWQzFBiXmJhidXa1NILea827C9q7mHTV/t5GjYzCCY5v":{"registrationId":408,"currentRatchet":{"ephemeralKeyPair":{"pubKey":"BSjF+BQ58Utc3HWBL7BgRM5Yrb7byXZeJ+oTp+MQ31kH","privKey":"KNFXT6dD+efhvYMN4lIL47MNdF53ySf2Fjc544fXJE8="},"lastRemoteEphemeralKey":"BaPCz15QNvaqViiVGC8J18Cu2YWEaalR2TiwRZqqBM17","previousCounter":0,"rootKey":"zJ/gmHBXVs+QoJ6mQ9VwQyWdUV7umhe6PA7ov+WHA+M="},"indexInfo":{"baseKey":"BWQzFBiXmJhidXa1NILea827C9q7mHTV/t5GjYzCCY5v","baseKeyType":1,"closed":1742271293091,"used":1742271291257,"created":1742271291257,"remoteIdentityKey":"BZQd69UgczclaRPSjI5N/ub75Q6MIF8ad5r9rg7O7O0A"},"_chains":{"BSjF+BQ58Utc3HWBL7BgRM5Yrb7byXZeJ+oTp+MQ31kH":{"chainKey":{"counter":0,"key":"qdbVwnZsOt71Y/Dbj2fW2CecwYF2JB8TM+lNTvrzkRY="},"chainType":1,"messageKeys":{}}},"pendingPreKey":{"signedKeyId":1,"baseKey":"BWQzFBiXmJhidXa1NILea827C9q7mHTV/t5GjYzCCY5v"}},"BQE/uqm0n34jOrkZla7YJq9MxrJFi/F5rYFs3xEeF/8n":{"registrationId":408,"currentRatchet":{"ephemeralKeyPair":{"pubKey":"BefpJyFB6eqX7xuAzxkEGnnQnEXOPbDK7fwC3wbi8isF","privKey":"+PDyH9DUb++a+O4LxhMpOsJ3rn4SlOaLHHGszP4VQV8="},"lastRemoteEphemeralKey":"BaPCz15QNvaqViiVGC8J18Cu2YWEaalR2TiwRZqqBM17","previousCounter":0,"rootKey":"cMuzU8kECVUpt/mSFkj0cBjglFLx0dkp9NKEZ0/glAw="},"indexInfo":{"baseKey":"BQE/uqm0n34jOrkZla7YJq9MxrJFi/F5rYFs3xEeF/8n","baseKeyType":1,"closed":-1,"used":1742271292958,"created":1742271292958,"remoteIdentityKey":"BZQd69UgczclaRPSjI5N/ub75Q6MIF8ad5r9rg7O7O0A"},"_chains":{"BefpJyFB6eqX7xuAzxkEGnnQnEXOPbDK7fwC3wbi8isF":{"chainKey":{"counter":0,"key":"xpjKiOhAcF28/DydiGc6QfTTTbF7jUiktrjrBrzdkuA="},"chainType":1,"messageKeys":{}}},"pendingPreKey":{"signedKeyId":1,"baseKey":"BQE/uqm0n34jOrkZla7YJq9MxrJFi/F5rYFs3xEeF/8n"}}},"version":"v1"}