{"_sessions":{"BU4I2eb/QajAZm935GvXsP+ATn3YjxCLVC4/NQeItJZ4":{"registrationId":1864804078,"currentRatchet":{"ephemeralKeyPair":{"pubKey":"Bd5V7wnN7+0wKRJqNjbaEVFE0fw4ILaeH2xgo5nlne5i","privKey":"oJdemphgyGYUr3+zVL2HcMy1pBGKgz946wglRifV1EM="},"lastRemoteEphemeralKey":"BXfO8oNlvQzt7ysR3oc/pe7k4ckw9OqQQBGcrPSQk8M5","previousCounter":0,"rootKey":"IjR/s+qVKia9gCClHfYfoUPrPZ3JeqRvUagflbkbZO0="},"indexInfo":{"baseKey":"BU4I2eb/QajAZm935GvXsP+ATn3YjxCLVC4/NQeItJZ4","baseKeyType":1,"closed":1742271293893,"used":1742271292153,"created":1742271292153,"remoteIdentityKey":"BbPAmdrl50iwweVlutzfVpZfB6g29A/1R5fT12lQ7dl5"},"_chains":{"Bd5V7wnN7+0wKRJqNjbaEVFE0fw4ILaeH2xgo5nlne5i":{"chainKey":{"counter":0,"key":"OkmmEqU8K8isqhE2UvQPJe6sEKHFMkxvzG9GGpTzPmg="},"chainType":1,"messageKeys":{}}},"pendingPreKey":{"signedKeyId":6,"baseKey":"BU4I2eb/QajAZm935GvXsP+ATn3YjxCLVC4/NQeItJZ4","preKeyId":12626491}},"Bd6qY6DyO483E/ma23gKxAhLLNqT7FXBvZ7Qu3fIq5wt":{"registrationId":1864804078,"currentRatchet":{"ephemeralKeyPair":{"pubKey":"BYr198HGXuX3HrhRldKbfBvPzBFpt9bZ+0I4WiBSj85d","privKey":"mD6LUQ3PMwtfvnaBeeiMOliCUP1N2fp46cQ/yYm/eVc="},"lastRemoteEphemeralKey":"BXfO8oNlvQzt7ysR3oc/pe7k4ckw9OqQQBGcrPSQk8M5","previousCounter":0,"rootKey":"69he8yHMnc9w2eBNxm99NiGRxG/yjIF+c6wzIzOK4Qg="},"indexInfo":{"baseKey":"Bd6qY6DyO483E/ma23gKxAhLLNqT7FXBvZ7Qu3fIq5wt","baseKeyType":1,"closed":-1,"used":1742271293732,"created":1742271293732,"remoteIdentityKey":"BbPAmdrl50iwweVlutzfVpZfB6g29A/1R5fT12lQ7dl5"},"_chains":{"BYr198HGXuX3HrhRldKbfBvPzBFpt9bZ+0I4WiBSj85d":{"chainKey":{"counter":0,"key":"GwARVyQb/Qftt+CrxsTYuD4pKUr7lLd0Y0LNGj+FD+w="},"chainType":1,"messageKeys":{}}},"pendingPreKey":{"signedKeyId":6,"baseKey":"Bd6qY6DyO483E/ma23gKxAhLLNqT7FXBvZ7Qu3fIq5wt","preKeyId":12626528}}},"version":"v1"}