{"_sessions":{"Bd6TiHSOojWTWG4/vKMl/a9tgeyo3CNLUcEKYyZizrt9":{"registrationId":13367,"currentRatchet":{"ephemeralKeyPair":{"pubKey":"BTU6lm40KTz0lsQn8Y6SLWspLQIqVzhoTUN1CcI2eS0d","privKey":"iI6iGwxa5GM/B45iJbbs/GRbVfBIFgjPpyMCkd1M32E="},"lastRemoteEphemeralKey":"Bc7c1+CqR7H/9kM4o7SVxqd6aVmeQ2PbmkHX35fpOf1G","previousCounter":0,"rootKey":"VJVKTygej1A40VOWgwh4vH6OHndH39KmQOt23fvR4j8="},"indexInfo":{"baseKey":"Bd6TiHSOojWTWG4/vKMl/a9tgeyo3CNLUcEKYyZizrt9","baseKeyType":1,"closed":1742271293090,"used":1742271291255,"created":1742271291255,"remoteIdentityKey":"BWKlSA0FdIfU7skfbtHTeAX1M40H+WxGcBKB6PsihN9C"},"_chains":{"BTU6lm40KTz0lsQn8Y6SLWspLQIqVzhoTUN1CcI2eS0d":{"chainKey":{"counter":0,"key":"L1UCkOU7/6Kn7zS3F5X7KlR8QRW8NkASrcv/gsy8/f4="},"chainType":1,"messageKeys":{}}},"pendingPreKey":{"signedKeyId":1,"baseKey":"Bd6TiHSOojWTWG4/vKMl/a9tgeyo3CNLUcEKYyZizrt9"}},"BW8RAlimnhGAOp2AWY1JMSLGM2TNuqHNVjApDPxc8HgZ":{"registrationId":13367,"currentRatchet":{"ephemeralKeyPair":{"pubKey":"BTwqmSeOWjuIUngtCz9K09n+TeOGW3Mn+xfuexW4jzlY","privKey":"OD6LtpRAFQ06lIsh7jiJ73ABvFPfYU1ktCWe6mZW9Fg="},"lastRemoteEphemeralKey":"Bc7c1+CqR7H/9kM4o7SVxqd6aVmeQ2PbmkHX35fpOf1G","previousCounter":0,"rootKey":"su9tMfumejk2DFLvvQQskpWPCoWBe788Ew/TGHPYuE8="},"indexInfo":{"baseKey":"BW8RAlimnhGAOp2AWY1JMSLGM2TNuqHNVjApDPxc8HgZ","baseKeyType":1,"closed":-1,"used":1742271292956,"created":1742271292956,"remoteIdentityKey":"BWKlSA0FdIfU7skfbtHTeAX1M40H+WxGcBKB6PsihN9C"},"_chains":{"BTwqmSeOWjuIUngtCz9K09n+TeOGW3Mn+xfuexW4jzlY":{"chainKey":{"counter":0,"key":"IfCbCtoF4lONwtw9q+K5Ntcj6a7uNYcR6HT1CXA2avQ="},"chainType":1,"messageKeys":{}}},"pendingPreKey":{"signedKeyId":1,"baseKey":"BW8RAlimnhGAOp2AWY1JMSLGM2TNuqHNVjApDPxc8HgZ"}}},"version":"v1"}