{"_sessions":{"BdSN7chZ+gvBJ8a/X7e6SduF3BVfNUtvEE7eQ1C9OSUo":{"registrationId":157643711,"currentRatchet":{"ephemeralKeyPair":{"pubKey":"BS4zYi5N9mL/2GCjXR7E+2s2wi3bDAz5tnjQuM2wa/Fd","privKey":"8APAA6cOlJoZBg2kT1O2/DN/6dRcr5i2HTjHDZmwwWo="},"lastRemoteEphemeralKey":"BU7S8l9VHlafgp0iwALXafV8dom0jqEWulDoKfcYegI5","previousCounter":0,"rootKey":"JbAu8ABS1qjdovpECT0tIylICV+aEjbETXMIKPceZwE="},"indexInfo":{"baseKey":"BdSN7chZ+gvBJ8a/X7e6SduF3BVfNUtvEE7eQ1C9OSUo","baseKeyType":2,"closed":-1,"used":1742271301128,"created":1742271301128,"remoteIdentityKey":"BYJh4WE0wT1kGY01C2EGdOlvpnVtlnmplL7pHiobmPZP"},"_chains":{"BU7S8l9VHlafgp0iwALXafV8dom0jqEWulDoKfcYegI5":{"chainKey":{"counter":1,"key":"os8hrdGyqwxLdzjvY2powK4GrDTdwOabyuV9b80y1lA="},"chainType":2,"messageKeys":{}},"BS4zYi5N9mL/2GCjXR7E+2s2wi3bDAz5tnjQuM2wa/Fd":{"chainKey":{"counter":-1,"key":"lY6OfTckTE0X7jzFJTsw7UlSHliGRKt1C6MXgYotcR4="},"chainType":1,"messageKeys":{}}}}},"version":"v1"}