{"_sessions":{"BVKiEPz67ZL2Sc309OCHC/Tr16G68KFfeG6YTPpaEvJu":{"registrationId":3899,"currentRatchet":{"ephemeralKeyPair":{"pubKey":"BXRTHp/NIPBMePJNvwEGfUHRLSx+04UjloRsGuAKCMRM","privKey":"wIwhtTCtb4I8ZExstkxYBATPEmMcy+M2zRMadBPaAXM="},"lastRemoteEphemeralKey":"BddoV0J1153cltfKAp0R/HzB25jjw1YCVKbluMtN6hMS","previousCounter":0,"rootKey":"NxhDEtxWusLtsuiXNcTpSBJWIIiHNMi+xa4L4QhsO3w="},"indexInfo":{"baseKey":"BVKiEPz67ZL2Sc309OCHC/Tr16G68KFfeG6YTPpaEvJu","baseKeyType":1,"closed":-1,"used":1742365500602,"created":1742365500602,"remoteIdentityKey":"BXkobEHI3/bzNS/1Kp12zZFRt6aCUiGGtguYbsPEp8p7"},"_chains":{"BXRTHp/NIPBMePJNvwEGfUHRLSx+04UjloRsGuAKCMRM":{"chainKey":{"counter":6,"key":"CSNZC4uypmjYDeMn0rHbItrRJ3BQfGocNdcOJabdzgs="},"chainType":1,"messageKeys":{}}},"pendingPreKey":{"signedKeyId":1,"baseKey":"BVKiEPz67ZL2Sc309OCHC/Tr16G68KFfeG6YTPpaEvJu","preKeyId":857}}},"version":"v1"}