{"_sessions":{"BToKOLKK+NwF5+e2i7MvtnZCzX1uQhBcF6nBE0lOxp8S":{"registrationId":77,"currentRatchet":{"ephemeralKeyPair":{"pubKey":"BWPWp9b/VDZcgtqOQCu70NOixpHmMT1FCruws1r1ttx/","privKey":"qD1X7SD8s/Tnrwe1d1a1xwt4IgMfSKRmHrcUfJqVem8="},"lastRemoteEphemeralKey":"BaboCbZg/Uknh5y/GOJOCh8Gt/qZ82w93G8dZS6580Eh","previousCounter":0,"rootKey":"+K7h0RWlVrr5DiH8wZnV8FHBJiun6m1ZkTXuW/vc1G4="},"indexInfo":{"baseKey":"BToKOLKK+NwF5+e2i7MvtnZCzX1uQhBcF6nBE0lOxp8S","baseKeyType":1,"closed":-1,"used":1742365874146,"created":1742270486822,"remoteIdentityKey":"BbQvswwk5bJXmpO74PL99WrAWeIMAIt/XRcB+0RdfvU7"},"_chains":{"Be7fsJAa9QJgCI0N0xGYhxtud7DTIjY9XUbNGn7ln9QV":{"chainKey":{"counter":0},"chainType":2,"messageKeys":{}},"BYK0kw73/LjbwobsUcW6Aj7HYIVH/z9dokO4JOPylxo3":{"chainKey":{"counter":0},"chainType":2,"messageKeys":{}},"BbrOliij4B6HPGPxgEDZziVeN2+Ab0UXutGfw5DkOwhd":{"chainKey":{"counter":0},"chainType":2,"messageKeys":{}},"BcZlNIuSblqE0z/z2MKxxgSC01KhIKXPunopleY9KdxE":{"chainKey":{"counter":0},"chainType":2,"messageKeys":{}},"BTjg8SiMYl8g719iqidUxX3G9FG14ltesDCFZBJUKnRE":{"chainKey":{"counter":0},"chainType":2,"messageKeys":{}},"BY35Z6XTatlw/oF9DmzoOk5d/D0DUH4ljfk36vrrTVAy":{"chainKey":{"counter":0},"chainType":2,"messageKeys":{}},"BRO4n3B6lq+26XFMd9TQC60CZdtedkYlcFgHGFhFOwke":{"chainKey":{"counter":1},"chainType":2,"messageKeys":{}},"BWykiYuDD7kpmPTtNl6KXc4c9H5td32atGCQn2tlXKEb":{"chainKey":{"counter":1},"chainType":2,"messageKeys":{}},"BdFLi/p7C6H/tefuftU7X/ZwpDjBNMUVRDuVzYKjDQs+":{"chainKey":{"counter":0},"chainType":2,"messageKeys":{}},"BdMTmvvojTone1xHGXhux+CCh1VhqprDPciSVmtN0oc5":{"chainKey":{"counter":0},"chainType":2,"messageKeys":{}},"BQ0933b8wIvosOB/hpmgFFmAGaARK+LcUqi7ksRaA/8k":{"chainKey":{"counter":0},"chainType":2,"messageKeys":{}},"BVlFnWOJmlUZUw4K1K1IJIRpMCnrb1ODoWMSKh20E/dG":{"chainKey":{"counter":0},"chainType":2,"messageKeys":{}},"BbMTYi311QNh1lI29xAugLcnpSViOgEN2nBGMQH3hswn":{"chainKey":{"counter":0},"chainType":2,"messageKeys":{}},"BdYx/G71BoaGklNNBP+TC53tQcXO1w+5lw5xFfuuSaxn":{"chainKey":{"counter":2},"chainType":2,"messageKeys":{}},"BaboCbZg/Uknh5y/GOJOCh8Gt/qZ82w93G8dZS6580Eh":{"chainKey":{"counter":2,"key":"0NHz3ZxQVv9RsSRIEARnxGDm5nQRPBJZUzvquI1H4ec="},"chainType":2,"messageKeys":{}},"BWPWp9b/VDZcgtqOQCu70NOixpHmMT1FCruws1r1ttx/":{"chainKey":{"counter":1,"key":"zEwvvHPVn2N4zEKtT+UrAHkrbTpxgvFmfX5/7WE0JSk="},"chainType":1,"messageKeys":{}}}}},"version":"v1"}