{"_sessions":{"BS7zLQ5gskpN1w/bEIZZ51QPqroeXO3N4fUHhVpATtAB":{"registrationId":70,"currentRatchet":{"ephemeralKeyPair":{"pubKey":"Baxf8t8uDVpnV8fkKNEnGnAbEbUkHGUusahoJkT6CBYH","privKey":"sCK+T7fMpjtbuqfVNoDi5/UtEdfS3cLICSdtmYtMm0s="},"lastRemoteEphemeralKey":"BagIZqjOX22FsPwtPljB6NXVn/VUDo38VO1RGAcvdloT","previousCounter":0,"rootKey":"IEEX19wffx0eGtjPH21E+KOPqCThDhcK5bBg4SdcnAU="},"indexInfo":{"baseKey":"BS7zLQ5gskpN1w/bEIZZ51QPqroeXO3N4fUHhVpATtAB","baseKeyType":1,"closed":-1,"used":1742364077613,"created":1742364077613,"remoteIdentityKey":"Bd6xNJmDPWPRDVT3YZ2sZxXsfIlnTNrvADXqJg2BmrFN"},"_chains":{"Baxf8t8uDVpnV8fkKNEnGnAbEbUkHGUusahoJkT6CBYH":{"chainKey":{"counter":47,"key":"bN3Xl9cQHyUtyLwgCIuPr2N0EIeGXxPsdQxpQIhFbDA="},"chainType":1,"messageKeys":{}}},"pendingPreKey":{"signedKeyId":1,"baseKey":"BS7zLQ5gskpN1w/bEIZZ51QPqroeXO3N4fUHhVpATtAB"}}},"version":"v1"}