{"_sessions":{"BbntAsiXRWwSeu+LkZVAHnrpTFJjXC0BE2O7cKTBD9Yz":{"registrationId":2002188722,"currentRatchet":{"ephemeralKeyPair":{"pubKey":"BZSQaxdl60eJUQzJe4k2eHpjDks17Zu9gy1/EjyVb5cm","privKey":"eJEGnlBk+6ElRvPj0GjOqprAWQXIfD4+z77oppiKPlA="},"lastRemoteEphemeralKey":"BVrnywfsnHUyLxNGZQmvZ8ty7ktZ7mPcvhfIS+FJqegI","previousCounter":0,"rootKey":"6wDoGR3C8o9rrdhkZdGxuPQBoO8VoTBAm4WiPOqkGxA="},"indexInfo":{"baseKey":"BbntAsiXRWwSeu+LkZVAHnrpTFJjXC0BE2O7cKTBD9Yz","baseKeyType":1,"closed":-1,"used":1742426020316,"created":1742271344254,"remoteIdentityKey":"BVgZASTmtvtJWQ32maC5valLCkw1aOg59AdCPT+4IP0H"},"_chains":{"BVrnywfsnHUyLxNGZQmvZ8ty7ktZ7mPcvhfIS+FJqegI":{"chainKey":{"counter":1,"key":"dUZZN1sH7fAKvyBUeZEZ8psOF9UJTZf+vppizCIWno0="},"chainType":2,"messageKeys":{}},"BZSQaxdl60eJUQzJe4k2eHpjDks17Zu9gy1/EjyVb5cm":{"chainKey":{"counter":-1,"key":"KRjtvJFl0Ki3N+juRzA0bvLordInZW8HGJVea1A6oHU="},"chainType":1,"messageKeys":{}}}}},"version":"v1"}