{"_sessions":{"BZzhXrUCcn5tAi9Lbpo5GxTAzjW+quo2AJJt0o69wkER":{"registrationId":1949443830,"currentRatchet":{"ephemeralKeyPair":{"pubKey":"BUCxGmWJLJkVkhjbe81od2JaOoSG6fOahAXlFgutWK9d","privKey":"qKeaGWtDqeq62HutY6/QUdLqyHYWW+SekW+28cjQWXo="},"lastRemoteEphemeralKey":"BVWapO5YiPGzw+oC12Xz13BJmjiRrjOxBd9t8Fxy/Ewp","previousCounter":0,"rootKey":"0ZmTyq9HpuU5UAu4kYVgvx9jzvxzKBNa0LIl/jNRZwE="},"indexInfo":{"baseKey":"BZzhXrUCcn5tAi9Lbpo5GxTAzjW+quo2AJJt0o69wkER","baseKeyType":2,"closed":-1,"used":1742284957366,"created":1742284957366,"remoteIdentityKey":"BZdKlCiCFDrkdvELR4Yt0Ddwdn89Xnp03TahyV2br5wD"},"_chains":{"BVWapO5YiPGzw+oC12Xz13BJmjiRrjOxBd9t8Fxy/Ewp":{"chainKey":{"counter":1,"key":"6MfPDxFl35bfrPhe5ZcC1uqAUe4tkhQbqAqJmrf2WmA="},"chainType":2,"messageKeys":{}},"BUCxGmWJLJkVkhjbe81od2JaOoSG6fOahAXlFgutWK9d":{"chainKey":{"counter":-1,"key":"+hFE4gSzX7833g38LkfgI+/VcPKJawKiWn3P7FdMIDA="},"chainType":1,"messageKeys":{}}}}},"version":"v1"}