{"_sessions":{"BRUiDU/EkgVOQUzhuAWsZlu8Pk91CFPxmjnQIaCv6HNT":{"registrationId":3719,"currentRatchet":{"ephemeralKeyPair":{"pubKey":"BT4Q5MZYSgPFAeZ/j96vYQS9ANLcaiPbyok4DwVZtapz","privKey":"UBzVP6nEy3R7wkUmwOfC0w92FMiC8yvlxNlwPQyubVw="},"lastRemoteEphemeralKey":"BdyiVSgJVHk4tNry+z5Q02Z5HekL3Uc+NU0Ep0mjbpBV","previousCounter":0,"rootKey":"0HM4P3Gn1UqIjNTIpzMq5GncpqZbAJzoRpGPbEZNOhA="},"indexInfo":{"baseKey":"BRUiDU/EkgVOQUzhuAWsZlu8Pk91CFPxmjnQIaCv6HNT","baseKeyType":1,"closed":-1,"used":1742271344239,"created":1742271344239,"remoteIdentityKey":"BbDPcQMPLIu5GAjWrAJ9dQASMhLi2QrG/c/HOEbndS94"},"_chains":{"BT4Q5MZYSgPFAeZ/j96vYQS9ANLcaiPbyok4DwVZtapz":{"chainKey":{"counter":0,"key":"Nl98wZuSdMECuKAoaScAzJyLA1AJ6F9Yg2smwYlQ2CY="},"chainType":1,"messageKeys":{}}},"pendingPreKey":{"signedKeyId":1,"baseKey":"BRUiDU/EkgVOQUzhuAWsZlu8Pk91CFPxmjnQIaCv6HNT","preKeyId":31}}},"version":"v1"}