{"_sessions":{"BRjSlJ5NLGVSlK1uh6+f/L/yUqiNsVjkyda8vkDni5ZF":{"registrationId":11220,"currentRatchet":{"ephemeralKeyPair":{"pubKey":"BaRW6tor5LfW2SqyAJqE9KC0nVNJuZi7RFgwvNPx7K4h","privKey":"aH+n5MlhqEZYpgcbHhAa3Zy7lYwSSkfo99Dd1Dsm/HI="},"lastRemoteEphemeralKey":"BbQZMK3WiF91L68zPB6YdqUj7ynAjy8MTSK2v13mdtc7","previousCounter":0,"rootKey":"OIy6ToMvsLZ7VRh4VDcD4yCsVTxpzc3IrnzUgdn0BUw="},"indexInfo":{"baseKey":"BRjSlJ5NLGVSlK1uh6+f/L/yUqiNsVjkyda8vkDni5ZF","baseKeyType":1,"closed":1742271293086,"used":1742271291242,"created":1742271291242,"remoteIdentityKey":"BZFrhbuNZiCV6+cGgrO+i3HjWmJh2zANfKiqh3wWnOQ+"},"_chains":{"BaRW6tor5LfW2SqyAJqE9KC0nVNJuZi7RFgwvNPx7K4h":{"chainKey":{"counter":0,"key":"xTPYinohpq6yIZGz1tPYuldTnyQLJoYuNDJ/u5Kjo58="},"chainType":1,"messageKeys":{}}},"pendingPreKey":{"signedKeyId":1,"baseKey":"BRjSlJ5NLGVSlK1uh6+f/L/yUqiNsVjkyda8vkDni5ZF"}},"BV5jTeZ3dAWAusCfsz92MZKtkCOCu4j+CIkTMfRxJb4D":{"registrationId":11220,"currentRatchet":{"ephemeralKeyPair":{"pubKey":"BUJwKfsnjF4zKYSyqxuqiylXRcLK7WyM1ohPbdjpovdc","privKey":"OASqYP36IS8Xh+VGV63vLLWXC9AiIh9MZ/dciFfNoFk="},"lastRemoteEphemeralKey":"BbQZMK3WiF91L68zPB6YdqUj7ynAjy8MTSK2v13mdtc7","previousCounter":0,"rootKey":"dwavVJWcVpKiD64GmAEWNA8NRgjhrcBgHxbmq7bDcqw="},"indexInfo":{"baseKey":"BV5jTeZ3dAWAusCfsz92MZKtkCOCu4j+CIkTMfRxJb4D","baseKeyType":1,"closed":-1,"used":1742271292944,"created":1742271292944,"remoteIdentityKey":"BZFrhbuNZiCV6+cGgrO+i3HjWmJh2zANfKiqh3wWnOQ+"},"_chains":{"BUJwKfsnjF4zKYSyqxuqiylXRcLK7WyM1ohPbdjpovdc":{"chainKey":{"counter":0,"key":"DqV6DKg7WKQBkjG8Jb54DDFsBrWfH3k0eSlMwciPgGw="},"chainType":1,"messageKeys":{}}},"pendingPreKey":{"signedKeyId":1,"baseKey":"BV5jTeZ3dAWAusCfsz92MZKtkCOCu4j+CIkTMfRxJb4D"}}},"version":"v1"}