{"_sessions":{"BfCxvF4LoDrIFqO9uHdUly2roNQkPUgpIdd1qj4h9mg/":{"registrationId":769112530,"currentRatchet":{"ephemeralKeyPair":{"pubKey":"BQHEPdlzZVc8Q8N3gMk3KR78oieTyGVl9WyHP3nWtgld","privKey":"KH5pLheGzR3r0uzlA6yXm411kVn/FFoKi93vXggtZ3Q="},"lastRemoteEphemeralKey":"BTssj/dnQImraWgiT4Wt1x6gck088m1kny6qB1cph+di","previousCounter":0,"rootKey":"5XfQP4TEwvVoqA0XBzjzqMDmHTuXKpiqJmS3guvkPRg="},"indexInfo":{"baseKey":"BfCxvF4LoDrIFqO9uHdUly2roNQkPUgpIdd1qj4h9mg/","baseKeyType":2,"closed":-1,"used":1742376938214,"created":1742376938214,"remoteIdentityKey":"BT2N9P7T2DXJTIcaCoqA+2GnWZ8PkX8oekIItyH9oIkY"},"_chains":{"BTssj/dnQImraWgiT4Wt1x6gck088m1kny6qB1cph+di":{"chainKey":{"counter":1,"key":"d5HJVseYvxDCutIQQGx2JL+kZt4TBS/4wcWADaJo4w4="},"chainType":2,"messageKeys":{}},"BQHEPdlzZVc8Q8N3gMk3KR78oieTyGVl9WyHP3nWtgld":{"chainKey":{"counter":-1,"key":"k9tutDJwyfbHX6m7TbkVwDtsQUKJtI+inT6PhBRjZEo="},"chainType":1,"messageKeys":{}}}}},"version":"v1"}