{"_sessions":{"BSvuHOcb5RurVXiJuVn4oJj1UckEjj9lGKZg8ibKSEkR":{"registrationId":1399793575,"currentRatchet":{"ephemeralKeyPair":{"pubKey":"BTK60RGJw9bM33zFhTnvTTV9/OXT5JgbX1drzUAkgFZi","privKey":"iErvtwTJbTqK0XJAq71zHEaVbY2iTQvB07PX4gqA63w="},"lastRemoteEphemeralKey":"BR0CeyEXNKH7KrgJnaFIq7L3qDWp3oH+KeMJn/E0HP9/","previousCounter":0,"rootKey":"raZ6TDGr+qoiF2xqxGqDl9uD6eGS3emS02mb02ToF4U="},"indexInfo":{"baseKey":"BSvuHOcb5RurVXiJuVn4oJj1UckEjj9lGKZg8ibKSEkR","baseKeyType":2,"closed":-1,"used":1742426006030,"created":1742426006030,"remoteIdentityKey":"BZxWQXTt70MYu/leslNOhfg5RQCmFh8S78n/b/KxX0BC"},"_chains":{"BR0CeyEXNKH7KrgJnaFIq7L3qDWp3oH+KeMJn/E0HP9/":{"chainKey":{"counter":0,"key":"naHqAsb4oQ/IrzqywRjBN067NMa0dDTTXN9rSxb0sPM="},"chainType":2,"messageKeys":{}},"BTK60RGJw9bM33zFhTnvTTV9/OXT5JgbX1drzUAkgFZi":{"chainKey":{"counter":-1,"key":"emwGIteXN70BHVOxsIoAo6ychbcBmpICsLc9Yy9Gn1k="},"chainType":1,"messageKeys":{}}}}},"version":"v1"}