{"_sessions":{"BZcJFarepzCKzilgWh8cRMzb9JDoagR6Pz21SybFbfVR":{"registrationId":2141417229,"currentRatchet":{"ephemeralKeyPair":{"pubKey":"BfNsuVGeMS+GevtBq87SlWc2bQ2MaMtPRw7mTzrDSrQN","privKey":"4HDm1X5xLarBw87avgrI3Yub3FK98jFH8sjmP6z4DmU="},"lastRemoteEphemeralKey":"BYIkbxFjjrNsnAW3veTXJ43FECOXOVmFRERNu9nfw+EN","previousCounter":0,"rootKey":"RmxWYW/0glBu0qAuWLxd8Az1w3rA5sJtzyU3C+PzjRw="},"indexInfo":{"baseKey":"BZcJFarepzCKzilgWh8cRMzb9JDoagR6Pz21SybFbfVR","baseKeyType":2,"closed":-1,"used":1742290330576,"created":1742290330576,"remoteIdentityKey":"BSF+zoJ3oLaVn0NSNtYR/WMB1kye6+CivboSst24DXcV"},"_chains":{"BYIkbxFjjrNsnAW3veTXJ43FECOXOVmFRERNu9nfw+EN":{"chainKey":{"counter":0,"key":"TzMZBsIN63xmux0b//jokoCDR9EjLaiFh8ElXuuhoUM="},"chainType":2,"messageKeys":{}},"BfNsuVGeMS+GevtBq87SlWc2bQ2MaMtPRw7mTzrDSrQN":{"chainKey":{"counter":-1,"key":"vZDC4m/S1Pz/Je4v27lLHKL83XmpaMOoHXPNVKvbQBs="},"chainType":1,"messageKeys":{}}}}},"version":"v1"}