{"_sessions":{"BTnrHoCWJa1dSivQUvHxshy+MPdFF+OxuVZL0LEgkLA4":{"registrationId":246215981,"currentRatchet":{"ephemeralKeyPair":{"pubKey":"BXdbsHgOdn2y36m/80+EmYfIyWXneLAgvb2tdz5Ir5cv","privKey":"0GMUOFBFfZsPLTYLnVX8Cvbrd9sl59yBl+PimChQ53c="},"lastRemoteEphemeralKey":"BfEiatytKw1Fjs9P0IHqKJPO3fWHo2ZNhj6nbrsFD9VV","previousCounter":0,"rootKey":"rYq0+v9WUjqGJfXUpNmARbrQUmds68iqQMYbLn80Odg="},"indexInfo":{"baseKey":"BTnrHoCWJa1dSivQUvHxshy+MPdFF+OxuVZL0LEgkLA4","baseKeyType":1,"closed":1742271293890,"used":1742271292146,"created":1742271292146,"remoteIdentityKey":"BS0sptztOumw7LMrg532RXK39NvYpFLJxuq8A36zJcEa"},"_chains":{"BXdbsHgOdn2y36m/80+EmYfIyWXneLAgvb2tdz5Ir5cv":{"chainKey":{"counter":0,"key":"6oGUER6p6vrsrnwRxuDeDk6Qstm8rFG5+PkfZupC/r4="},"chainType":1,"messageKeys":{}}},"pendingPreKey":{"signedKeyId":63,"baseKey":"BTnrHoCWJa1dSivQUvHxshy+MPdFF+OxuVZL0LEgkLA4","preKeyId":13421021}},"BcDb4lEEwEujdOZ414RimA0GWryu7sRXeqnskqv/EZQF":{"registrationId":246215981,"currentRatchet":{"ephemeralKeyPair":{"pubKey":"Bb7avsubqkJ4SfTl7GA/eEZHdj0U6VxGWDKrVkM4G5kh","privKey":"gNISdOmYvYBn7XCka2W8xjEeaFZr1OQoSmTNZ+PQWG8="},"lastRemoteEphemeralKey":"BfEiatytKw1Fjs9P0IHqKJPO3fWHo2ZNhj6nbrsFD9VV","previousCounter":0,"rootKey":"4YGQ5fXr+b+lv620KHKQejUzvNhKadoxkl/7P14ds2Y="},"indexInfo":{"baseKey":"BcDb4lEEwEujdOZ414RimA0GWryu7sRXeqnskqv/EZQF","baseKeyType":1,"closed":-1,"used":1742271293724,"created":1742271293724,"remoteIdentityKey":"BS0sptztOumw7LMrg532RXK39NvYpFLJxuq8A36zJcEa"},"_chains":{"Bb7avsubqkJ4SfTl7GA/eEZHdj0U6VxGWDKrVkM4G5kh":{"chainKey":{"counter":0,"key":"sq8KbWxsjbr7uBnfEACg8qfFr8offjX8wSDLLMY+lSA="},"chainType":1,"messageKeys":{}}},"pendingPreKey":{"signedKeyId":63,"baseKey":"BcDb4lEEwEujdOZ414RimA0GWryu7sRXeqnskqv/EZQF","preKeyId":13420705}}},"version":"v1"}