{"_sessions":{"BSod64/dOBnmtWyQ6GPUwCdFb7ahT4gY7pFq2zF2/4VZ":{"registrationId":494461964,"currentRatchet":{"ephemeralKeyPair":{"pubKey":"BfvBEDhgXWqRjcXLdaktF0UbppuOwfypdmsqjDe7vmMa","privKey":"yEwjEsMC6qqnzw9kZBND/2QrHSpP3wNhmweRwkH4X2s="},"lastRemoteEphemeralKey":"BbC3qHFZb+SqVIg+vvkv9XGIgPddHZ9xE3Q5UWWQrIZ/","previousCounter":0,"rootKey":"IIDMxLDf698N89KfKuqz1enkOTQd/kUduqxtXWcVqE0="},"indexInfo":{"baseKey":"BSod64/dOBnmtWyQ6GPUwCdFb7ahT4gY7pFq2zF2/4VZ","baseKeyType":1,"closed":1742271293895,"used":1742271292158,"created":1742271292158,"remoteIdentityKey":"BfV5pbOvbs3kTCaeCU+zh7TDtFGFjdVCxyckQRdWIogd"},"_chains":{"BfvBEDhgXWqRjcXLdaktF0UbppuOwfypdmsqjDe7vmMa":{"chainKey":{"counter":0,"key":"Kfg5oTPCvXQVOQeSwadIpX/7Zm8oS3fy/0gD2K80/fo="},"chainType":1,"messageKeys":{}}},"pendingPreKey":{"signedKeyId":5,"baseKey":"BSod64/dOBnmtWyQ6GPUwCdFb7ahT4gY7pFq2zF2/4VZ","preKeyId":12372877}},"BUNTvh6O+cUz6YR34+dh0kqIprpGepFseEuvZWuCLq9N":{"registrationId":494461964,"currentRatchet":{"ephemeralKeyPair":{"pubKey":"BUxsKBC3W+sdR49tA0s/Pa2XFEep2wWRaldphKpo6ix/","privKey":"ECfDgIEqj9UwpRj4A6TJKAYaLYCw2VY6arUHpu9bVGI="},"lastRemoteEphemeralKey":"BbC3qHFZb+SqVIg+vvkv9XGIgPddHZ9xE3Q5UWWQrIZ/","previousCounter":0,"rootKey":"M1o+L3PMX0HazHJ2EV8QzEMOq8i3vIEVAIEjqgB++98="},"indexInfo":{"baseKey":"BUNTvh6O+cUz6YR34+dh0kqIprpGepFseEuvZWuCLq9N","baseKeyType":1,"closed":-1,"used":1742271293735,"created":1742271293735,"remoteIdentityKey":"BfV5pbOvbs3kTCaeCU+zh7TDtFGFjdVCxyckQRdWIogd"},"_chains":{"BUxsKBC3W+sdR49tA0s/Pa2XFEep2wWRaldphKpo6ix/":{"chainKey":{"counter":0,"key":"qgGgJ4Eyp1V40Xd9uvopDxklFYu8rvVijP9GkIzS5ME="},"chainType":1,"messageKeys":{}}},"pendingPreKey":{"signedKeyId":5,"baseKey":"BUNTvh6O+cUz6YR34+dh0kqIprpGepFseEuvZWuCLq9N","preKeyId":12372927}}},"version":"v1"}