{"_sessions":{"BQAcnGzLEMy3zDVdykSuUhYgGFaKi7Mb9/PnPt5tfEZl":{"registrationId":5319,"currentRatchet":{"ephemeralKeyPair":{"pubKey":"BTADCgkOvojbEeqpi8P5ElA6Htb7OkLjOFMAHoHYa8h7","privKey":"gAi4eQ2doSn1GqIVRJGTGko8D1+q6PK9kSjShUK7PlY="},"lastRemoteEphemeralKey":"BaIQ76ZemNIRRHZfJR9szLfrUeX4Mcx7timIyEYSBL0V","previousCounter":0,"rootKey":"KenQDBuIhHqW9lQlu99FQ+oHIsg2s8P1PdGaBOCjI5I="},"indexInfo":{"baseKey":"BQAcnGzLEMy3zDVdykSuUhYgGFaKi7Mb9/PnPt5tfEZl","baseKeyType":2,"closed":-1,"used":1742440468972,"created":1742440468972,"remoteIdentityKey":"BahFppddH+PEZ0dNPQSaV0zQykBrrO28E9yEDfzCm+Vs"},"_chains":{"BaIQ76ZemNIRRHZfJR9szLfrUeX4Mcx7timIyEYSBL0V":{"chainKey":{"counter":0,"key":"qIR95kz/p3BrOJy6OSo4t3zdWCEvwLbE0YnQnrzjkME="},"chainType":2,"messageKeys":{}},"BTADCgkOvojbEeqpi8P5ElA6Htb7OkLjOFMAHoHYa8h7":{"chainKey":{"counter":-1,"key":"4AnMT+ov/vRxRSP4JjUr4ppZVaRWz7gV43PEBNRhyYY="},"chainType":1,"messageKeys":{}}}}},"version":"v1"}