{"_sessions":{"Bf2CEwad0X5cu3ncsUvYYSPF25A8Iio5Ro3HWpMG130m":{"registrationId":1613469795,"currentRatchet":{"ephemeralKeyPair":{"pubKey":"BT/r1Fs/TF2D/h6esv8I3MS7Gdt4Ekg0XVvx8j47G997","privKey":"kKgCgl3+wzoeHk0Sfl8kYKw1J6ma8ZHElpU6gGloKlU="},"lastRemoteEphemeralKey":"BWM+udV8dNZco8gc35W5Efb0q3fKH4l4qs4QMZJViJ5f","previousCounter":0,"rootKey":"TGIDArFTMgtweh0fcmZC/5qC7F7Dg3FYhe0yZQ4lCIE="},"indexInfo":{"baseKey":"Bf2CEwad0X5cu3ncsUvYYSPF25A8Iio5Ro3HWpMG130m","baseKeyType":1,"closed":1742271293903,"used":1742271292177,"created":1742271292177,"remoteIdentityKey":"BW2TbjW/mSNv9Y1Zfj9EEa4UJnYrb5+wiKVKbS/I6uFN"},"_chains":{"BT/r1Fs/TF2D/h6esv8I3MS7Gdt4Ekg0XVvx8j47G997":{"chainKey":{"counter":0,"key":"cUGxnOHl+yQ9h1/tX2Rr49D4qkihOzPaiTnFzbFreNs="},"chainType":1,"messageKeys":{}}},"pendingPreKey":{"signedKeyId":14759719,"baseKey":"Bf2CEwad0X5cu3ncsUvYYSPF25A8Iio5Ro3HWpMG130m","preKeyId":5235}},"BXOX91NzAYqJYpzNHMtjALIXWT3N+A1E5tDyDmZiMIot":{"registrationId":1613469795,"currentRatchet":{"ephemeralKeyPair":{"pubKey":"BVsJ/LSbM6/GDKJG8Xvbcj7gUvPgp7re6dViN76lx0N7","privKey":"sCVMStm64233uv41JyZXY8xWN4pkdLUvr2rKSkRQU0A="},"lastRemoteEphemeralKey":"BWM+udV8dNZco8gc35W5Efb0q3fKH4l4qs4QMZJViJ5f","previousCounter":0,"rootKey":"6mLytLXeNKYEBlszu4jo+5GLW/KhiJDAK/UkQY9bh7Y="},"indexInfo":{"baseKey":"BXOX91NzAYqJYpzNHMtjALIXWT3N+A1E5tDyDmZiMIot","baseKeyType":1,"closed":-1,"used":1742271293755,"created":1742271293755,"remoteIdentityKey":"BW2TbjW/mSNv9Y1Zfj9EEa4UJnYrb5+wiKVKbS/I6uFN"},"_chains":{"BVsJ/LSbM6/GDKJG8Xvbcj7gUvPgp7re6dViN76lx0N7":{"chainKey":{"counter":0,"key":"S3vkz0BxAoDTMzM2uMRdF0+Sxvwfs4D5PP09cV1AFA4="},"chainType":1,"messageKeys":{}}},"pendingPreKey":{"signedKeyId":14759719,"baseKey":"BXOX91NzAYqJYpzNHMtjALIXWT3N+A1E5tDyDmZiMIot","preKeyId":5313}}},"version":"v1"}