{"_sessions":{"Ba5CnTQMNLcJx9oN2YS5ITf7zQfblnfEHR+/jWdcoYlQ":{"registrationId":16345,"currentRatchet":{"ephemeralKeyPair":{"pubKey":"BbHgQRzugu42TkelgRIXfSU+BQnXhq/gsMo49Alrvpod","privKey":"EJLaF3QBiw8CBjADlcCS+R29rWP8TZw1klT7HRhu5G0="},"lastRemoteEphemeralKey":"BWOCPOdQWNb5RAStVNZiDTbjyDjsHjTw8Bu14KmK0LlF","previousCounter":0,"rootKey":"BFuzQ6JDA1lFz0wvsH1TtkvgoSEhuJbO1Cd6ITsRbRQ="},"indexInfo":{"baseKey":"Ba5CnTQMNLcJx9oN2YS5ITf7zQfblnfEHR+/jWdcoYlQ","baseKeyType":1,"closed":1742271293087,"used":1742271291246,"created":1742271291246,"remoteIdentityKey":"BR9IoLSLZsk3sdHPLDMANPq1tCToUFRIsK82Rgr/DkhU"},"_chains":{"BbHgQRzugu42TkelgRIXfSU+BQnXhq/gsMo49Alrvpod":{"chainKey":{"counter":0,"key":"lIkyH18ivVfZHVe/LlWGeelD+spsOn7CucNOWLjJWP8="},"chainType":1,"messageKeys":{}}},"pendingPreKey":{"signedKeyId":2,"baseKey":"Ba5CnTQMNLcJx9oN2YS5ITf7zQfblnfEHR+/jWdcoYlQ","preKeyId":2570}},"BSbqOLPgEg4nGrg/1gEpS9yfMrZGPNUbGgXeP/zvuWp5":{"registrationId":16345,"currentRatchet":{"ephemeralKeyPair":{"pubKey":"BXfkvwnzZINX2kbqY/DyhXMU1FnqFUTPp+mek+5ZH7sF","privKey":"0L+4regpbeJAWSzBmTxz/h2CmW/Wwe+jeuHm+pVg9HI="},"lastRemoteEphemeralKey":"BWOCPOdQWNb5RAStVNZiDTbjyDjsHjTw8Bu14KmK0LlF","previousCounter":0,"rootKey":"/ySeHwm4CoV+VporyHSSLWPjcIaChSQBLhnhA4t577A="},"indexInfo":{"baseKey":"BSbqOLPgEg4nGrg/1gEpS9yfMrZGPNUbGgXeP/zvuWp5","baseKeyType":1,"closed":-1,"used":1742271292948,"created":1742271292948,"remoteIdentityKey":"BR9IoLSLZsk3sdHPLDMANPq1tCToUFRIsK82Rgr/DkhU"},"_chains":{"BXfkvwnzZINX2kbqY/DyhXMU1FnqFUTPp+mek+5ZH7sF":{"chainKey":{"counter":0,"key":"aUd0sSqmFjSBAnRNolEEpoL8YmQrbLiVnadAGgKMBMI="},"chainType":1,"messageKeys":{}}},"pendingPreKey":{"signedKeyId":2,"baseKey":"BSbqOLPgEg4nGrg/1gEpS9yfMrZGPNUbGgXeP/zvuWp5","preKeyId":1961}}},"version":"v1"}