{"_sessions":{"BR9OnnHWBXnvoINaE7vz6Xi9own/TGMUFdmnaZD7aSQw":{"registrationId":578604233,"currentRatchet":{"ephemeralKeyPair":{"pubKey":"BW0SN2Hhi+3jNceJZxu6AN2sIn0yb2RXMmR2doi+WoEv","privKey":"WE3jp/MQhWA3v8Gk+hk3o2YycA4GMzpjmYvTmUbyRmo="},"lastRemoteEphemeralKey":"BTzKUlGVM8aATLnx42ZVDSir8LlElz87qwWcg7XgRysu","previousCounter":0,"rootKey":"Gxj8BF97+MPdCw/j1TdZUh+vyrl6WbGQNKcARnqPVAk="},"indexInfo":{"baseKey":"BR9OnnHWBXnvoINaE7vz6Xi9own/TGMUFdmnaZD7aSQw","baseKeyType":2,"closed":-1,"used":1742455099315,"created":1742455099315,"remoteIdentityKey":"Be3q47Ww0bpq1YmHizCPcOgfL+Nj0hflvHzXxJKc5J8T"},"_chains":{"BTzKUlGVM8aATLnx42ZVDSir8LlElz87qwWcg7XgRysu":{"chainKey":{"counter":0,"key":"BXwsDJSjWtQ9v00c2R4rLQvZnwu1F8jxOk5up2bXPMs="},"chainType":2,"messageKeys":{}},"BW0SN2Hhi+3jNceJZxu6AN2sIn0yb2RXMmR2doi+WoEv":{"chainKey":{"counter":-1,"key":"t3kGvsW6iuFzPnXIpDHx/daGCH0FHNFqQkJjH1MW5Dw="},"chainType":1,"messageKeys":{}}}}},"version":"v1"}