{"_sessions":{"BcvQhz+qff06MUNSVZ4LD8D+pBIYUpRbzKh1MrX4WIwv":{"registrationId":1010386540,"currentRatchet":{"ephemeralKeyPair":{"pubKey":"BVdTgwWmui1fAawz8lnZh11Hpq6JKJM3iivu87EJh0R5","privKey":"+KOY1PaA3GRRkxp60qRinDFM2zm3Uv9d6E2x6vAZx3c="},"lastRemoteEphemeralKey":"BUZQQC0C+BILFfbYxAwgsinvFZPoQbRbsacq+OVAoBI6","previousCounter":0,"rootKey":"dRcZpetp4SzQh1cB9ByYE6skK1e3phFzASv+vUHmqds="},"indexInfo":{"baseKey":"BcvQhz+qff06MUNSVZ4LD8D+pBIYUpRbzKh1MrX4WIwv","baseKeyType":2,"closed":-1,"used":1742441293640,"created":1742441293640,"remoteIdentityKey":"Beida0XkUVoHuLqN1Gp9DdoI9oV90r6artWEo/NFmG09"},"_chains":{"BUZQQC0C+BILFfbYxAwgsinvFZPoQbRbsacq+OVAoBI6":{"chainKey":{"counter":4,"key":"3l8FtAyb+p9Hw1RXnvLzapFwVGxRbhsEJl+Ah3hNWoQ="},"chainType":2,"messageKeys":{"0":"BCx/5sVB/QKyj/BI8XrE40NKpojNdFzbj8sPE3t8jWs="}},"BVdTgwWmui1fAawz8lnZh11Hpq6JKJM3iivu87EJh0R5":{"chainKey":{"counter":-1,"key":"T/xdYAz9zgVQB5QEgcyErEA6uHjn4joXErHqpKBy3EQ="},"chainType":1,"messageKeys":{}}}}},"version":"v1"}