{"_sessions":{"BYJIp5O/HR/y03RZQuYPpo5cS0vWSHDSAYiY3kTBrDdm":{"registrationId":211833348,"currentRatchet":{"ephemeralKeyPair":{"pubKey":"BYvIaKiH1nIuBYtJ95YsDOkHYwkScKb9Z5DyF4FE5gIo","privKey":"yHmLE1rrkSelCXHzmTQ/cdwhmLP7Epj9C4EnNHInulo="},"lastRemoteEphemeralKey":"BTsrK9Zflh0ClMkxjQdtDabr0Vn0a3FIyFLqer1TJiMu","previousCounter":0,"rootKey":"cSQnik8BWbXjaoUFJonkp/O12xJ4wPo1QrziopP1BeI="},"indexInfo":{"baseKey":"BYJIp5O/HR/y03RZQuYPpo5cS0vWSHDSAYiY3kTBrDdm","baseKeyType":2,"closed":-1,"used":1742278424037,"created":1742278424037,"remoteIdentityKey":"BWA6E9p7vc+AmjGVC3dRZ1ZzfqD/RE9LV51B34okJWIB"},"_chains":{"BTsrK9Zflh0ClMkxjQdtDabr0Vn0a3FIyFLqer1TJiMu":{"chainKey":{"counter":0,"key":"NVUMkJ8bihjMPDw1iwPXiOMnLKFPmEUI3pI7EfEjnzw="},"chainType":2,"messageKeys":{}},"BYvIaKiH1nIuBYtJ95YsDOkHYwkScKb9Z5DyF4FE5gIo":{"chainKey":{"counter":-1,"key":"MbKo9dgXFFg8ZCO1RyMrHqk5A+2/aGrGG1z+osb5B/s="},"chainType":1,"messageKeys":{}}}}},"version":"v1"}