{"_sessions":{"BcNu57QwlsSfZxChkG+GTOmjkKN9RuYrPyKbBJtuRjVb":{"registrationId":472828881,"currentRatchet":{"ephemeralKeyPair":{"pubKey":"BaX/x29UedLKQqX4B50M7nCrrrChIR2AhEcqnnKztGRH","privKey":"UIcbETuB4jjjt7b6EdXl5hmuJEgmY/DgX4A9PlaWJWw="},"lastRemoteEphemeralKey":"BfYcEPvyhF8XgoIc3BUE41AIiFpFyY13jNvpZWVHWtRs","previousCounter":0,"rootKey":"y5TAc/cDGSm6e5t5RKTKuOFAVn8gbiQW2t1m+vPiAes="},"indexInfo":{"baseKey":"BcNu57QwlsSfZxChkG+GTOmjkKN9RuYrPyKbBJtuRjVb","baseKeyType":1,"closed":1742271293113,"used":1742271291330,"created":1742271291330,"remoteIdentityKey":"BWf+1Uy1zXACGac36dgZqDN60q6YwS+6s8IfdOXp0Hwl"},"_chains":{"BaX/x29UedLKQqX4B50M7nCrrrChIR2AhEcqnnKztGRH":{"chainKey":{"counter":0,"key":"JwD1Vj7xF8Z8Q0rTmZoeM4OfQx11GPd+zrt/EZadKyo="},"chainType":1,"messageKeys":{}}},"pendingPreKey":{"signedKeyId":35,"baseKey":"BcNu57QwlsSfZxChkG+GTOmjkKN9RuYrPyKbBJtuRjVb","preKeyId":12271634}},"BbpgIBeMmlrf1ijS0AaZ6vXYFF7LtNJxkTz0JL/2AWMn":{"registrationId":472828881,"currentRatchet":{"ephemeralKeyPair":{"pubKey":"BfbYGz8M2qs6Lym5E+izRE7Ps/sCv0LdJJdpPKslYHx6","privKey":"8M4koKoeDJdXnssF9n+va4tgYEu+urXLnf7v2hvfy3M="},"lastRemoteEphemeralKey":"BfYcEPvyhF8XgoIc3BUE41AIiFpFyY13jNvpZWVHWtRs","previousCounter":0,"rootKey":"Uhsubdpbx8u51X4Sd090nbkB3+T47X03LVXeuBNUyLM="},"indexInfo":{"baseKey":"BbpgIBeMmlrf1ijS0AaZ6vXYFF7LtNJxkTz0JL/2AWMn","baseKeyType":1,"closed":-1,"used":1742271293027,"created":1742271293027,"remoteIdentityKey":"BWf+1Uy1zXACGac36dgZqDN60q6YwS+6s8IfdOXp0Hwl"},"_chains":{"BfbYGz8M2qs6Lym5E+izRE7Ps/sCv0LdJJdpPKslYHx6":{"chainKey":{"counter":0,"key":"L4/JriEJpGq1QorJSlQEwA0wRiJiXrtdq5YLuTbrYGA="},"chainType":1,"messageKeys":{}}},"pendingPreKey":{"signedKeyId":35,"baseKey":"BbpgIBeMmlrf1ijS0AaZ6vXYFF7LtNJxkTz0JL/2AWMn","preKeyId":12272190}}},"version":"v1"}