{"_sessions":{"BQk4i1rHln0IuYvG2veI30DRhay0SLmT9fmQh3ZAZjpi":{"registrationId":1181400339,"currentRatchet":{"ephemeralKeyPair":{"pubKey":"BRd/OU9uEfmmFW+hDyRx7RiaT6XqsA+8L8OTDHvaXaEB","privKey":"+G6kbsyq0aBZ0CnphyqIjFG1q6G+ro0mIyCIyZ955VI="},"lastRemoteEphemeralKey":"BY1ub0mH7D9XkWqKeIdNuVm0ijYJ2eZCN0HpBqP8kLdH","previousCounter":0,"rootKey":"d0evef/KEMD2qRXIMpjotR/z6uJYB83ziuta8+7eIw8="},"indexInfo":{"baseKey":"BQk4i1rHln0IuYvG2veI30DRhay0SLmT9fmQh3ZAZjpi","baseKeyType":2,"closed":-1,"used":1742338449353,"created":1742338449353,"remoteIdentityKey":"BZOXH7Ph9rzDd3ecilK19Swj+aofczTzhDJFX8DCl/MT"},"_chains":{"BY1ub0mH7D9XkWqKeIdNuVm0ijYJ2eZCN0HpBqP8kLdH":{"chainKey":{"counter":0,"key":"ftuRU/c9Gd9DwGeu3VQYOPTtpLO0WgFUIHc2d/SXfJk="},"chainType":2,"messageKeys":{}},"BRd/OU9uEfmmFW+hDyRx7RiaT6XqsA+8L8OTDHvaXaEB":{"chainKey":{"counter":-1,"key":"dt4XoaO8ZsMfSte/xpc0JMoqBublzhXAYt2tRtPbG7g="},"chainType":1,"messageKeys":{}}}}},"version":"v1"}