{"_sessions":{"BRyg+7yABTTQND8uB2IjR9U7OfGqCsXz8Yn/dQ8O4hlo":{"registrationId":493681207,"currentRatchet":{"ephemeralKeyPair":{"pubKey":"BX9KF4UloTAzRSW41kbuDlZzGSd4rwMRKdSq6Gesm2MQ","privKey":"oD0N5nT6fUIN4+gyrOU3El0dhuRyrLT0GbQPMp+dimM="},"lastRemoteEphemeralKey":"BSEyEAA0xpQJHh1ku6h98MSbaxn/8gvc3diTt9p04ftC","previousCounter":0,"rootKey":"61frqZkGV8UG81tzFvDCzSjk7FL9hzQdaf7oCT7M8tk="},"indexInfo":{"baseKey":"BRyg+7yABTTQND8uB2IjR9U7OfGqCsXz8Yn/dQ8O4hlo","baseKeyType":2,"closed":-1,"used":1742425998715,"created":1742425998715,"remoteIdentityKey":"BXg3hFXRhnyRNIiiRlJm0YB/vkoMZUZ+qaWXyWN7omYA"},"_chains":{"BSEyEAA0xpQJHh1ku6h98MSbaxn/8gvc3diTt9p04ftC":{"chainKey":{"counter":2,"key":"cch9T6CLKe6BZ5Wk4BcqZEYArGFfE6uoiiR5dA4czVc="},"chainType":2,"messageKeys":{"0":"todlGZU8ZqgNgfko0jewcgUYPscioGanN9v1A++ayBA="}},"BX9KF4UloTAzRSW41kbuDlZzGSd4rwMRKdSq6Gesm2MQ":{"chainKey":{"counter":-1,"key":"JfxwMaIzvi4QhtVfEpT9VEZy8xOmz+vo2Toh4wa+cew="},"chainType":1,"messageKeys":{}}}}},"version":"v1"}