{"_sessions":{"BUIP9wk7jadi6zVMEltPkIVkRAWBdfOJu8U+znopTDAW":{"registrationId":572699709,"currentRatchet":{"ephemeralKeyPair":{"pubKey":"BS/VBcm5HvO4IUUFsPGlxMdccNNCKTPxp09jwMXXn6FS","privKey":"KP5pPC8cuPShHrRvByz2J4zmMmfGIN89X7EEv80xTXk="},"lastRemoteEphemeralKey":"BQvNDNwZ69A2sY1CV/R3gHG3ZidJzeDXKxrIHVSlW1QA","previousCounter":0,"rootKey":"IgeEL+O2PTiDNEu9wk/b3X4HkUGoUfyFgNhGru5PfDc="},"indexInfo":{"baseKey":"BUIP9wk7jadi6zVMEltPkIVkRAWBdfOJu8U+znopTDAW","baseKeyType":1,"closed":1742271293084,"used":1742271291233,"created":1742271291233,"remoteIdentityKey":"BSr/csIM7e/71exGqV+J3ui68VqdD+bW0odPOhv9stdV"},"_chains":{"BS/VBcm5HvO4IUUFsPGlxMdccNNCKTPxp09jwMXXn6FS":{"chainKey":{"counter":0,"key":"xvxQpX675Dh5aDVjt1RP8xiwfJ7xh9sOOKUoLWJ0GmE="},"chainType":1,"messageKeys":{}}},"pendingPreKey":{"signedKeyId":0,"baseKey":"BUIP9wk7jadi6zVMEltPkIVkRAWBdfOJu8U+znopTDAW","preKeyId":8213043}},"Bah647kCqe3J0Tnqo7rc7voj59l017r01HGc9Gnj2atN":{"registrationId":572699709,"currentRatchet":{"ephemeralKeyPair":{"pubKey":"BXMva1+LJVu8eUeRQec44z69qVjy0+RIW3PUyYFRvLJ6","privKey":"MJP0+E4JtTu/QiPwxekimOr7F29ZCzKVPu6//vgUpks="},"lastRemoteEphemeralKey":"BQvNDNwZ69A2sY1CV/R3gHG3ZidJzeDXKxrIHVSlW1QA","previousCounter":0,"rootKey":"w/Jj43e4TZW3WWEujqH3dgt2pV3KVG9PQyNaMmEvpsw="},"indexInfo":{"baseKey":"Bah647kCqe3J0Tnqo7rc7voj59l017r01HGc9Gnj2atN","baseKeyType":1,"closed":-1,"used":1742271292936,"created":1742271292936,"remoteIdentityKey":"BSr/csIM7e/71exGqV+J3ui68VqdD+bW0odPOhv9stdV"},"_chains":{"BXMva1+LJVu8eUeRQec44z69qVjy0+RIW3PUyYFRvLJ6":{"chainKey":{"counter":0,"key":"DTKX32H66jCeyYqQ7sXojg+ACWu622F+gW2UYzbWwjw="},"chainType":1,"messageKeys":{}}},"pendingPreKey":{"signedKeyId":0,"baseKey":"Bah647kCqe3J0Tnqo7rc7voj59l017r01HGc9Gnj2atN","preKeyId":8213090}}},"version":"v1"}