{"_sessions":{"BZFl2g2GuAHiGrWwHykRk9i0fyPiF5O/uO77064LSk0X":{"registrationId":9337,"currentRatchet":{"ephemeralKeyPair":{"pubKey":"BVMIYnlCZOd+p5yzzlXRLc1AUx7Y5ZVx/1Pdcy6zO4IX","privKey":"MDIxIUwWAGFDICVjlhIPH8tE/B2ctSeIbvQ1OOYuQ3w="},"lastRemoteEphemeralKey":"BYasMD2f/l8q0VweHY3VOcuiwJL4YrtVU+tYf0e9rPo+","previousCounter":0,"rootKey":"9jBE9He0A9aE/vAzB7/+lYx9ONXaLeH8FICmdaGmLxs="},"indexInfo":{"baseKey":"BZFl2g2GuAHiGrWwHykRk9i0fyPiF5O/uO77064LSk0X","baseKeyType":1,"closed":1742271293079,"used":1742271291216,"created":1742271291216,"remoteIdentityKey":"BdTLgGCahh+bK6/L8OYNG2Hc979jKi98y+M7jQ42L7Is"},"_chains":{"BVMIYnlCZOd+p5yzzlXRLc1AUx7Y5ZVx/1Pdcy6zO4IX":{"chainKey":{"counter":0,"key":"UI8PkppjaraqdIr6rtW3pRBHQDiNkDrt3LI0jF9RMIw="},"chainType":1,"messageKeys":{}}},"pendingPreKey":{"signedKeyId":2,"baseKey":"BZFl2g2GuAHiGrWwHykRk9i0fyPiF5O/uO77064LSk0X","preKeyId":1576}},"BcZ9Y4aM818gSjCpEmVT9KBrPmJe0Tx/xNQQ/1GdjF59":{"registrationId":9337,"currentRatchet":{"ephemeralKeyPair":{"pubKey":"BZOTMsbn096WTozTcJrhPLf5Q+0IgnIF7VCLb7iF5xFw","privKey":"sG7T0VvMVccKLyX5ZMKDaMvlcgEd3z2Y4qTiqz6dW0Q="},"lastRemoteEphemeralKey":"BYasMD2f/l8q0VweHY3VOcuiwJL4YrtVU+tYf0e9rPo+","previousCounter":0,"rootKey":"i2diHABs8dcPTxmpAvGZVXT5d8YXCiBRHBFh78IOWBU="},"indexInfo":{"baseKey":"BcZ9Y4aM818gSjCpEmVT9KBrPmJe0Tx/xNQQ/1GdjF59","baseKeyType":1,"closed":-1,"used":1742271292919,"created":1742271292919,"remoteIdentityKey":"BdTLgGCahh+bK6/L8OYNG2Hc979jKi98y+M7jQ42L7Is"},"_chains":{"BZOTMsbn096WTozTcJrhPLf5Q+0IgnIF7VCLb7iF5xFw":{"chainKey":{"counter":0,"key":"8hmi9BBi6ZbkDsl3IQ8evK6kGTfGv2MYjOYmiFAIE08="},"chainType":1,"messageKeys":{}}},"pendingPreKey":{"signedKeyId":2,"baseKey":"BcZ9Y4aM818gSjCpEmVT9KBrPmJe0Tx/xNQQ/1GdjF59","preKeyId":1321}}},"version":"v1"}