{"_sessions":{"BfPTrfsnDwMUTNxljHS/mxEfrmtO/xFN//2fX9fhb7wM":{"registrationId":1894,"currentRatchet":{"ephemeralKeyPair":{"pubKey":"BUV0FNW5/5wVLbpPObR3bq+R44VST7nefis/HC1E839P","privKey":"IEPHLlz2EW8L4/1ADKDj7DuUvVQzWQ/ayUpj0wwF/lg="},"lastRemoteEphemeralKey":"BZTrWdWiEFw3fKtrImtfSJcQ9GTXUmS2k08d+LIP9wEL","previousCounter":0,"rootKey":"y1IJedTMtZu7CSRJPOwCwZrjYq/SAg3bfHpZ1YgiPpQ="},"indexInfo":{"baseKey":"BfPTrfsnDwMUTNxljHS/mxEfrmtO/xFN//2fX9fhb7wM","baseKeyType":1,"closed":1742271293097,"used":1742271291276,"created":1742271291276,"remoteIdentityKey":"BbHcZrPEdjOtEj1FOJKtT92Yru7GZHd0yhFRi/dWelRc"},"_chains":{"BUV0FNW5/5wVLbpPObR3bq+R44VST7nefis/HC1E839P":{"chainKey":{"counter":0,"key":"M6O+M/6cK2u3CmGmOSTO5msnotc8o6yZPhRzYi+ZX/E="},"chainType":1,"messageKeys":{}}},"pendingPreKey":{"signedKeyId":1,"baseKey":"BfPTrfsnDwMUTNxljHS/mxEfrmtO/xFN//2fX9fhb7wM","preKeyId":176}},"BYPWqmZcrpFhEQj9ir5G0tLErIIYldWxa2/7cTWT+24i":{"registrationId":1894,"currentRatchet":{"ephemeralKeyPair":{"pubKey":"BSz2SUrKIyDptJUZljURQNFjas2YwquO5L8N/4D8N4gz","privKey":"YNt+9lqrACuqVhyNZcC4jnuR3Oj19FrhpiTSxB/2Q18="},"lastRemoteEphemeralKey":"BZTrWdWiEFw3fKtrImtfSJcQ9GTXUmS2k08d+LIP9wEL","previousCounter":0,"rootKey":"gX0a07QB0Cf0TJ/IiUbIpr+Zw/i6BZrqfd5T2B14PwQ="},"indexInfo":{"baseKey":"BYPWqmZcrpFhEQj9ir5G0tLErIIYldWxa2/7cTWT+24i","baseKeyType":1,"closed":-1,"used":1742271292975,"created":1742271292975,"remoteIdentityKey":"BbHcZrPEdjOtEj1FOJKtT92Yru7GZHd0yhFRi/dWelRc"},"_chains":{"BSz2SUrKIyDptJUZljURQNFjas2YwquO5L8N/4D8N4gz":{"chainKey":{"counter":0,"key":"/MQMSJrUOfCADG9jplQ/DurjoPunK6PUJbeVvcTPycA="},"chainType":1,"messageKeys":{}}},"pendingPreKey":{"signedKeyId":1,"baseKey":"BYPWqmZcrpFhEQj9ir5G0tLErIIYldWxa2/7cTWT+24i","preKeyId":779}}},"version":"v1"}