{"_sessions":{"Bbt0dPXcTomOIV3FJK5AjiVEeacEDybfL6Db8cKjsLMd":{"registrationId":14879,"currentRatchet":{"ephemeralKeyPair":{"pubKey":"BeRgNL/6eF49NfUUUa1IJ0SdEhoHWhqtJuwHmyHJTY89","privKey":"EDJ3/nMW+Lwd3oDhfAO8KYfXr8YhVf6/nN5h9IyQ8kc="},"lastRemoteEphemeralKey":"BX6fBBOjA+PKSdCCyd7GI5ULmmsog3Yk4rsIl+hK7b8V","previousCounter":0,"rootKey":"mjY+oWD7GDgbL37A6qwmLgcAzgMq8gY+ga6QARr+H9c="},"indexInfo":{"baseKey":"Bbt0dPXcTomOIV3FJK5AjiVEeacEDybfL6Db8cKjsLMd","baseKeyType":1,"closed":1742271293106,"used":1742271291308,"created":1742271291308,"remoteIdentityKey":"Ba4i0hItk2SfEKKSCBeYpibRB8wb84Y+3SHIfTWvpWEW"},"_chains":{"BeRgNL/6eF49NfUUUa1IJ0SdEhoHWhqtJuwHmyHJTY89":{"chainKey":{"counter":0,"key":"bxE9Ihz2Vjn/bS8/LTB01XLJcAMyKGwKdBLo6nYMGgQ="},"chainType":1,"messageKeys":{}}},"pendingPreKey":{"signedKeyId":1,"baseKey":"Bbt0dPXcTomOIV3FJK5AjiVEeacEDybfL6Db8cKjsLMd","preKeyId":1870}},"BXdsVelOxguf7Jgqy35zkjhAc/Lz0f7tN2xXY0YWacML":{"registrationId":14879,"currentRatchet":{"ephemeralKeyPair":{"pubKey":"BbRbH9bwcnxLsP63ERYAY+NaYpbMcyE9AXckaRXVdDkr","privKey":"oAVbm9Mo1pNlNQwTYigTniUbdF5v2izxYvuxSFN+Wko="},"lastRemoteEphemeralKey":"BX6fBBOjA+PKSdCCyd7GI5ULmmsog3Yk4rsIl+hK7b8V","previousCounter":0,"rootKey":"wNTS8y8iwteGOd9PwbgWg1PSVjGprqfz7xyVMWnzzd8="},"indexInfo":{"baseKey":"BXdsVelOxguf7Jgqy35zkjhAc/Lz0f7tN2xXY0YWacML","baseKeyType":1,"closed":-1,"used":1742271293006,"created":1742271293006,"remoteIdentityKey":"Ba4i0hItk2SfEKKSCBeYpibRB8wb84Y+3SHIfTWvpWEW"},"_chains":{"BbRbH9bwcnxLsP63ERYAY+NaYpbMcyE9AXckaRXVdDkr":{"chainKey":{"counter":0,"key":"OkF8zMnLpStzE7ulHYAiDsqstWEzBWGTRFKRQAwVDTI="},"chainType":1,"messageKeys":{}}},"pendingPreKey":{"signedKeyId":1,"baseKey":"BXdsVelOxguf7Jgqy35zkjhAc/Lz0f7tN2xXY0YWacML","preKeyId":1653}}},"version":"v1"}