{"_sessions":{"BSQQdI3A6Xmw58OQoZQmppkQ9LdhgY3cgEHMbGNtxBcv":{"registrationId":1784711543,"currentRatchet":{"ephemeralKeyPair":{"pubKey":"Bba34ZtHnBJywZmnJBeaMmkg3FAbSRmRtvcudWjiylhP","privKey":"yHSixiI5tBP8+UUfMwjmH6FH8JE05QkFH1gbv+4g/VM="},"lastRemoteEphemeralKey":"BTCCMG93BqQXjGVdFimlZCUbHSM7D4e6EeSFnYmVToYJ","previousCounter":0,"rootKey":"SGC/J9aEvsIdniVwsF8J9JSHJHN3QcxkmxmI2uR+rrk="},"indexInfo":{"baseKey":"BSQQdI3A6Xmw58OQoZQmppkQ9LdhgY3cgEHMbGNtxBcv","baseKeyType":2,"closed":-1,"used":1742276356825,"created":1742276356825,"remoteIdentityKey":"BRY7JwRWEv7DdKcqOB8wPQjybFnBhkqv5PUNNAobhysG"},"_chains":{"BTCCMG93BqQXjGVdFimlZCUbHSM7D4e6EeSFnYmVToYJ":{"chainKey":{"counter":1,"key":"gNFh6yFp+7PllS0qgHA2WI2lkKpsAuQg/Piu2IYOjjM="},"chainType":2,"messageKeys":{}},"Bba34ZtHnBJywZmnJBeaMmkg3FAbSRmRtvcudWjiylhP":{"chainKey":{"counter":-1,"key":"+LIPVWgLdr0R3A78EVcCqvlMIyK7Q5cBCSgYt3qiheA="},"chainType":1,"messageKeys":{}}}}},"version":"v1"}