{"_sessions":{"BRUvpctULfGSf+/zTqC4RD4yBuGtiaOOgM1pGnZHOSMd":{"registrationId":1972892961,"currentRatchet":{"ephemeralKeyPair":{"pubKey":"BXcgBdT6c7+vOUndsUSRcBX+dypAWZQOeJk3kTZKYVhZ","privKey":"mDZRsebgH2TCsfdzt27G3AdVgCH902T+J9NdzUGoNFs="},"lastRemoteEphemeralKey":"BWlAQipiyOE/+X1FCuJFj6t1sQLsy7JEGumX1GIjRbsh","previousCounter":0,"rootKey":"nkBqLrasrviw+LAOW1DA6TG2am2fpFJ1hP//pZ4QqT4="},"indexInfo":{"baseKey":"BRUvpctULfGSf+/zTqC4RD4yBuGtiaOOgM1pGnZHOSMd","baseKeyType":2,"closed":-1,"used":1742289141648,"created":1742289141648,"remoteIdentityKey":"BSpt2oVDACSQb9PjcAvGPJUzFrTcXkAX9h1AhiRH5Ool"},"_chains":{"BWlAQipiyOE/+X1FCuJFj6t1sQLsy7JEGumX1GIjRbsh":{"chainKey":{"counter":0,"key":"ZFxzdC9Pr0PcBvG8INzPWyS+Snjg7/4xGxbtdXA/YVA="},"chainType":2,"messageKeys":{}},"BXcgBdT6c7+vOUndsUSRcBX+dypAWZQOeJk3kTZKYVhZ":{"chainKey":{"counter":-1,"key":"E/G6q80uRGUvYYhY+w5E0KV6/8Enkv/PMFoJlpKgDQ0="},"chainType":1,"messageKeys":{}}}}},"version":"v1"}