{"_sessions":{"BVqtygi86vmyL53ELtRYyJx/nOmp2Pdkg+S8AVQvKNQW":{"registrationId":1941948254,"currentRatchet":{"ephemeralKeyPair":{"pubKey":"BWUJ9bH0Y6PV8gkRnHNkwRyYBVjDYRIF66+MWPd288VE","privKey":"UEoNtWa23jRA0TcTZVcbAXKARMJAC3f0Et9o9lR8uX0="},"lastRemoteEphemeralKey":"BS/+kVqCyk0v6a37Xk6/tUVpogCDQIGz4sp+kQm80lYN","previousCounter":0,"rootKey":"diEXjYj69ziQJ2FTQnHXuad4aTp6qWw1Kg+6mn7KkWU="},"indexInfo":{"baseKey":"BVqtygi86vmyL53ELtRYyJx/nOmp2Pdkg+S8AVQvKNQW","baseKeyType":1,"closed":1742271293897,"used":1742271292164,"created":1742271292164,"remoteIdentityKey":"BR5+oOsVzrySKGE1I++5rxvlckR+52CyPPL8Su+U6Tdw"},"_chains":{"BWUJ9bH0Y6PV8gkRnHNkwRyYBVjDYRIF66+MWPd288VE":{"chainKey":{"counter":0,"key":"d13Z+ruLT4+ps/U7Vmbxi+A/O0j9ZBFGoHsUO8xuBxk="},"chainType":1,"messageKeys":{}}},"pendingPreKey":{"signedKeyId":1,"baseKey":"BVqtygi86vmyL53ELtRYyJx/nOmp2Pdkg+S8AVQvKNQW","preKeyId":9895172}},"BRfulrtybEvAE1EPjaZIzYY54u/jyO4PFnTyO7VeIYEa":{"registrationId":1941948254,"currentRatchet":{"ephemeralKeyPair":{"pubKey":"BWC5c/Ar1uH4M2WdFJpeUVlhwC2+1IXieACrIkaDuzFb","privKey":"CNnHX1OMzk2DECAEaFAcLv2wrBMzLvnEZcSHe5w5x1Q="},"lastRemoteEphemeralKey":"BchTxvww3bQ0YkZhzj+gf3icX/s+H4pSlkoPWMNv/65r","previousCounter":0,"rootKey":"PbbKyGSxbWLnZ2cgTJC+DEow26MJdirmELceOiNwZOg="},"indexInfo":{"baseKey":"BRfulrtybEvAE1EPjaZIzYY54u/jyO4PFnTyO7VeIYEa","baseKeyType":1,"closed":-1,"used":1742447366872,"created":1742271293741,"remoteIdentityKey":"BR5+oOsVzrySKGE1I++5rxvlckR+52CyPPL8Su+U6Tdw"},"_chains":{"BchTxvww3bQ0YkZhzj+gf3icX/s+H4pSlkoPWMNv/65r":{"chainKey":{"counter":5,"key":"pVMQ0Oq9FHfZaoBbKRk7BGx3DXPgrde7+5SxQzyzXIs="},"chainType":2,"messageKeys":{}},"BWC5c/Ar1uH4M2WdFJpeUVlhwC2+1IXieACrIkaDuzFb":{"chainKey":{"counter":-1,"key":"V/zkbf/Ne+EUr7xpyCkbZexlBtEeo92KSFp/I24WIXo="},"chainType":1,"messageKeys":{}}}}},"version":"v1"}