{"_sessions":{"BbdOCQ0mUcVniKhgaIbMbTGsjb8mtrrJ2R8D3dbCHSNQ":{"registrationId":413197659,"currentRatchet":{"ephemeralKeyPair":{"pubKey":"BYj2YWTCJHwiN6bjSZ+ZP2hMimJceD/U7IvdXdixBksv","privKey":"EKGeRvtFtvehng5RGb8458dUxbk2c8aZax+fW5aMrHg="},"lastRemoteEphemeralKey":"BQWydBSp5cC2Ei5D/P//kEiIQ4stnu+//7sK3be8Gaod","previousCounter":0,"rootKey":"NGM1pzg1DP1tmTmt/1ANLWMtaZrbscNOAMzJHfVcZ9k="},"indexInfo":{"baseKey":"BbdOCQ0mUcVniKhgaIbMbTGsjb8mtrrJ2R8D3dbCHSNQ","baseKeyType":2,"closed":-1,"used":1742283156323,"created":1742283156323,"remoteIdentityKey":"BaON1Xa8biWZ2klXkW2+V+1fJK058haAi2O3eo7iA8If"},"_chains":{"BQWydBSp5cC2Ei5D/P//kEiIQ4stnu+//7sK3be8Gaod":{"chainKey":{"counter":5,"key":"tlTIeG37V4m/gP4ronHQ0iMJ5W3z8FX5AlZKqRsb1lE="},"chainType":2,"messageKeys":{"3":"gDlUyAqKqtCBW4dPHxStpF901UdnlZTYO2x8g36wJWw="}},"BYj2YWTCJHwiN6bjSZ+ZP2hMimJceD/U7IvdXdixBksv":{"chainKey":{"counter":-1,"key":"SRuMwD0vMoXt/98fPCdTLIaBWeeOjNcsHFEPHnxm09c="},"chainType":1,"messageKeys":{}}}}},"version":"v1"}