{"_sessions":{"BTlJnt8QIJEQOIcTxHbyNOEHpKPg3OWr7mUQAoQXIJVa":{"registrationId":1487732742,"currentRatchet":{"ephemeralKeyPair":{"pubKey":"BXh/r6GyWJuuWt8BossJH6POQ6PhEDA4HpW3qUCf9L5w","privKey":"oP/vHDG8qMmlCcCc7v3wHNzwnagp0wJq9/OXUMhOhXE="},"lastRemoteEphemeralKey":"BUaY4wKHb6wCacOOebhKFtSlJrtDNzVzQLTDp2Cre3By","previousCounter":0,"rootKey":"XES1gd9yUaIDMu3tERgnXRfcVzP9h4piVdRsbZjC10c="},"indexInfo":{"baseKey":"BTlJnt8QIJEQOIcTxHbyNOEHpKPg3OWr7mUQAoQXIJVa","baseKeyType":2,"closed":-1,"used":1742342599896,"created":1742342599896,"remoteIdentityKey":"BXrBJzE1uqruoaYXGDwaRDJhnLBcAKANb8zkbxDZ3/xq"},"_chains":{"BUaY4wKHb6wCacOOebhKFtSlJrtDNzVzQLTDp2Cre3By":{"chainKey":{"counter":0,"key":"BAgFMfDZ2K15G+aJKrzO9GQGK4cJFJ6FK3Yra9IkD/I="},"chainType":2,"messageKeys":{}},"BXh/r6GyWJuuWt8BossJH6POQ6PhEDA4HpW3qUCf9L5w":{"chainKey":{"counter":-1,"key":"NW8ZT8tkEi8XcUrejBcwxQQ+EJpXCXU4hCacaS8OkF0="},"chainType":1,"messageKeys":{}}}}},"version":"v1"}