{"_sessions":{"BQ53Cvg0jZktQsyFg8s/+woy9iAZ0WojJRRhl1ZTU6VU":{"registrationId":1172221990,"currentRatchet":{"ephemeralKeyPair":{"pubKey":"BVXXorYxmyk7jIPWRyk29VsJSNsn02EOz83H7aD/0dBn","privKey":"0B0u0ZLV+I/lUg/ArzDG8oX6d+4xGbKou5WPBQxe0nE="},"lastRemoteEphemeralKey":"BRj7/5OGbCkQyGZFzyZWyoUV61JkCMxVPAKsvDDPkjRf","previousCounter":0,"rootKey":"SKjESZoe08bKrPMmpellviHyuddrcqBOn/K0WsCGKhg="},"indexInfo":{"baseKey":"BQ53Cvg0jZktQsyFg8s/+woy9iAZ0WojJRRhl1ZTU6VU","baseKeyType":1,"closed":1742271293119,"used":1742271291350,"created":1742271291350,"remoteIdentityKey":"BXUOzm1gDQZg26iSJ2rBn9Bl2g7jKypy6EDW09gRWrR1"},"_chains":{"BVXXorYxmyk7jIPWRyk29VsJSNsn02EOz83H7aD/0dBn":{"chainKey":{"counter":0,"key":"PTfPMJepW6dWf9vfAnYwPPjz9QmObSAbDIij8Snmamw="},"chainType":1,"messageKeys":{}}},"pendingPreKey":{"signedKeyId":4359220,"baseKey":"BQ53Cvg0jZktQsyFg8s/+woy9iAZ0WojJRRhl1ZTU6VU","preKeyId":11570}},"BV6dZoSsT9IVpQXdvyiiFbVW5CmaTBo9LxWmvQPmLjVO":{"registrationId":1172221990,"currentRatchet":{"ephemeralKeyPair":{"pubKey":"BdfQhfbk9u6NmGyiwQ5VSf4HzPs0BHi+nyWjJA2uHl1x","privKey":"yJVyeCN37E8psBK8xE93XCs73T/17uTyZTFGhspAPEc="},"lastRemoteEphemeralKey":"BRj7/5OGbCkQyGZFzyZWyoUV61JkCMxVPAKsvDDPkjRf","previousCounter":0,"rootKey":"KRgT6BcyOLaOkOZpHDwXnCXuyoivm3ir9wo5isho5qg="},"indexInfo":{"baseKey":"BV6dZoSsT9IVpQXdvyiiFbVW5CmaTBo9LxWmvQPmLjVO","baseKeyType":1,"closed":-1,"used":1742271293049,"created":1742271293049,"remoteIdentityKey":"BXUOzm1gDQZg26iSJ2rBn9Bl2g7jKypy6EDW09gRWrR1"},"_chains":{"BdfQhfbk9u6NmGyiwQ5VSf4HzPs0BHi+nyWjJA2uHl1x":{"chainKey":{"counter":0,"key":"fsc0fpzqkFaJM9BzP2+dQ0QDILdJDgzoxy4XBLhzSYY="},"chainType":1,"messageKeys":{}}},"pendingPreKey":{"signedKeyId":4359220,"baseKey":"BV6dZoSsT9IVpQXdvyiiFbVW5CmaTBo9LxWmvQPmLjVO","preKeyId":11542}}},"version":"v1"}