{"_sessions":{"BbsOSw48NNRKg6atQIrMFDhZop0yB4i0grrjNpzSNUxX":{"registrationId":1968046713,"currentRatchet":{"ephemeralKeyPair":{"pubKey":"Beb+OXcKKxGF09s59Dy11yrScBl0lZ/t4MUr7bRzLotM","privKey":"gHW6k/bx1UB9YNgClbkRRBqd6fSSX5Be7S8d+Gh7U1E="},"lastRemoteEphemeralKey":"BfES6M9hlYI4hkMVdYm27T0ev3agvsO+/69o/TDy0HQH","previousCounter":0,"rootKey":"U6l1vOnhgaxkxQ0fz9fdBmn20peBwqP1CfRSz0vKF0o="},"indexInfo":{"baseKey":"BbsOSw48NNRKg6atQIrMFDhZop0yB4i0grrjNpzSNUxX","baseKeyType":1,"closed":1742271293121,"used":1742271291357,"created":1742271291357,"remoteIdentityKey":"BaCdFlkixFCRgEovxVqdPT2xYndy5n41qjHI5P79H9Ai"},"_chains":{"Beb+OXcKKxGF09s59Dy11yrScBl0lZ/t4MUr7bRzLotM":{"chainKey":{"counter":0,"key":"LTTzGpOaouG0AMGor6P8L78+MHWWMJfJcfPe0RM+APA="},"chainType":1,"messageKeys":{}}},"pendingPreKey":{"signedKeyId":15,"baseKey":"BbsOSw48NNRKg6atQIrMFDhZop0yB4i0grrjNpzSNUxX","preKeyId":5895379}},"BRaiHaltoBMMJB8f17btY98mmkqmWew6TNyxJYcQmllX":{"registrationId":1968046713,"currentRatchet":{"ephemeralKeyPair":{"pubKey":"BaRDLLcv38gY9D70rJh8RY41NKgNvTGRBguzQDQawChe","privKey":"OG/4BMP5ez2/z6X2A+9YKrJgR84GHRN98191g/RMflA="},"lastRemoteEphemeralKey":"BfES6M9hlYI4hkMVdYm27T0ev3agvsO+/69o/TDy0HQH","previousCounter":0,"rootKey":"gyjmpsb7fVvffciERyJYUNTwj7Dm5WeC00zb6Og/mZ8="},"indexInfo":{"baseKey":"BRaiHaltoBMMJB8f17btY98mmkqmWew6TNyxJYcQmllX","baseKeyType":1,"closed":-1,"used":1742271293057,"created":1742271293057,"remoteIdentityKey":"BaCdFlkixFCRgEovxVqdPT2xYndy5n41qjHI5P79H9Ai"},"_chains":{"BaRDLLcv38gY9D70rJh8RY41NKgNvTGRBguzQDQawChe":{"chainKey":{"counter":0,"key":"tGT/McnWSA7Sd8KNJJY2aGf3+J0fv/xC8KeCNCHecRM="},"chainType":1,"messageKeys":{}}},"pendingPreKey":{"signedKeyId":15,"baseKey":"BRaiHaltoBMMJB8f17btY98mmkqmWew6TNyxJYcQmllX","preKeyId":5896076}}},"version":"v1"}