{"_sessions":{"BWfIF0Anz2LPvKZoFjWpDcR6eKXkuQ1xOV7GGU+kti8l":{"registrationId":2103249366,"currentRatchet":{"ephemeralKeyPair":{"pubKey":"BQNMK47rmRPLlFmyyCO/tfov3BhbbjddeOnUzERUxAJV","privKey":"4FQUqOzD/diq595UxXoZl6JYsrnmwG0SFYkP/H3ScX0="},"lastRemoteEphemeralKey":"BV2hk2wHXF/DLRvQudc4w6nxyVqMtrePZZhNJmqFov4j","previousCounter":0,"rootKey":"KAF46IJXVMlNfiylNicLNI03PfZkrxLABfoAnZ7dt6E="},"indexInfo":{"baseKey":"BWfIF0Anz2LPvKZoFjWpDcR6eKXkuQ1xOV7GGU+kti8l","baseKeyType":1,"closed":1742271293120,"used":1742271291354,"created":1742271291354,"remoteIdentityKey":"BS2ISjzRsI8IrB63B4oO2zBdBg3VDjp1INSrf9R9UD8+"},"_chains":{"BQNMK47rmRPLlFmyyCO/tfov3BhbbjddeOnUzERUxAJV":{"chainKey":{"counter":0,"key":"ak2v/chGrHGcs/JESfDIjP5aGHQSvb7p3lB+QAubhVI="},"chainType":1,"messageKeys":{}}},"pendingPreKey":{"signedKeyId":13493582,"baseKey":"BWfIF0Anz2LPvKZoFjWpDcR6eKXkuQ1xOV7GGU+kti8l","preKeyId":5135}},"BdV8kDRj8+eLeDn6EvOD/4rLpkv8JmaaCRNAvkkY4uhN":{"registrationId":2103249366,"currentRatchet":{"ephemeralKeyPair":{"pubKey":"BVoQ/lAW4Iv5WFm3w0CjEUT2AyqF6HXhwKZuzCyKFk0f","privKey":"GEyukFQfUlCCoXRrx/aG4zN8g1IFYnlUxVbVVJKZCXY="},"lastRemoteEphemeralKey":"BV2hk2wHXF/DLRvQudc4w6nxyVqMtrePZZhNJmqFov4j","previousCounter":0,"rootKey":"qp2cGLHsomlOjH/m/Gq5sqm/aJQ5XTO6PtYYIQeMslo="},"indexInfo":{"baseKey":"BdV8kDRj8+eLeDn6EvOD/4rLpkv8JmaaCRNAvkkY4uhN","baseKeyType":1,"closed":-1,"used":1742271293053,"created":1742271293053,"remoteIdentityKey":"BS2ISjzRsI8IrB63B4oO2zBdBg3VDjp1INSrf9R9UD8+"},"_chains":{"BVoQ/lAW4Iv5WFm3w0CjEUT2AyqF6HXhwKZuzCyKFk0f":{"chainKey":{"counter":0,"key":"IDVW0p/zMEOQ6QwfWfetpkyGZVJYYk7/0HYD/+6V/3Q="},"chainType":1,"messageKeys":{}}},"pendingPreKey":{"signedKeyId":13493582,"baseKey":"BdV8kDRj8+eLeDn6EvOD/4rLpkv8JmaaCRNAvkkY4uhN","preKeyId":5152}}},"version":"v1"}