{"_sessions":{"BboYk2zv/nLc7Vzg3FCfiswtim1HeheHnaEhJwrqmZgE":{"registrationId":1819334108,"currentRatchet":{"ephemeralKeyPair":{"pubKey":"BcQe612EILgoWlUIMhpyl+IwLQS3oiGSRldHjAZBuxUX","privKey":"oGzM40ETE+XCDJJoIQA3zXXZ/G4ZWDww4LhNGCJMQ0w="},"lastRemoteEphemeralKey":"Bc6jxfuSvpt6u3VwLCQwM/Vquy+uebKFYzKVYYUdoL8q","previousCounter":0,"rootKey":"foN5yKFufczkI/tYCj9p3aCRDgJeA7bkiWF7sduYPqo="},"indexInfo":{"baseKey":"BboYk2zv/nLc7Vzg3FCfiswtim1HeheHnaEhJwrqmZgE","baseKeyType":2,"closed":-1,"used":1742366698077,"created":1742366698077,"remoteIdentityKey":"BYKHdHTveglozbFw529794Etx9xcs5TsLVzGFaPD89If"},"_chains":{"Bc6jxfuSvpt6u3VwLCQwM/Vquy+uebKFYzKVYYUdoL8q":{"chainKey":{"counter":4,"key":"bp8M68IZHsUnLd76l2PIJ2mURHENmmND56w1h53CdZs="},"chainType":2,"messageKeys":{"0":"Wv8rOmLXqUefrjx28q0rSm6QFOzy0Zgms2mMlBgs2k4=","1":"I52Mob19A+0Ev7UqfrW+krbc+f95a5twK09gTmims7k="}},"BcQe612EILgoWlUIMhpyl+IwLQS3oiGSRldHjAZBuxUX":{"chainKey":{"counter":-1,"key":"UJdKmGnLBrDrUTznA/BBftcBswLso82N/vH7sn0A+Qk="},"chainType":1,"messageKeys":{}}}}},"version":"v1"}