{"_sessions":{"Bda30VOjyNGPR9z3QcN7cfZgiUW7nXpdwiJZ8WbxTMVF":{"registrationId":15352,"currentRatchet":{"ephemeralKeyPair":{"pubKey":"BSTYjfeFFiEKywLibqbU8PC7wI1fOjcEvC9L+zK3ZjRV","privKey":"6J7+Nkqgd83eVEnJ+NM25KtyI4Fxw6xcPX9GlIkkaE8="},"lastRemoteEphemeralKey":"BdXRJor9NwzbkRL+NFRekmqVBflb9yonCA4EDz4MyKo0","previousCounter":0,"rootKey":"bj778/c+ee81Dxme7WTgKwJDVHNjrTmgT6zt1tW3oU4="},"indexInfo":{"baseKey":"Bda30VOjyNGPR9z3QcN7cfZgiUW7nXpdwiJZ8WbxTMVF","baseKeyType":1,"closed":1742271293096,"used":1742271291274,"created":1742271291274,"remoteIdentityKey":"BceaBT2OVZtTivmWgfcBxQBfVS2N2DRr1YeckhLH3dpZ"},"_chains":{"BSTYjfeFFiEKywLibqbU8PC7wI1fOjcEvC9L+zK3ZjRV":{"chainKey":{"counter":0,"key":"dwi+l6Spa4IZdD+hXbIzTKLi7UpAaAaB9zMh+09inJ8="},"chainType":1,"messageKeys":{}}},"pendingPreKey":{"signedKeyId":1,"baseKey":"Bda30VOjyNGPR9z3QcN7cfZgiUW7nXpdwiJZ8WbxTMVF","preKeyId":2854}},"BTNbP0AxkHO3aFakhgOr8bPD8FpbPPzv5V4bYJ7b3N0r":{"registrationId":15352,"currentRatchet":{"ephemeralKeyPair":{"pubKey":"BSYmV0vVc6hrGfaiYW65LN5ltrAdwNKgtwciwLIlU6h6","privKey":"SCUaxUJ7w4WjvvGZF06wGKKlqLq7dV8kkojRKC33Als="},"lastRemoteEphemeralKey":"BdXRJor9NwzbkRL+NFRekmqVBflb9yonCA4EDz4MyKo0","previousCounter":0,"rootKey":"CCsiHPjHEJ3f0sSVMPFlQuMneGNfiegjIMgf2c9WXvw="},"indexInfo":{"baseKey":"BTNbP0AxkHO3aFakhgOr8bPD8FpbPPzv5V4bYJ7b3N0r","baseKeyType":1,"closed":-1,"used":1742271292973,"created":1742271292973,"remoteIdentityKey":"BceaBT2OVZtTivmWgfcBxQBfVS2N2DRr1YeckhLH3dpZ"},"_chains":{"BSYmV0vVc6hrGfaiYW65LN5ltrAdwNKgtwciwLIlU6h6":{"chainKey":{"counter":0,"key":"7VnJeDXXwRD1ZRvpcI8eByTIsONNQMwkgoFiezJfDO0="},"chainType":1,"messageKeys":{}}},"pendingPreKey":{"signedKeyId":1,"baseKey":"BTNbP0AxkHO3aFakhgOr8bPD8FpbPPzv5V4bYJ7b3N0r","preKeyId":2810}}},"version":"v1"}