{"_sessions":{"BbJOiUuvkkhKc4V6RuKr1eOySI7RqCNG+qcgBoMbqXZ2":{"registrationId":1466037020,"currentRatchet":{"ephemeralKeyPair":{"pubKey":"BUW7JXV0so1doBCxoMxKHe9llxZ1k+r/HygereICVcJh","privKey":"mKdMAPVWnSMs4kAFJXlA6N0BLp5tHMdtToUp+CLWkV0="},"lastRemoteEphemeralKey":"BeyzxjobQ3kaDSeRmzf+9fW7kfyDe8XNCYdC4P2UBHwo","previousCounter":0,"rootKey":"fBicDpnj9pY3xeRZzpHz871YCzSEUN8w9fcr/pnEi7M="},"indexInfo":{"baseKey":"BbJOiUuvkkhKc4V6RuKr1eOySI7RqCNG+qcgBoMbqXZ2","baseKeyType":2,"closed":-1,"used":1742278908762,"created":1742278908762,"remoteIdentityKey":"BVXCNI+R5u44k8J4bx6ZT3a7VGWcLktZ5pyy4UmlPk4W"},"_chains":{"BeyzxjobQ3kaDSeRmzf+9fW7kfyDe8XNCYdC4P2UBHwo":{"chainKey":{"counter":0,"key":"xU9LNWdFMjbHUwJir9cNbTQ8pFdmM3/66qMVOTNnd/4="},"chainType":2,"messageKeys":{}},"BUW7JXV0so1doBCxoMxKHe9llxZ1k+r/HygereICVcJh":{"chainKey":{"counter":-1,"key":"1FC9OTZ9v9FYQOdzaokcXTx9XN5ewP5sgpq0g7j8TDE="},"chainType":1,"messageKeys":{}}}}},"version":"v1"}