{"_sessions":{"BUH2MsMVItJVj68u6CxiHV4/fRR5M8F818QqK4LLi+4p":{"registrationId":353026851,"currentRatchet":{"ephemeralKeyPair":{"pubKey":"BYRJuIy69xhPqKBULkL6Ts4FP97OVmg44vzARXDb2m1/","privKey":"2IspfFyAzosJFW4VjkCREyvcZYekMH4jbjR8KdiSC2E="},"lastRemoteEphemeralKey":"BYWSgeC107k6gqB6uLxVl+vLx0wI6DbLodB/rP+2ea5w","previousCounter":0,"rootKey":"/OPKotIegQ9OCeqkf0x2ci3SJDifIjXZ6FIXH1yO4/g="},"indexInfo":{"baseKey":"BUH2MsMVItJVj68u6CxiHV4/fRR5M8F818QqK4LLi+4p","baseKeyType":2,"closed":-1,"used":1742378846343,"created":1742378846343,"remoteIdentityKey":"BeBTq92mjxSbWu0CvUDj88l0Iv5+RTg5eoUfgD8+1/oD"},"_chains":{"BYWSgeC107k6gqB6uLxVl+vLx0wI6DbLodB/rP+2ea5w":{"chainKey":{"counter":0,"key":"EU9wh34Vxa43Z23PPKTrbHsW+RyiD2WbQsS6sSC5U9E="},"chainType":2,"messageKeys":{}},"BYRJuIy69xhPqKBULkL6Ts4FP97OVmg44vzARXDb2m1/":{"chainKey":{"counter":-1,"key":"JDeshvaG5E/K3WaKYPuTQP4Mpvqv8gxsxnO99wVZ5D4="},"chainType":1,"messageKeys":{}}}}},"version":"v1"}