{"_sessions":{"BUJeJ2p3b/eKWZLrqqv2+ZMZxtwoo2eA8gTrWhrqYPt8":{"registrationId":1423444501,"currentRatchet":{"ephemeralKeyPair":{"pubKey":"BYuxMwxQgJyuS+ORY/9L06Oj1YcJs2yj0zFrVxpHIXor","privKey":"IKs0jBLnjDpm1+3MAeLZJxWkC9mo4EQRefEBluIMlEw="},"lastRemoteEphemeralKey":"BdH3/k/RgFz7LUwRfbJckka9L3ou5/obIVd6LxG7KGly","previousCounter":0,"rootKey":"3J0fIbG97USDoHdOcUd94AlHPbJewDbTf718BVR7PJ0="},"indexInfo":{"baseKey":"BUJeJ2p3b/eKWZLrqqv2+ZMZxtwoo2eA8gTrWhrqYPt8","baseKeyType":2,"closed":-1,"used":1742283565134,"created":1742283565134,"remoteIdentityKey":"BX3J6MHZBa7Qg7AbRciRq4bFPmcJ15AHWCjjWr+Iy4J2"},"_chains":{"BdH3/k/RgFz7LUwRfbJckka9L3ou5/obIVd6LxG7KGly":{"chainKey":{"counter":1,"key":"BY14tEOw/FLdZdfxrIhzr31zbU7jHif5VLkgPUXIEY4="},"chainType":2,"messageKeys":{}},"BYuxMwxQgJyuS+ORY/9L06Oj1YcJs2yj0zFrVxpHIXor":{"chainKey":{"counter":-1,"key":"d/BENp6tQtrgASvZek+m7c/J5onQ+JIWvstbyx3tV6I="},"chainType":1,"messageKeys":{}}}}},"version":"v1"}