{"_sessions":{"BZ3rWF43dlXLNDlIbXO/nf6nCa1K2zUkbB5A6VdyQJdm":{"registrationId":686,"currentRatchet":{"ephemeralKeyPair":{"pubKey":"Be4C0HkyfetszGp2QOpi1jywy6A8wD8ExGFoJIX0xY8r","privKey":"gNmNAk9Xn3yIvLev0/IYgDG3WTb3SJKMFQrzhlATYkY="},"lastRemoteEphemeralKey":"BaD6/rM5EmkBKgJz4K7uInOB4P0FQjbGZsHvFBH5TaBc","previousCounter":0,"rootKey":"y/cLCAX1QlI0w2Phz4yPB/V4NVwE6wNKaFCMeNpqesE="},"indexInfo":{"baseKey":"BZ3rWF43dlXLNDlIbXO/nf6nCa1K2zUkbB5A6VdyQJdm","baseKeyType":1,"closed":1742271293070,"used":1742271291185,"created":1742271291185,"remoteIdentityKey":"BeogfRSVi5AO+aaF/YmdiN5Bx82zTbWsiTQbpJmKl61C"},"_chains":{"Be4C0HkyfetszGp2QOpi1jywy6A8wD8ExGFoJIX0xY8r":{"chainKey":{"counter":0,"key":"SprLOCogyu1eIXo3nxUAIlMYrT/bHBRWrJN5wcNHjrA="},"chainType":1,"messageKeys":{}}},"pendingPreKey":{"signedKeyId":7,"baseKey":"BZ3rWF43dlXLNDlIbXO/nf6nCa1K2zUkbB5A6VdyQJdm","preKeyId":2246}},"BT2YGRKwbXdgNfXWOmjLcLoR26A1VOqdpm4jBpWr+KMR":{"registrationId":686,"currentRatchet":{"ephemeralKeyPair":{"pubKey":"BSzOIuik8RPUOVmDbtHtZ34LEmKjsoFx2RfygE2jLEd+","privKey":"uAWnm/uyk57f0aaDGbISDhU6aquoJ/bZz1Snbl3A10c="},"lastRemoteEphemeralKey":"BaD6/rM5EmkBKgJz4K7uInOB4P0FQjbGZsHvFBH5TaBc","previousCounter":0,"rootKey":"nXVuIubwFOTnNkK6sJWLaC5xlH0e+6cZCuszoskJWao="},"indexInfo":{"baseKey":"BT2YGRKwbXdgNfXWOmjLcLoR26A1VOqdpm4jBpWr+KMR","baseKeyType":1,"closed":-1,"used":1742271292889,"created":1742271292889,"remoteIdentityKey":"BeogfRSVi5AO+aaF/YmdiN5Bx82zTbWsiTQbpJmKl61C"},"_chains":{"BSzOIuik8RPUOVmDbtHtZ34LEmKjsoFx2RfygE2jLEd+":{"chainKey":{"counter":0,"key":"NQqxHpZ6+68FHmQ36s+V+nn/6mtixIfVuMjolGwU1Eo="},"chainType":1,"messageKeys":{}}},"pendingPreKey":{"signedKeyId":7,"baseKey":"BT2YGRKwbXdgNfXWOmjLcLoR26A1VOqdpm4jBpWr+KMR","preKeyId":2267}}},"version":"v1"}