{"_sessions":{"BUX6NJgrOWXSEm8nvt/6LzaH+JhD9wbL3F6LUJDdioI8":{"registrationId":242596884,"currentRatchet":{"ephemeralKeyPair":{"pubKey":"BesSqtcm2+m0PLFTHmWjBztPhVbrvuVuFI8OmGhfdcV9","privKey":"+MBV26PzHA+UVSbR1UJJigImQd+qY8cfS084YkwwpU0="},"lastRemoteEphemeralKey":"BS4ufAdspZbr7EfF/l1zMzvhj1dKkXG7SjZoRwZUm+dO","previousCounter":0,"rootKey":"UTclI6iMdWUTCu+LY36EkNNr4JwkKNnGiPqj2ZTWbZM="},"indexInfo":{"baseKey":"BUX6NJgrOWXSEm8nvt/6LzaH+JhD9wbL3F6LUJDdioI8","baseKeyType":2,"closed":-1,"used":1742445600862,"created":1742445600862,"remoteIdentityKey":"BcZ4SaNpz9TpGPVGMZ8pebmzJWykNUQGMCGrJYrxn3Vq"},"_chains":{"BS4ufAdspZbr7EfF/l1zMzvhj1dKkXG7SjZoRwZUm+dO":{"chainKey":{"counter":0,"key":"ku7tF5TPNDI2Jr8t0Fn9//S8WcW8OPoMueRNnTGDhj0="},"chainType":2,"messageKeys":{}},"BesSqtcm2+m0PLFTHmWjBztPhVbrvuVuFI8OmGhfdcV9":{"chainKey":{"counter":-1,"key":"g2+ILXZ5WrhAsGEXWtV/dV18V6w7AV/Gi1dzf16YQXw="},"chainType":1,"messageKeys":{}}}}},"version":"v1"}