{"_sessions":{"BRrpKQ9WYo104Ci9TXVn74fcMK40I5pchTDqpKzF8Kdj":{"registrationId":315206804,"currentRatchet":{"ephemeralKeyPair":{"pubKey":"BcgoWa5C7OUslKo6PXsO969GrMcJmPm4bH14mPVhv+AS","privKey":"iEiOUMeKMNgbBUP+mD7pRypTotb0UoUEJ/Jr+YtnfG0="},"lastRemoteEphemeralKey":"BVhtC8QjET24Uu9nHAobCWjlX3+scTqz6wiFK+JjDyc8","previousCounter":0,"rootKey":"iTvvxoTyuyr0kJNNT3CrqgiHUgxsCX9Q2F6xTRVueLE="},"indexInfo":{"baseKey":"BRrpKQ9WYo104Ci9TXVn74fcMK40I5pchTDqpKzF8Kdj","baseKeyType":1,"closed":1742271293886,"used":1742271292131,"created":1742271292131,"remoteIdentityKey":"BeJxEpf5QKZazhuEAwGFOqv/QsUg34zv5DHFIkzxnExD"},"_chains":{"BcgoWa5C7OUslKo6PXsO969GrMcJmPm4bH14mPVhv+AS":{"chainKey":{"counter":0,"key":"BpudIGfFaz1zEkEWXpM+z0lm4Fob3ykGUzn3b6g2py8="},"chainType":1,"messageKeys":{}}},"pendingPreKey":{"signedKeyId":36,"baseKey":"BRrpKQ9WYo104Ci9TXVn74fcMK40I5pchTDqpKzF8Kdj","preKeyId":2473590}},"BVmDzpXUOw+xAWhCz3wPsVUF/h7QlyflSOZHEf7NiMk0":{"registrationId":315206804,"currentRatchet":{"ephemeralKeyPair":{"pubKey":"BRASnORyIjCJmDw0+ROmw5q2zZUN44wLGXyh6eP7mDl2","privKey":"qN0+3jVKQTDYQJAg8EKmXU1sr3tsSG7JMxPxWZ0XTkU="},"lastRemoteEphemeralKey":"BVhtC8QjET24Uu9nHAobCWjlX3+scTqz6wiFK+JjDyc8","previousCounter":0,"rootKey":"jg3xEWyosSI+LRTPrQNEtCJWQWoVADuVJaXNRI6iLnI="},"indexInfo":{"baseKey":"BVmDzpXUOw+xAWhCz3wPsVUF/h7QlyflSOZHEf7NiMk0","baseKeyType":1,"closed":-1,"used":1742271293708,"created":1742271293708,"remoteIdentityKey":"BeJxEpf5QKZazhuEAwGFOqv/QsUg34zv5DHFIkzxnExD"},"_chains":{"BRASnORyIjCJmDw0+ROmw5q2zZUN44wLGXyh6eP7mDl2":{"chainKey":{"counter":0,"key":"YTXQoRjXdLAnwYnfDYClmQ/ljLnJicWC1xNlqYGWgZ0="},"chainType":1,"messageKeys":{}}},"pendingPreKey":{"signedKeyId":36,"baseKey":"BVmDzpXUOw+xAWhCz3wPsVUF/h7QlyflSOZHEf7NiMk0","preKeyId":2473551}}},"version":"v1"}