{"_sessions":{"BRwA8PQHjQ11we8LAfajSvLqMQWMD3xmXIt8ocXfolwF":{"registrationId":12688,"currentRatchet":{"ephemeralKeyPair":{"pubKey":"BaVwD4Mye3YJN3mkkZq1UrPmP8F0dTc3b9I9VuuN8sBv","privKey":"KMSRA1Us9mkGQb7aO/PIIbQ1rF1jrPxRbW9V9VyFpl4="},"lastRemoteEphemeralKey":"BdAMVve8GZ0+iAHx4Oz1JQ9Bg/5EYsvQZ59YFORhWSN2","previousCounter":0,"rootKey":"qd0ANn5bVn3HfIN2qDxJF+sPnZyiIzEXCNcQ2lPiMwM="},"indexInfo":{"baseKey":"BRwA8PQHjQ11we8LAfajSvLqMQWMD3xmXIt8ocXfolwF","baseKeyType":1,"closed":1742271293093,"used":1742271291264,"created":1742271291264,"remoteIdentityKey":"Bdz/nYYp6PArI12ix4Rs4G7q5Msvv/V2yaF6wBDWSfpq"},"_chains":{"BaVwD4Mye3YJN3mkkZq1UrPmP8F0dTc3b9I9VuuN8sBv":{"chainKey":{"counter":0,"key":"gsxkTt1AUEvKx5twro2AbJrUSTCgc3cXDRxm6oAuZzU="},"chainType":1,"messageKeys":{}}},"pendingPreKey":{"signedKeyId":1,"baseKey":"BRwA8PQHjQ11we8LAfajSvLqMQWMD3xmXIt8ocXfolwF","preKeyId":610}},"BSzsdwq6TYrU5HavQqRTNlDdOu3ObslgY0KpvmaJcXtp":{"registrationId":12688,"currentRatchet":{"ephemeralKeyPair":{"pubKey":"BVHppvFuGZZ2+8QaJJPdC15PzHeuiQuqXlDe8t7u2b5M","privKey":"uLFaLElXS3mL0B5WwWv39oM1lRy4Dg2iBp1mQUsj0Vo="},"lastRemoteEphemeralKey":"BdAMVve8GZ0+iAHx4Oz1JQ9Bg/5EYsvQZ59YFORhWSN2","previousCounter":0,"rootKey":"8w44TLH5j2ED9jM4qnymHIm2qb1IDpCiQSgDhqFMGTU="},"indexInfo":{"baseKey":"BSzsdwq6TYrU5HavQqRTNlDdOu3ObslgY0KpvmaJcXtp","baseKeyType":1,"closed":-1,"used":1742271292964,"created":1742271292964,"remoteIdentityKey":"Bdz/nYYp6PArI12ix4Rs4G7q5Msvv/V2yaF6wBDWSfpq"},"_chains":{"BVHppvFuGZZ2+8QaJJPdC15PzHeuiQuqXlDe8t7u2b5M":{"chainKey":{"counter":0,"key":"QMiR1d79KQhlYOLIBy4dYuuEafBStgbP78CwdPfg0KQ="},"chainType":1,"messageKeys":{}}},"pendingPreKey":{"signedKeyId":1,"baseKey":"BSzsdwq6TYrU5HavQqRTNlDdOu3ObslgY0KpvmaJcXtp","preKeyId":612}}},"version":"v1"}