{"_sessions":{"BXQfP/ftLTCYqph0wRO0o1nCMRVkN+CCZ0MzsX22ROwG":{"registrationId":488062705,"currentRatchet":{"ephemeralKeyPair":{"pubKey":"BUKXQJnh5xKXPrSV75DkrnTBKzCvWvGVpmVdFhHkxE1V","privKey":"6K+5/nN0U09VuuR8ufoG5rWwtgpT4DjgFW0/yiJMylo="},"lastRemoteEphemeralKey":"BcZsYIHB9LlZpnmS6kB+voArlTTaBI8YpHMMFV3BG5ZK","previousCounter":0,"rootKey":"XoOGXR2JBE7wb6zqr1E67tfS7CBu4SObYKzdLliRvFE="},"indexInfo":{"baseKey":"BXQfP/ftLTCYqph0wRO0o1nCMRVkN+CCZ0MzsX22ROwG","baseKeyType":1,"closed":1742271293888,"used":1742271292138,"created":1742271292138,"remoteIdentityKey":"BbWKCvdY/e2fa527bUol7DnoBOulWgmz42Mgh6LIrcp3"},"_chains":{"BUKXQJnh5xKXPrSV75DkrnTBKzCvWvGVpmVdFhHkxE1V":{"chainKey":{"counter":0,"key":"0/bAFN+vlv3KOvuvcjmKzsPnTY1An77DCq7nsyM+TCQ="},"chainType":1,"messageKeys":{}}},"pendingPreKey":{"signedKeyId":46,"baseKey":"BXQfP/ftLTCYqph0wRO0o1nCMRVkN+CCZ0MzsX22ROwG","preKeyId":1159007}},"BWcjyC4qktVvoRF96JWcQr6xhITG+rZHP44nEuS94YId":{"registrationId":488062705,"currentRatchet":{"ephemeralKeyPair":{"pubKey":"BQWsCfjXzgqQaV4xuOZ2O+SR1cOXbIOwL+cerdzPhFEp","privKey":"6NTqg+1V12hJgtQQ7OHe6S7m4QFP6Owed5DZAYM59Xw="},"lastRemoteEphemeralKey":"BcZsYIHB9LlZpnmS6kB+voArlTTaBI8YpHMMFV3BG5ZK","previousCounter":0,"rootKey":"GndFuhYeK/T7XEuoSqGe9AaC/QoJZaWRD+6thmH3gSU="},"indexInfo":{"baseKey":"BWcjyC4qktVvoRF96JWcQr6xhITG+rZHP44nEuS94YId","baseKeyType":1,"closed":-1,"used":1742271293716,"created":1742271293716,"remoteIdentityKey":"BbWKCvdY/e2fa527bUol7DnoBOulWgmz42Mgh6LIrcp3"},"_chains":{"BQWsCfjXzgqQaV4xuOZ2O+SR1cOXbIOwL+cerdzPhFEp":{"chainKey":{"counter":0,"key":"s1bNYjjYsqQxVMLt8F8VfWwPsj9sK+2eB+B27vdUzXs="},"chainType":1,"messageKeys":{}}},"pendingPreKey":{"signedKeyId":46,"baseKey":"BWcjyC4qktVvoRF96JWcQr6xhITG+rZHP44nEuS94YId","preKeyId":1158305}}},"version":"v1"}