{"_sessions":{"BSpOvnhxeqsSIwFl1EcYIgBECrwbu8iA4ZnUs6Bj+G5u":{"registrationId":12095,"currentRatchet":{"ephemeralKeyPair":{"pubKey":"BUEgKyHkTcS1+9Fjnm6xIKXppEDdHX+CFBrB+IUgunxb","privKey":"2OBzEXGfECoIhELUl9+G7uFfzFo5c155GvOIrsvbOkU="},"lastRemoteEphemeralKey":"BYFnBLVizalhwFR2/G5mD/86dK6eOaL7BoxLWOSxm9YE","previousCounter":0,"rootKey":"d4A3ZQk9pZPNwfHfJ8eQAMNwPfZnZrpzUx9hPd7tBuQ="},"indexInfo":{"baseKey":"BSpOvnhxeqsSIwFl1EcYIgBECrwbu8iA4ZnUs6Bj+G5u","baseKeyType":2,"closed":-1,"used":1742440469481,"created":1742440469481,"remoteIdentityKey":"BT+D4A+C5+ji40XdVR/dWjzNMeKI7PGv6KFxM8Swmd9H"},"_chains":{"BYFnBLVizalhwFR2/G5mD/86dK6eOaL7BoxLWOSxm9YE":{"chainKey":{"counter":2,"key":"Z1FAEAe935d62zILNo07WFcWSl5+kkw9g9q/DAdzvM4="},"chainType":2,"messageKeys":{}},"BUEgKyHkTcS1+9Fjnm6xIKXppEDdHX+CFBrB+IUgunxb":{"chainKey":{"counter":-1,"key":"jwWK2IzoFFooZr4WLNGR7HwLCOGJuLV/2FUmTekVkxI="},"chainType":1,"messageKeys":{}}}}},"version":"v1"}