{"_sessions":{"BZGIbmxJuRL2mfS+HLtMOGJWuaz6qVkbL91If/PlZo0s":{"registrationId":1386381735,"currentRatchet":{"ephemeralKeyPair":{"pubKey":"Be/dXGjLqDlwb49cyra8R2/TmAEjkWfEjCWmcA25oIsT","privKey":"iF5dXr8xg/FwW6hdNWbtB3R0gf6QnHAwHwVazOF0wUg="},"lastRemoteEphemeralKey":"Be1CfFYy3MZivwLCzkmrh0p8lCSMQA10ueDL1wycAuQq","previousCounter":0,"rootKey":"n2iAY9WbUyG/euFl62enJx55R/CY/qRJkDtQrwacMJo="},"indexInfo":{"baseKey":"BZGIbmxJuRL2mfS+HLtMOGJWuaz6qVkbL91If/PlZo0s","baseKeyType":2,"closed":-1,"used":1742425999217,"created":1742425999217,"remoteIdentityKey":"BfHvEnUv8QraBti64g8xJkxRH9pdptRcNA2Jt3I0tCN/"},"_chains":{"Be1CfFYy3MZivwLCzkmrh0p8lCSMQA10ueDL1wycAuQq":{"chainKey":{"counter":1,"key":"xOUYnldHOw2aPW1QDVqqkj9Vt1y+45ZsZ2dMAetLP88="},"chainType":2,"messageKeys":{}},"Be/dXGjLqDlwb49cyra8R2/TmAEjkWfEjCWmcA25oIsT":{"chainKey":{"counter":-1,"key":"CtN5B+c43/EK2lj0a2TVzfpm6sDk4lxIHaaowoKuFxQ="},"chainType":1,"messageKeys":{}}}}},"version":"v1"}