{"_sessions":{"BX6AsKWbjG0FLE9bIx3mh/3avN+xLW5Qb6N6zu45Nyhc":{"registrationId":1973127598,"currentRatchet":{"ephemeralKeyPair":{"pubKey":"BW+6LKxcm28kyNsrB4c8EuAWW38GoI78wYEm2QBYmHBO","privKey":"0Hmkap3w+ds2bQ5/SmCwdMdTynvXKt6A6IbQUyBhuHU="},"lastRemoteEphemeralKey":"Ba/p7NLG6ambr2Rt5IYjJXYNWJNLiqfMTSs+fmq4Bm09","previousCounter":0,"rootKey":"UN49u+J0GVKfh1HqSB0iHczniYIL6dbfWigg74lxET4="},"indexInfo":{"baseKey":"BX6AsKWbjG0FLE9bIx3mh/3avN+xLW5Qb6N6zu45Nyhc","baseKeyType":2,"closed":-1,"used":1742426017004,"created":1742426017004,"remoteIdentityKey":"BYGqYzd9HeLU79iFiqNyux8NLuiBde0Q3sp+RTAXThxb"},"_chains":{"Ba/p7NLG6ambr2Rt5IYjJXYNWJNLiqfMTSs+fmq4Bm09":{"chainKey":{"counter":3,"key":"iXrwAjmLgRE+4zTTVxYZ5YsjjF8Sb+TeMoJb+xf7r3Q="},"chainType":2,"messageKeys":{"1":"smN+rnRVKpOoUc75v0Rrzye01YKLBsB4gAj5uHuxsVw="}},"BW+6LKxcm28kyNsrB4c8EuAWW38GoI78wYEm2QBYmHBO":{"chainKey":{"counter":-1,"key":"wsM9wWQ7p6eRKsAD6Y8x5/YKTPTjS1YZNybUfWePIg8="},"chainType":1,"messageKeys":{}}}}},"version":"v1"}