{"_sessions":{"BSgXs3cdZxukm9HJT4NBt5G1tuQbxg+aCyp/tm5HSstC":{"registrationId":1610492675,"currentRatchet":{"ephemeralKeyPair":{"pubKey":"BTu3y+BnIEJVlzoMr9v+fDAQdLWy+xzb7Ym6CgL02LIQ","privKey":"0FQ8uIdc8yoobuZNHs2kWHQePzwwG84dqb1gdv9/N3Y="},"lastRemoteEphemeralKey":"BYsw1vvgKM4dq+swuTpLs9kWkVbFAaT3/Blqt2i5q9QJ","previousCounter":0,"rootKey":"IMV/5EYiQ7jeGyJNsqkwd1iQ07PBsAlPpavic/XrgFo="},"indexInfo":{"baseKey":"BSgXs3cdZxukm9HJT4NBt5G1tuQbxg+aCyp/tm5HSstC","baseKeyType":1,"closed":1742271293115,"used":1742271291337,"created":1742271291337,"remoteIdentityKey":"BYVemDlEMo73zjUoekJ+zajTYslYGoT3VGEknZpMEVkL"},"_chains":{"BTu3y+BnIEJVlzoMr9v+fDAQdLWy+xzb7Ym6CgL02LIQ":{"chainKey":{"counter":0,"key":"ZPddDzFHjoR6/PCAdEh/ITgiYWr46EXfrDpdRjKiBSE="},"chainType":1,"messageKeys":{}}},"pendingPreKey":{"signedKeyId":27,"baseKey":"BSgXs3cdZxukm9HJT4NBt5G1tuQbxg+aCyp/tm5HSstC","preKeyId":6824339}},"BW0wouDYh8L2mbqqgYnYFJrovYOEGUqf4ENcu/KFNKJT":{"registrationId":1610492675,"currentRatchet":{"ephemeralKeyPair":{"pubKey":"Bbc3tn9gbYNmKFueN422UGQZny3KQjeEUkXe3Kf7zPxv","privKey":"wCKa232Hn19EW+4G4QU4CeWKK3o4fIp9uqjA/DgLN0Y="},"lastRemoteEphemeralKey":"BXpDx/PvUHaOpdKtMO2H0GeeRA0wQunMfL5NjKSGPXhZ","previousCounter":0,"rootKey":"NQe/TjA5Aecqc4D4qcbru7cOAJX9vl/nKxx/E5NUQic="},"indexInfo":{"baseKey":"BW0wouDYh8L2mbqqgYnYFJrovYOEGUqf4ENcu/KFNKJT","baseKeyType":1,"closed":-1,"used":1742372817462,"created":1742271293036,"remoteIdentityKey":"BYVemDlEMo73zjUoekJ+zajTYslYGoT3VGEknZpMEVkL"},"_chains":{"BXpDx/PvUHaOpdKtMO2H0GeeRA0wQunMfL5NjKSGPXhZ":{"chainKey":{"counter":2,"key":"gk3+CNE23wi74zoMxAO6r2ahv7ZPbzRLhEpyxPwjMKo="},"chainType":2,"messageKeys":{}},"Bbc3tn9gbYNmKFueN422UGQZny3KQjeEUkXe3Kf7zPxv":{"chainKey":{"counter":-1,"key":"cU6hpf0FS/byfO30Ukmpv69Q8QHSA1OeRcqxbvD+J6E="},"chainType":1,"messageKeys":{}}}}},"version":"v1"}