{"_sessions":{"BVikl7TzkV+w1UJUDQeKU8Y5qiGXSa783xon7H7ETv5X":{"registrationId":431715327,"currentRatchet":{"ephemeralKeyPair":{"pubKey":"BQvwxr3RnyV64PXCaUItoNs8L+JmHdPWFW4LX1Rll9Z6","privKey":"oNS0a24xJqyCSQQxuPlx4W6FhIEVBnHx3vVMmvA1aEU="},"lastRemoteEphemeralKey":"BW4nzbBWLLgOR47ElnOZscGhUexWoM9Wlxr+tPdV0npk","previousCounter":0,"rootKey":"qOKZHnRMHXpI576+CI3VGi71P1ZNx0X4lM0hwRtiHqM="},"indexInfo":{"baseKey":"BVikl7TzkV+w1UJUDQeKU8Y5qiGXSa783xon7H7ETv5X","baseKeyType":2,"closed":-1,"used":1742370818924,"created":1742275799058,"remoteIdentityKey":"BTHwbg1MfS9PJdcmkF0O7ho203el/ByQLe1Xo3Q+HiYJ"},"_chains":{"BZ8jlY5jo6LeLFiBIlfWvdqXxeX389rPJajUay4MwX5J":{"chainKey":{"counter":2},"chainType":2,"messageKeys":{"1":"3p43VitFstv8qUg4movTWKXu/tPDW7vydjYRVcY6s9U="}},"BX6onNlgo0yJuORdWE3AlxjZR/76gU0jYgm0wSRQQ8ce":{"chainKey":{"counter":0},"chainType":2,"messageKeys":{}},"Bb3K93+snAcCmwcP7Ty7IkAnz5JmVdcP+cOkf1IxCyZh":{"chainKey":{"counter":0},"chainType":2,"messageKeys":{}},"BYIzklunLS6+X6CGKicR6tTlRgaogqL3XxY0YVdTidRv":{"chainKey":{"counter":0},"chainType":2,"messageKeys":{}},"BchaqOuOro4J91cq/f3KMeRQlJfutCQ4LheCS1C5tcRg":{"chainKey":{"counter":0},"chainType":2,"messageKeys":{}},"Beeu1dMwDkZ8Gedjjw/iKpsgvfYSns7eFtHnJjxxrpAs":{"chainKey":{"counter":0},"chainType":2,"messageKeys":{}},"BW4nzbBWLLgOR47ElnOZscGhUexWoM9Wlxr+tPdV0npk":{"chainKey":{"counter":0,"key":"yET21P4xk/l1sZ1zk1cOCacv3U8WFiaUEo0nPJZUOWw="},"chainType":2,"messageKeys":{}},"BQvwxr3RnyV64PXCaUItoNs8L+JmHdPWFW4LX1Rll9Z6":{"chainKey":{"counter":0,"key":"GBGLqwsKIe1jhkqARfjvCw9/8//CoTOjiB+0Z/tbqtI="},"chainType":1,"messageKeys":{}}}}},"version":"v1"}