{"_sessions":{"BYIcU4hfNcaLJIizepnNDvAceLy5oCJxh1ae/n9FQ5ok":{"registrationId":1128797811,"currentRatchet":{"ephemeralKeyPair":{"pubKey":"BZZ80EV9mD8KSuS3U0zqJ8ag2p2Keqf0HjdCMGq+dKw3","privKey":"6CVbfDmVAFumVQ5IDYcS3HncjP3yrGB5UVXU6nfu+14="},"lastRemoteEphemeralKey":"BTWtVRwWJIjzWVwkE2zyeKdYqVflZlTWS2EMgGQXxSxM","previousCounter":0,"rootKey":"IAY2i9YwkTPRwi/zNxH19HuYGtGGybB9d5SaEzatgt4="},"indexInfo":{"baseKey":"BYIcU4hfNcaLJIizepnNDvAceLy5oCJxh1ae/n9FQ5ok","baseKeyType":2,"closed":-1,"used":1742274933214,"created":1742274933214,"remoteIdentityKey":"BeAwYnvAgjlDo6ocbx6yy2vVUBgJr3B79vI6WTdLgftd"},"_chains":{"BTWtVRwWJIjzWVwkE2zyeKdYqVflZlTWS2EMgGQXxSxM":{"chainKey":{"counter":6,"key":"4G4hfezcNF7U9WucWj5MB9srojT86UwKIxnVjQvuBT4="},"chainType":2,"messageKeys":{}},"BZZ80EV9mD8KSuS3U0zqJ8ag2p2Keqf0HjdCMGq+dKw3":{"chainKey":{"counter":-1,"key":"Ff1Ynh/2+dKrBop+dGdPDrb/LUVRclrZ5hisxlOWA/U="},"chainType":1,"messageKeys":{}}}}},"version":"v1"}