{"_sessions":{"BbXt4kEfVYR2QQXCfH7cmdCWKSJqm2U0f9xPzRYz3T1j":{"registrationId":2115038973,"currentRatchet":{"ephemeralKeyPair":{"pubKey":"Bcg5CjhXhsB0ErvjadzKUwucYvLt3ZRdiRytp9+Aj+Fc","privKey":"0Kc5xOlTbCyRsPGulRhcRHOnAxOqEtcnx7CwxVzqV1I="},"lastRemoteEphemeralKey":"BaAejjbGyiz/5W49bltDEv/NT0v1OkxaRRvsnMNe+pAt","previousCounter":0,"rootKey":"T43UiqqrGv98kjwfIKkSYS2Eg2a8/ClJt0WaoqC9DQU="},"indexInfo":{"baseKey":"BbXt4kEfVYR2QQXCfH7cmdCWKSJqm2U0f9xPzRYz3T1j","baseKeyType":2,"closed":-1,"used":1742440470880,"created":1742440470880,"remoteIdentityKey":"BS79ONVStvrtY5GRloCapCDqLLiWpAy2Hoemkb5P0YUc"},"_chains":{"BaAejjbGyiz/5W49bltDEv/NT0v1OkxaRRvsnMNe+pAt":{"chainKey":{"counter":0,"key":"c/y7f/SGmsa7yz0WjV2xRmLyvPGiRpaNLqMNk9otB/4="},"chainType":2,"messageKeys":{}},"Bcg5CjhXhsB0ErvjadzKUwucYvLt3ZRdiRytp9+Aj+Fc":{"chainKey":{"counter":-1,"key":"9BvmN9hSlYYp4woq7thVIASCFIJZK5hWE8tanuUzdVs="},"chainType":1,"messageKeys":{}}}}},"version":"v1"}