{"_sessions":{"BfAtNvPRCCJqLrwLlFAchirhiRzWJKwtYLRlTO7CykUH":{"registrationId":833380694,"currentRatchet":{"ephemeralKeyPair":{"pubKey":"BQ7Bd9JVzu5MuHZNLfAVvbANI6XFa42++NFA4gx8AO4H","privKey":"0KL69y5OYwRZ3VFvTtcmJ6pvYQjLOVDAoCzavb+xmlU="},"lastRemoteEphemeralKey":"BT5AOYHEfo/elrq5Xh+FcsoO7gCQ4a6dYdXEvxVis7xg","previousCounter":0,"rootKey":"yvU2V5c2uE/dLOpdsww5yOYmQSrV0gheFu4AdY2C7so="},"indexInfo":{"baseKey":"BfAtNvPRCCJqLrwLlFAchirhiRzWJKwtYLRlTO7CykUH","baseKeyType":2,"closed":-1,"used":1742345619063,"created":1742345619063,"remoteIdentityKey":"BeQ1pAD+s6APP24AKw7FDcUCeb76uLQiH30vhUZr3uhC"},"_chains":{"BT5AOYHEfo/elrq5Xh+FcsoO7gCQ4a6dYdXEvxVis7xg":{"chainKey":{"counter":0,"key":"7rGslBAc4ec43DC1RE0gJWW4BIByqYGiSKXnn5kuMuI="},"chainType":2,"messageKeys":{}},"BQ7Bd9JVzu5MuHZNLfAVvbANI6XFa42++NFA4gx8AO4H":{"chainKey":{"counter":-1,"key":"rk0otKSAUsr49UTzykwwdol+3cSgBuVHRxRNWzdTny4="},"chainType":1,"messageKeys":{}}}}},"version":"v1"}