{"_sessions":{"BVtYqArMl86/k6+h28WDfbdM9aMPWtkjsaWA4Hx/vrhO":{"registrationId":1190232468,"currentRatchet":{"ephemeralKeyPair":{"pubKey":"BYmBX9fscg7aZPm4rgtu9x6IPEtPUm20rVocqPQW3WB/","privKey":"iBcGIbttBz8hzVhSE4/ANc4W/qOjy7ZuMepfPYYer2M="},"lastRemoteEphemeralKey":"BTnJ0rFoBRbm0fCdtUecBHasrO8feiLQuljCJTRxv8dF","previousCounter":0,"rootKey":"nkTVExIUsP/MoATh71o/vw3hVtT4nsDcWL92bJPfed8="},"indexInfo":{"baseKey":"BVtYqArMl86/k6+h28WDfbdM9aMPWtkjsaWA4Hx/vrhO","baseKeyType":2,"closed":-1,"used":1742455078904,"created":1742455078904,"remoteIdentityKey":"BSaxWBiYtsX6PahK/W1OZAl+cpcTcCNdAt9I/CuzpoA2"},"_chains":{"BTnJ0rFoBRbm0fCdtUecBHasrO8feiLQuljCJTRxv8dF":{"chainKey":{"counter":2,"key":"W8xU4YtbUTPce/P4vVfcuDz8Oq+rjIF6PkbI4opHqr0="},"chainType":2,"messageKeys":{"1":"FmOufwFRxQqdt2OC2W9vVZTAdHDe+mrAx3qGGJoDzgw="}},"BYmBX9fscg7aZPm4rgtu9x6IPEtPUm20rVocqPQW3WB/":{"chainKey":{"counter":-1,"key":"rHz3YSrFc++6oP3QCOzetjJNjkwifPOC3tDQo+Zp/LY="},"chainType":1,"messageKeys":{}}}}},"version":"v1"}