{"_sessions":{"BXNH3LPxLfnfUsVwb8e9ziQylezBdMixlSEbZIfgNS4t":{"registrationId":252145516,"currentRatchet":{"ephemeralKeyPair":{"pubKey":"BTk7T0oNDnyjrN6dh77S77Vh0YoEbSoHS4dR0i7yg/Uz","privKey":"EPDRxWopsNzkJorWawJwQz/vlIztiOVR1OQiiDhGw2o="},"lastRemoteEphemeralKey":"BZI6eMoFYBUGKMSE6EC2lmU1052JJqjyt8J2HefDCE57","previousCounter":0,"rootKey":"2vr0w4cjLg7cCzxUr8HJhu9ivKmEXwNH0OPPDYwC3i4="},"indexInfo":{"baseKey":"BXNH3LPxLfnfUsVwb8e9ziQylezBdMixlSEbZIfgNS4t","baseKeyType":1,"closed":1742271293075,"used":1742271291200,"created":1742271291200,"remoteIdentityKey":"Bb28RBa6luqAcLn6g50YaLY2vjqO25yOD2NyVC3Cy8Ae"},"_chains":{"BTk7T0oNDnyjrN6dh77S77Vh0YoEbSoHS4dR0i7yg/Uz":{"chainKey":{"counter":0,"key":"5pfLn7GDOf1zGah+d+KRXnoWNwkGgsSf0kzW440scSQ="},"chainType":1,"messageKeys":{}}},"pendingPreKey":{"signedKeyId":2,"baseKey":"BXNH3LPxLfnfUsVwb8e9ziQylezBdMixlSEbZIfgNS4t","preKeyId":2837}},"BRpMKOWnR0hMtbHRkjuedgfqSt0T8E26zxZY06NxrakC":{"registrationId":252145516,"currentRatchet":{"ephemeralKeyPair":{"pubKey":"BbRXShn2wSbA1vxy+TPdbk166LLEmHgeN7sVf8fjcDIA","privKey":"0DXBVuX5fLymYG7QdqhttYxoi1uy4HcFRd1bNR77x20="},"lastRemoteEphemeralKey":"BZI6eMoFYBUGKMSE6EC2lmU1052JJqjyt8J2HefDCE57","previousCounter":0,"rootKey":"SUuZyhARDFTeGxm6KC4KFXSSv9TgwFz3UuVrGGeGkD4="},"indexInfo":{"baseKey":"BRpMKOWnR0hMtbHRkjuedgfqSt0T8E26zxZY06NxrakC","baseKeyType":1,"closed":-1,"used":1742271292903,"created":1742271292903,"remoteIdentityKey":"Bb28RBa6luqAcLn6g50YaLY2vjqO25yOD2NyVC3Cy8Ae"},"_chains":{"BbRXShn2wSbA1vxy+TPdbk166LLEmHgeN7sVf8fjcDIA":{"chainKey":{"counter":0,"key":"36OJhwL4Fg6B8+RHzS4O4BKKL4t32Vlpagw6Rfoyq2M="},"chainType":1,"messageKeys":{}}},"pendingPreKey":{"signedKeyId":2,"baseKey":"BRpMKOWnR0hMtbHRkjuedgfqSt0T8E26zxZY06NxrakC","preKeyId":3008}}},"version":"v1"}