{"_sessions":{"BXKWvG8iwtJSrADfgkOn+IVAdsn4jVsMKtYOo3iJ0KEU":{"registrationId":1842,"currentRatchet":{"ephemeralKeyPair":{"pubKey":"BfMXdp/w/cYgEehFXgyNKXxRVkiUO3rJFuUTEx+1VO9d","privKey":"4BUST06MB5M8zzuEqKth6cJByxk+VcIygCsHCRi+r1o="},"lastRemoteEphemeralKey":"BRI8BgAPfF8LDbfLa4VeJ0ESGdu0F120o5RgxLt0G1lY","previousCounter":0,"rootKey":"l7oaAXQxCiSJ8xENpWWYl6ySVNYQ1aLo2ByiHA3J+q0="},"indexInfo":{"baseKey":"BXKWvG8iwtJSrADfgkOn+IVAdsn4jVsMKtYOo3iJ0KEU","baseKeyType":1,"closed":-1,"used":1742365500610,"created":1742365500610,"remoteIdentityKey":"BaaKAQscghd56u7NIk8INBuOpiY7CcxP/V4Ik5uNXicq"},"_chains":{"BfMXdp/w/cYgEehFXgyNKXxRVkiUO3rJFuUTEx+1VO9d":{"chainKey":{"counter":6,"key":"srVkzMLfWAwB8harU0bpKmHoYgMltOITcrZPNaHRq94="},"chainType":1,"messageKeys":{}}},"pendingPreKey":{"signedKeyId":1,"baseKey":"BXKWvG8iwtJSrADfgkOn+IVAdsn4jVsMKtYOo3iJ0KEU","preKeyId":1580}}},"version":"v1"}