{"_sessions":{"BaRaYyl0f00b2/3Fq5HhwLpitcLRUe7Cl2knroU3ksEj":{"registrationId":954720338,"currentRatchet":{"ephemeralKeyPair":{"pubKey":"Be2QDCyPhbxIp0tX+b+UcbWlz0BYvMLc2iIb5D5UD4BP","privKey":"eFLffXVBG2e0Uf4gqtKroS8m2LEt+Mw/CnNFVLOnNH0="},"lastRemoteEphemeralKey":"BcKyNPAE7arnZOElz4gjbTeNMP7wF3vpzo99YZIWmS4/","previousCounter":0,"rootKey":"5Sv879gtr+J6C4b5BUybsoW0QevgFHelOfSnfd5kYXA="},"indexInfo":{"baseKey":"BaRaYyl0f00b2/3Fq5HhwLpitcLRUe7Cl2knroU3ksEj","baseKeyType":2,"closed":-1,"used":1742309664789,"created":1742309664789,"remoteIdentityKey":"Baj20NSfJzjnUnb6r2i+87bdvX9Zj8iG0vfq/ZJ4dsdK"},"_chains":{"BcKyNPAE7arnZOElz4gjbTeNMP7wF3vpzo99YZIWmS4/":{"chainKey":{"counter":4,"key":"q8op55sl8NNRioPWveRg/jktU1Y8Awc8KT4anbybwAY="},"chainType":2,"messageKeys":{}},"Be2QDCyPhbxIp0tX+b+UcbWlz0BYvMLc2iIb5D5UD4BP":{"chainKey":{"counter":-1,"key":"Bge9adyg/kEJzL7Yk0E0Id379cIhzmYmWL7Bhh0Rl/g="},"chainType":1,"messageKeys":{}}}}},"version":"v1"}