{"_sessions":{"Ba8GZCG+LoaPmOEM00cTZXCF69EX1hr7WfB7btLax25Y":{"registrationId":1881542984,"currentRatchet":{"ephemeralKeyPair":{"pubKey":"BXUQkd6ZBmoTWA/c4SafE9safqJLvgiJgw6UkU47QlJO","privKey":"wFMWeNq+rIyxzb6qfrJPZOnM1u2kH84pSJ3sx9QPwXI="},"lastRemoteEphemeralKey":"BQNEjh1WcGZ1m35TR+fR5oxfg1lvuAc9EYZAputozVJH","previousCounter":0,"rootKey":"WYs4ErQCwVagNrZry3GZuUlKb5g7icbtP0qNeMwDLEA="},"indexInfo":{"baseKey":"Ba8GZCG+LoaPmOEM00cTZXCF69EX1hr7WfB7btLax25Y","baseKeyType":1,"closed":1742271293886,"used":1742271292129,"created":1742271292129,"remoteIdentityKey":"Bcq7tVZzPVTzZ76KDgyd6/RHpB5BgrC4k5B0Q30enMxU"},"_chains":{"BXUQkd6ZBmoTWA/c4SafE9safqJLvgiJgw6UkU47QlJO":{"chainKey":{"counter":0,"key":"ymJXxGRNH4fIjOKkA096bL8ZhLBP4ELIybAQnR05hvM="},"chainType":1,"messageKeys":{}}},"pendingPreKey":{"signedKeyId":51,"baseKey":"Ba8GZCG+LoaPmOEM00cTZXCF69EX1hr7WfB7btLax25Y","preKeyId":15428813}},"BVJJIPeaSmneOmvRW0fpUBpiCYr9iHPuOv/X6z0ZXT1z":{"registrationId":1881542984,"currentRatchet":{"ephemeralKeyPair":{"pubKey":"BQon0aoMIrGtUpNSBw1b/JBOKDrHfXFBCueUBVFLXXhc","privKey":"8CJEMbFO8QpQEVlwMIH1b5wCePodVRaN1KuIOpqGBGA="},"lastRemoteEphemeralKey":"BQNEjh1WcGZ1m35TR+fR5oxfg1lvuAc9EYZAputozVJH","previousCounter":0,"rootKey":"nF4A6C1OdyjWtcBv2GHfnxxLrPZJGRO5BpWBx00L6bA="},"indexInfo":{"baseKey":"BVJJIPeaSmneOmvRW0fpUBpiCYr9iHPuOv/X6z0ZXT1z","baseKeyType":1,"closed":-1,"used":1742271293706,"created":1742271293706,"remoteIdentityKey":"Bcq7tVZzPVTzZ76KDgyd6/RHpB5BgrC4k5B0Q30enMxU"},"_chains":{"BQon0aoMIrGtUpNSBw1b/JBOKDrHfXFBCueUBVFLXXhc":{"chainKey":{"counter":0,"key":"gOh0jr2415JNDDh00NWbzCU87CdFZxbE455F9UacMrw="},"chainType":1,"messageKeys":{}}},"pendingPreKey":{"signedKeyId":51,"baseKey":"BVJJIPeaSmneOmvRW0fpUBpiCYr9iHPuOv/X6z0ZXT1z","preKeyId":15428831}}},"version":"v1"}