{"_sessions":{"BZ3r7xy4W1pZkWqzcxgSfQSBoXjB+uJJahmTIxRRHes8":{"registrationId":4074,"currentRatchet":{"ephemeralKeyPair":{"pubKey":"Bada6Beia/sBMZA7Eax+eCMEI6WbEPvPAGJmr7bI4xdv","privKey":"YLeCakEFSjyyypum4GSVctGXF8PBh3G01ZM550Nu/ng="},"lastRemoteEphemeralKey":"BdHqwbLnz+nQbeNNcFgBhvp2Q1AW2DuXMW45HS1BpotZ","previousCounter":0,"rootKey":"18HAy0GvFToumM44LQP+TUgzvJnLFGiCv0bLaV60w/k="},"indexInfo":{"baseKey":"BZ3r7xy4W1pZkWqzcxgSfQSBoXjB+uJJahmTIxRRHes8","baseKeyType":1,"closed":1742271293082,"used":1742271291227,"created":1742271291227,"remoteIdentityKey":"BeM3IlsLvxBox6KcLbgcpiVpC33G1Kb6+zrg29sKTxZ6"},"_chains":{"Bada6Beia/sBMZA7Eax+eCMEI6WbEPvPAGJmr7bI4xdv":{"chainKey":{"counter":0,"key":"q6bE6f4IDGsLkIafOiAQtRlN1/ydK3UAZC1PMqPWx1I="},"chainType":1,"messageKeys":{}}},"pendingPreKey":{"signedKeyId":8,"baseKey":"BZ3r7xy4W1pZkWqzcxgSfQSBoXjB+uJJahmTIxRRHes8","preKeyId":3244}},"BQ5xdhvpFUma2C3lDI8KRyPnt7/LpsCVLNHZjEUzDoNh":{"registrationId":4074,"currentRatchet":{"ephemeralKeyPair":{"pubKey":"BSAH1qlwg1LzEhXWsq6SoKXZkAf/uyEjkb4IVVKNJd0e","privKey":"qCpXfWWgg+PoU5owBaK5y4XPehbXoXxk3eSxOfE1rkU="},"lastRemoteEphemeralKey":"BdHqwbLnz+nQbeNNcFgBhvp2Q1AW2DuXMW45HS1BpotZ","previousCounter":0,"rootKey":"zN0wJwcfSgqMxVLiAYoya3NJ2aAEl4aAxLfeQw27he4="},"indexInfo":{"baseKey":"BQ5xdhvpFUma2C3lDI8KRyPnt7/LpsCVLNHZjEUzDoNh","baseKeyType":1,"closed":-1,"used":1742271292930,"created":1742271292930,"remoteIdentityKey":"BeM3IlsLvxBox6KcLbgcpiVpC33G1Kb6+zrg29sKTxZ6"},"_chains":{"BSAH1qlwg1LzEhXWsq6SoKXZkAf/uyEjkb4IVVKNJd0e":{"chainKey":{"counter":0,"key":"HqPk6VKipb9pc0etTjzUMpEztIJgUfKVb4Zr3kyOUTY="},"chainType":1,"messageKeys":{}}},"pendingPreKey":{"signedKeyId":8,"baseKey":"BQ5xdhvpFUma2C3lDI8KRyPnt7/LpsCVLNHZjEUzDoNh","preKeyId":3173}}},"version":"v1"}