{"_sessions":{"BebeKIZTnOBHmdTbKVT/pH9xwanPGjaiQKrNxUiaQyJb":{"registrationId":495262212,"currentRatchet":{"ephemeralKeyPair":{"pubKey":"BVZRl7l7my0CgclZE8PlTYqS3yB4whD8EGMfkEsf28Bm","privKey":"wIpx4jNTSpSW2h6gzbzFBQV+I/E1IRyRfbhuL/AZ3Uo="},"lastRemoteEphemeralKey":"BZzK2oR/xaKsP0o8hm6qn18m1LUGqyERRbeoFfP7rR89","previousCounter":0,"rootKey":"bShdH/uOHFjc77zhwHBzudY4ogqf8fX+tG/WH7aVvhY="},"indexInfo":{"baseKey":"BebeKIZTnOBHmdTbKVT/pH9xwanPGjaiQKrNxUiaQyJb","baseKeyType":2,"closed":-1,"used":1742338445256,"created":1742338445256,"remoteIdentityKey":"BY6oshRYWzptTvmKebl5Q/2ae1rdp4TB/7Z+BzmmIVJy"},"_chains":{"BZzK2oR/xaKsP0o8hm6qn18m1LUGqyERRbeoFfP7rR89":{"chainKey":{"counter":1,"key":"bBkNBD9jitGQu7B5bGfU2Ud9TUhjvYM7h2O5sbQ7U78="},"chainType":2,"messageKeys":{}},"BVZRl7l7my0CgclZE8PlTYqS3yB4whD8EGMfkEsf28Bm":{"chainKey":{"counter":-1,"key":"M4vlM6O8fI2P4tgzU/4Cj3t7izYDqXToIVEdgyK103k="},"chainType":1,"messageKeys":{}}}}},"version":"v1"}