{"_sessions":{"BQUx7wvEBY8Nbspo9Ky1Va/K9n10qzC808D/qrGXZX9y":{"registrationId":1474783675,"currentRatchet":{"ephemeralKeyPair":{"pubKey":"BZdFjhSdB9ejdKgU3KGV1jJC0C4pvwZ454tvy9cK/3co","privKey":"YBCrWQ253VyvrNf6FY1oqgtwe8iIzETRwU1LCudoC0E="},"lastRemoteEphemeralKey":"BVXQVyrv2GFP5gGfdqqBf7yp3odQYHDMqCIioV5/QnZb","previousCounter":0,"rootKey":"sGEJY8anE4dp/i9OxYBjZkiWCdm/gQI4rX68tceMUkM="},"indexInfo":{"baseKey":"BQUx7wvEBY8Nbspo9Ky1Va/K9n10qzC808D/qrGXZX9y","baseKeyType":1,"closed":1742271293885,"used":1742271292127,"created":1742271292127,"remoteIdentityKey":"BVteIErGi3u6D1vJqYaiIIiKtCq1+IXkewlsihfaoGM/"},"_chains":{"BZdFjhSdB9ejdKgU3KGV1jJC0C4pvwZ454tvy9cK/3co":{"chainKey":{"counter":0,"key":"mGVlfnXyomi4rid7LVzn3isXzUdY3JsFPPt6UJ+ERPc="},"chainType":1,"messageKeys":{}}},"pendingPreKey":{"signedKeyId":15,"baseKey":"BQUx7wvEBY8Nbspo9Ky1Va/K9n10qzC808D/qrGXZX9y","preKeyId":11843781}},"BU+S4wOs7QMHAqtYBGCnSJmL4M8Cxr2hh02gGeOeY0tF":{"registrationId":1474783675,"currentRatchet":{"ephemeralKeyPair":{"pubKey":"BXHiYMQtdXKyfH96P5yqcLOpBGw2tDZhOUrH4/z/o9QL","privKey":"GDAmn4MeKX6zOD01Jlie/xGcWHHkkaOGJMkkjbfPI2U="},"lastRemoteEphemeralKey":"BVXQVyrv2GFP5gGfdqqBf7yp3odQYHDMqCIioV5/QnZb","previousCounter":0,"rootKey":"eCIXv+WXEENeZzetbKu6p0x8cWs5N/YuR5kZ9iMp9UU="},"indexInfo":{"baseKey":"BU+S4wOs7QMHAqtYBGCnSJmL4M8Cxr2hh02gGeOeY0tF","baseKeyType":1,"closed":-1,"used":1742271293704,"created":1742271293704,"remoteIdentityKey":"BVteIErGi3u6D1vJqYaiIIiKtCq1+IXkewlsihfaoGM/"},"_chains":{"BXHiYMQtdXKyfH96P5yqcLOpBGw2tDZhOUrH4/z/o9QL":{"chainKey":{"counter":0,"key":"KWTltlafS/q7HXaGWA2KGQNDOY0rYcvAX4cO9CHClBU="},"chainType":1,"messageKeys":{}}},"pendingPreKey":{"signedKeyId":15,"baseKey":"BU+S4wOs7QMHAqtYBGCnSJmL4M8Cxr2hh02gGeOeY0tF","preKeyId":11844436}}},"version":"v1"}