{"_sessions":{"BUPqtINOUoD4scqoDqBSIs7NUUr+jSdluJHNodnf2D5H":{"registrationId":1003103721,"currentRatchet":{"ephemeralKeyPair":{"pubKey":"BddaWvt1065rTYt5xwf7ErpYy3Dmr6ZPKgJQ9zpeMkce","privKey":"4Nk3BB3wSOxfAQJQEUTbX5A09nEMv1aTy4En4buQCWo="},"lastRemoteEphemeralKey":"BQzF7vVtblEoaYbAWRSBiSGYgH1S+AihpHsMIYZnaZEY","previousCounter":0,"rootKey":"/7ClQEuf+LH07Dq7PIXjSbqIVdWXzASCsWuKz3hndh0="},"indexInfo":{"baseKey":"BUPqtINOUoD4scqoDqBSIs7NUUr+jSdluJHNodnf2D5H","baseKeyType":2,"closed":-1,"used":1742285398521,"created":1742285398521,"remoteIdentityKey":"Be97nJ+A90cT1mPhFgh+f9Jx5AyZw67DaD0oDD13vUd/"},"_chains":{"BQzF7vVtblEoaYbAWRSBiSGYgH1S+AihpHsMIYZnaZEY":{"chainKey":{"counter":2,"key":"TKjh+jzFKGZk23MORYVQ4TdVD27VPoAeHXUtephOWsU="},"chainType":2,"messageKeys":{"1":"SFXH+am+PdkVlOxSpXRE/ORpFXB3nt+R6dpmvg6yM40="}},"BddaWvt1065rTYt5xwf7ErpYy3Dmr6ZPKgJQ9zpeMkce":{"chainKey":{"counter":-1,"key":"xZ8htRvwQqSQzkzQlB1NC4ULDS9Mq4UWGV6L5HXmOnc="},"chainType":1,"messageKeys":{}}}}},"version":"v1"}