{"_sessions":{"BRckeLBxYrl8HXuuYOTU6aXhfBwIPIlcq4BkH7GZNQgp":{"registrationId":790330830,"currentRatchet":{"ephemeralKeyPair":{"pubKey":"BY32c0qHp4bEgwuzoX4aiaZND1OndcW1+Y5MUal8JwJJ","privKey":"MPEEFAhltj3gciFeJdzgs+/HmcPaK30d7JZfKJb+OX8="},"lastRemoteEphemeralKey":"BQvg/WvZqxVRjdpFDGAyXhtNmyzDPKKNLxZSuiRPNXEA","previousCounter":0,"rootKey":"VHrq0vzVayLPtISdT2ta+NcCcO/zxlnb5N+2eWZg9hg="},"indexInfo":{"baseKey":"BRckeLBxYrl8HXuuYOTU6aXhfBwIPIlcq4BkH7GZNQgp","baseKeyType":1,"closed":1742271293902,"used":1742271292173,"created":1742271292173,"remoteIdentityKey":"BVpwnM82jFd7GTpLYPpbdx5qRtpP2vlB0x/K8NORrYtg"},"_chains":{"BY32c0qHp4bEgwuzoX4aiaZND1OndcW1+Y5MUal8JwJJ":{"chainKey":{"counter":0,"key":"KCVuJvTQydnAhdkwEfQLlva/kkEqkGwfHcXyepTSNFc="},"chainType":1,"messageKeys":{}}},"pendingPreKey":{"signedKeyId":41,"baseKey":"BRckeLBxYrl8HXuuYOTU6aXhfBwIPIlcq4BkH7GZNQgp","preKeyId":1311655}},"BSYQBELisUbTZ6B78K9q43joFsJBcml9rOSj+EJxO3ZH":{"registrationId":790330830,"currentRatchet":{"ephemeralKeyPair":{"pubKey":"BWP3iDWTIipQdxKYnMJYYmw64MJdofe4nrVwLqmY9aBu","privKey":"MJYVH342aafOGSsaqATz47KFsVtSBPZ5gnvNUVojy3I="},"lastRemoteEphemeralKey":"BQvg/WvZqxVRjdpFDGAyXhtNmyzDPKKNLxZSuiRPNXEA","previousCounter":0,"rootKey":"ExvEQUdgFhUPq1EeZJkTEvmKh/jv2jy6bsOELrXUh2E="},"indexInfo":{"baseKey":"BSYQBELisUbTZ6B78K9q43joFsJBcml9rOSj+EJxO3ZH","baseKeyType":1,"closed":-1,"used":1742271293751,"created":1742271293751,"remoteIdentityKey":"BVpwnM82jFd7GTpLYPpbdx5qRtpP2vlB0x/K8NORrYtg"},"_chains":{"BWP3iDWTIipQdxKYnMJYYmw64MJdofe4nrVwLqmY9aBu":{"chainKey":{"counter":0,"key":"chsx9zKWU6J6DTQVPPpfj5pzQyBdw3wqJQCOHxYpLrU="},"chainType":1,"messageKeys":{}}},"pendingPreKey":{"signedKeyId":41,"baseKey":"BSYQBELisUbTZ6B78K9q43joFsJBcml9rOSj+EJxO3ZH","preKeyId":1311814}}},"version":"v1"}