{"_sessions":{"BSs6r6UBa5jbfL2iJrcg01hjWShhqcgwrsHIZjF7asYE":{"registrationId":431245745,"currentRatchet":{"ephemeralKeyPair":{"pubKey":"BSPEpFx0kQTstoJYOAaz2HjQd1O+ShB0BPnZWr15hP9t","privKey":"sATNDLmWrZfy8wQmWiR3tYWkOlYExNVZE0OyE1GDt2g="},"lastRemoteEphemeralKey":"BcTByG3Z93f5CXbthUYVOCovdZfNjLUMFfJkSfaWdHEm","previousCounter":0,"rootKey":"aSThZYt5/lbItf5EeHUyZEFPQrSM0Sm9RacLoFRj8cc="},"indexInfo":{"baseKey":"BSs6r6UBa5jbfL2iJrcg01hjWShhqcgwrsHIZjF7asYE","baseKeyType":1,"closed":1742271293882,"used":1742271292119,"created":1742271292119,"remoteIdentityKey":"BZ0k6a1qCDgKQGh/M7THCI4knD2DqE5Z38gU+c4P7rI3"},"_chains":{"BSPEpFx0kQTstoJYOAaz2HjQd1O+ShB0BPnZWr15hP9t":{"chainKey":{"counter":0,"key":"KuzGvv0dP0YCK1aB8Q0mpCwQI0VIjXp5JU6m4v2xsHo="},"chainType":1,"messageKeys":{}}},"pendingPreKey":{"signedKeyId":8348128,"baseKey":"BSs6r6UBa5jbfL2iJrcg01hjWShhqcgwrsHIZjF7asYE","preKeyId":20147}},"BZ9LI3eRLmSENdH9YUZ3R8Nslg5STnHIHB/wMjET4wd9":{"registrationId":431245745,"currentRatchet":{"ephemeralKeyPair":{"pubKey":"BRWRpEYKCQCE/yggKuEmt2UufXDBcYnLTKorpaYlM650","privKey":"gGBEBvQKeep6/8Cvv0c/JBqIcOHQvyzIRxOIUUUS40o="},"lastRemoteEphemeralKey":"BeO8qo+h92e3KtHGEJQXNlJKIDbLGZr4miUS+Vsv5A8u","previousCounter":0,"rootKey":"qUoIdlVpNeIb6qWOVkTtjpovG2U4h+/Xmx1P/2GqzpM="},"indexInfo":{"baseKey":"BZ9LI3eRLmSENdH9YUZ3R8Nslg5STnHIHB/wMjET4wd9","baseKeyType":1,"closed":1742309662610,"used":1742280047604,"created":1742271293696,"remoteIdentityKey":"BZ0k6a1qCDgKQGh/M7THCI4knD2DqE5Z38gU+c4P7rI3"},"_chains":{"BeO8qo+h92e3KtHGEJQXNlJKIDbLGZr4miUS+Vsv5A8u":{"chainKey":{"counter":0,"key":"Bv+juAs0grcykP6rp0DaEOP527zB5XJe3NaXKYCplnY="},"chainType":2,"messageKeys":{}},"BRWRpEYKCQCE/yggKuEmt2UufXDBcYnLTKorpaYlM650":{"chainKey":{"counter":-1,"key":"VmxcHMkDocaXc6j+XsWXVJbXGbvwdDv6UC1Eu/bRs4Y="},"chainType":1,"messageKeys":{}}}},"BfgskIvo0gjWpBCv2OYVNUoby5tfHybaQGMV3E+g/IFc":{"registrationId":431245745,"currentRatchet":{"ephemeralKeyPair":{"pubKey":"BaUeKB2sZTT8ilS2qN3S1teGn+5reB8XXbdO2eDFAUs+","privKey":"gEzNdXe67mgckQxqD8iA5K2k5K4Y0SCAWA4uJcSpBUo="},"lastRemoteEphemeralKey":"BetaEIjEKjMME82wLJZgLfGmao4AE8JQeyQgXjPuoTsQ","previousCounter":0,"rootKey":"DH2qcF2a16azyS8dsDHo0dFY/G0UM7jNr5xVkAnUwXQ="},"indexInfo":{"baseKey":"BfgskIvo0gjWpBCv2OYVNUoby5tfHybaQGMV3E+g/IFc","baseKeyType":2,"closed":-1,"used":1742309662620,"created":1742309662620,"remoteIdentityKey":"BZ0k6a1qCDgKQGh/M7THCI4knD2DqE5Z38gU+c4P7rI3"},"_chains":{"BetaEIjEKjMME82wLJZgLfGmao4AE8JQeyQgXjPuoTsQ":{"chainKey":{"counter":7,"key":"hGvn9m1/Q2yW1rOpMcMquPXqzsT9NH3BCGTQS5QVwCs="},"chainType":2,"messageKeys":{"1":"Xnfz2oazH+Rl9fW16hz5fnlKnksdpFuEuLoijCjHkoI=","2":"E5ztspn6Z7qjxksfHdHZhXkW+9X/qbhS8Lw6+CTtO3k="}},"BaUeKB2sZTT8ilS2qN3S1teGn+5reB8XXbdO2eDFAUs+":{"chainKey":{"counter":-1,"key":"pHdUcNCRoYTVo1sU4mue6odjNdbPhs3lvsUcvPbWOsM="},"chainType":1,"messageKeys":{}}}}},"version":"v1"}