{"_sessions":{"BaJ4z9cBwXhC9NeJCsXzHPcJhRx9gI24dAhmrNp445lV":{"registrationId":8586,"currentRatchet":{"ephemeralKeyPair":{"pubKey":"BVa9YCNxocx7mg1m5s8nL452Wk3ctfde1Yrmg/F0aBI0","privKey":"2NUV+9O3MqrRgxwxW9DgiCM0kHMEU4zCVveZi6T2cGQ="},"lastRemoteEphemeralKey":"BQOoarFjUBi80qlJ3ww/XP9CPVMV8S/u9DscXytgxvkf","previousCounter":0,"rootKey":"KxgSO4yAgDO5HKm06mWvZ4TGqFhIvA+EKK2G3LEGoyM="},"indexInfo":{"baseKey":"BaJ4z9cBwXhC9NeJCsXzHPcJhRx9gI24dAhmrNp445lV","baseKeyType":2,"closed":-1,"used":1742278861297,"created":1742278861297,"remoteIdentityKey":"BZZuwVbFTMl1UYqZBODH+84oW0njMJgrKOemG27ALNco"},"_chains":{"BQOoarFjUBi80qlJ3ww/XP9CPVMV8S/u9DscXytgxvkf":{"chainKey":{"counter":1,"key":"r709YSfn2o+VR6SbEa89P+rJEgweXsGzZlKy75Uv5+4="},"chainType":2,"messageKeys":{}},"BVa9YCNxocx7mg1m5s8nL452Wk3ctfde1Yrmg/F0aBI0":{"chainKey":{"counter":-1,"key":"ob3+D7gz6WF3LmpravoBeQkrEpBskbj52zMEXaCWOFk="},"chainType":1,"messageKeys":{}}}}},"version":"v1"}