{"_sessions":{"BeDTkYPRjI54m2fTQZEFufQpYZ8l7k0nTZte9A9B4pQi":{"registrationId":1852733097,"currentRatchet":{"ephemeralKeyPair":{"pubKey":"BfpoGK4frk0AhpXWsPgAVM9/mFGrPuSSlolDkryX66t0","privKey":"qMGk/dhtSIe0MCaPtmrdmNlvN474sKUR0sTXpjgry3Q="},"lastRemoteEphemeralKey":"Ba3bnJH/NocEzzM8DJlE3+QaC3Xrzdl7txfOpKg5LVcZ","previousCounter":0,"rootKey":"NghTovj41QAU4l/Ullzq+YBPbHbhsMx1MiCk8wfMoGs="},"indexInfo":{"baseKey":"BeDTkYPRjI54m2fTQZEFufQpYZ8l7k0nTZte9A9B4pQi","baseKeyType":1,"closed":1742271293120,"used":1742271291355,"created":1742271291355,"remoteIdentityKey":"BWaGGEIb9St0oy/esXPJM/a6+PSk357gwz+a3u76oYkl"},"_chains":{"BfpoGK4frk0AhpXWsPgAVM9/mFGrPuSSlolDkryX66t0":{"chainKey":{"counter":0,"key":"YHUY48XHMRNfL4WjufYuY1on24Gf8XVFgCJ23mRvkiE="},"chainType":1,"messageKeys":{}}},"pendingPreKey":{"signedKeyId":19,"baseKey":"BeDTkYPRjI54m2fTQZEFufQpYZ8l7k0nTZte9A9B4pQi","preKeyId":1074642}},"BU51jvP1dcOFe1JOsitQBslExN0C7mKnXnUs00eaFJQS":{"registrationId":1852733097,"currentRatchet":{"ephemeralKeyPair":{"pubKey":"BZxT2bMCsu5T2u8izbOAXXmsAR9YBAPkG8Y0Jai0b/9p","privKey":"+OZj9I4Oe48XzrG472hYGCyaS28T6zJNY1dK0sXRqn0="},"lastRemoteEphemeralKey":"BXD/8mZi1/G6iXa+OskcWf43bDMx9EBeIW40mEYnI3US","previousCounter":0,"rootKey":"W4DTAn0hqLjV5AIirDNWxSW0GTPT/rJOn/GAHMGN0y8="},"indexInfo":{"baseKey":"BU51jvP1dcOFe1JOsitQBslExN0C7mKnXnUs00eaFJQS","baseKeyType":1,"closed":-1,"used":1742375208455,"created":1742271293055,"remoteIdentityKey":"BWaGGEIb9St0oy/esXPJM/a6+PSk357gwz+a3u76oYkl"},"_chains":{"BXD/8mZi1/G6iXa+OskcWf43bDMx9EBeIW40mEYnI3US":{"chainKey":{"counter":3,"key":"ugkS4RgpBzl/gk+ITrGaibXDyPMWSMD+uFUc/Fyaz8k="},"chainType":2,"messageKeys":{}},"BZxT2bMCsu5T2u8izbOAXXmsAR9YBAPkG8Y0Jai0b/9p":{"chainKey":{"counter":-1,"key":"gD9esgUlHCrjkFmeM8FSXRx8LfNLquSiK9LbTiSjRQs="},"chainType":1,"messageKeys":{}}}}},"version":"v1"}