{"_sessions":{"BWluSXXAln8b+X2mEp93yZpxz4hZlty0kgeQCHbxOroO":{"registrationId":1120112011,"currentRatchet":{"ephemeralKeyPair":{"pubKey":"BWCRUtfCOMp7zlUp3taGOwsqo47xgdUlElnVcTu/zudy","privKey":"WNUOJkm37Zsf2cwPBkNKxseOMphdrebJmao9ZuFrw3Y="},"lastRemoteEphemeralKey":"BVfDiVGYpjosfjnK1fAWqVyCuX2A+kmTuAbA8fHuxkdb","previousCounter":0,"rootKey":"Hiyh/bHvA0jWQSilw8z5crzK80dL8vZO30Wrhce4Trc="},"indexInfo":{"baseKey":"BWluSXXAln8b+X2mEp93yZpxz4hZlty0kgeQCHbxOroO","baseKeyType":1,"closed":1742271293887,"used":1742271292133,"created":1742271292133,"remoteIdentityKey":"BVI3JUlGT2nO2/GECG3KyaEhBQQOjk4Hdz6U1FzcgfxT"},"_chains":{"BWCRUtfCOMp7zlUp3taGOwsqo47xgdUlElnVcTu/zudy":{"chainKey":{"counter":0,"key":"rmtRDGGmH7VNwsB5T1JaZg2kv0O+/gt7+9QFmJh9Arc="},"chainType":1,"messageKeys":{}}},"pendingPreKey":{"signedKeyId":15,"baseKey":"BWluSXXAln8b+X2mEp93yZpxz4hZlty0kgeQCHbxOroO","preKeyId":5206617}},"BdMOFeO3PBDa035OCK5HMbIHUoe+BBJYgGJZa4ePWuIP":{"registrationId":1120112011,"currentRatchet":{"ephemeralKeyPair":{"pubKey":"BYYf1KE6JeN+u6XKPV01u6yWzvXmVBXuMFJnyAHxELVZ","privKey":"eDCtdMhvyJ/Cc/pSjTpljmcNVmqd1eqZZfKK2Qa3EEQ="},"lastRemoteEphemeralKey":"BVfDiVGYpjosfjnK1fAWqVyCuX2A+kmTuAbA8fHuxkdb","previousCounter":0,"rootKey":"sAzqfDyScr67YJJ6rErI49GUfSbAL9yHt0VzKUkXMAI="},"indexInfo":{"baseKey":"BdMOFeO3PBDa035OCK5HMbIHUoe+BBJYgGJZa4ePWuIP","baseKeyType":1,"closed":-1,"used":1742271293710,"created":1742271293710,"remoteIdentityKey":"BVI3JUlGT2nO2/GECG3KyaEhBQQOjk4Hdz6U1FzcgfxT"},"_chains":{"BYYf1KE6JeN+u6XKPV01u6yWzvXmVBXuMFJnyAHxELVZ":{"chainKey":{"counter":0,"key":"A/Tvn7+JXKk+2zduKpjZbWlIz3375r0nD7XGvc/00Ks="},"chainType":1,"messageKeys":{}}},"pendingPreKey":{"signedKeyId":15,"baseKey":"BdMOFeO3PBDa035OCK5HMbIHUoe+BBJYgGJZa4ePWuIP","preKeyId":5205858}}},"version":"v1"}