{"_sessions":{"BbFMrYxaGNrV3lygzLAmrbWUp0uctAA1xJvWRc5k5tA9":{"registrationId":1803821473,"currentRatchet":{"ephemeralKeyPair":{"pubKey":"BcZoF8dF6+DwjGasEPKOfY5Pjqmotqg9SkbTCz3LdR5J","privKey":"KDlH6QZxGtD9WSUU7pa64vuYUC5erwpxlDTFyrVy2G4="},"lastRemoteEphemeralKey":"BSz3m/xrEoFPgefiitIK+V4rreR2irJKTNj82vEyAEMi","previousCounter":0,"rootKey":"da4JquT2GybGz0gTRqTyqWckDHYPWvdNdHvGxt4zycc="},"indexInfo":{"baseKey":"BbFMrYxaGNrV3lygzLAmrbWUp0uctAA1xJvWRc5k5tA9","baseKeyType":2,"closed":-1,"used":1742309899815,"created":1742309899815,"remoteIdentityKey":"BbSrtq39IMS60fB/mlLCjrH9zQ9WANAdSBZPLfbmjCx3"},"_chains":{"BSz3m/xrEoFPgefiitIK+V4rreR2irJKTNj82vEyAEMi":{"chainKey":{"counter":2,"key":"u9TMQ/KL7cz4lo5xdMn0zQb/A5gzenO7xU81H7xsz+M="},"chainType":2,"messageKeys":{}},"BcZoF8dF6+DwjGasEPKOfY5Pjqmotqg9SkbTCz3LdR5J":{"chainKey":{"counter":-1,"key":"NbYbC/9H0rJaw3exjgW+9/WWHtliL/9S0R3VhrSOybo="},"chainType":1,"messageKeys":{}}}}},"version":"v1"}