{"_sessions":{"BRkk7ZuPkBy77ZowRTX4zitz/qgkUKhWHkKGnOO6hRYO":{"registrationId":2022382537,"currentRatchet":{"ephemeralKeyPair":{"pubKey":"BZNmlVR12nRPu5LxbbgN9Ad0j4nDpdwCY6eNE/lV8Sc1","privKey":"ANA2Mtnx2+LfDCGMlkMldnszOIYzkMPRakkkdf0CiUU="},"lastRemoteEphemeralKey":"BdTVu9Yca8AB5WiXEjGRnjTYVJe+frR8mekkbiq60nUQ","previousCounter":0,"rootKey":"6NDtMFbzY/b3fCGbY9mZNT81zJQbYJ8LDSJnRpUr6t4="},"indexInfo":{"baseKey":"BRkk7ZuPkBy77ZowRTX4zitz/qgkUKhWHkKGnOO6hRYO","baseKeyType":2,"closed":-1,"used":1742342599731,"created":1742342599731,"remoteIdentityKey":"Bdwxt/p9ZT0RI/8lMt+Dj9OszutWfu7UHn6cCSPK8IoU"},"_chains":{"BdTVu9Yca8AB5WiXEjGRnjTYVJe+frR8mekkbiq60nUQ":{"chainKey":{"counter":1,"key":"QRdMeLvN0bBAO+kKfxUIKeCNbFrcMqGM2Fqk5CK0TJs="},"chainType":2,"messageKeys":{}},"BZNmlVR12nRPu5LxbbgN9Ad0j4nDpdwCY6eNE/lV8Sc1":{"chainKey":{"counter":-1,"key":"/81AoJ4JMbs81v1KDHNaEfdk0JkHNDFKGuRYQfEzl64="},"chainType":1,"messageKeys":{}}}}},"version":"v1"}