{"_sessions":{"Bba8wfwvjIrW7YDbn/dDEMYXlRX3WcVYV07ngSH3Kuxu":{"registrationId":6573,"currentRatchet":{"ephemeralKeyPair":{"pubKey":"BaykamwZDckbjL/mE1a/xaeHc0NwuB0qDHJHLsQZWMFL","privKey":"8FcPQeDiyFLhliyE6kmaCWiogjRBeA1yi940ZKsyYkE="},"lastRemoteEphemeralKey":"BR20oZvKMAJ8vw9Z4fJA4ILHMAL9kecQe0GiIhEY7TwJ","previousCounter":0,"rootKey":"7Epf8cYbLZQtVsM7ZNR3zqIBnzL6xqmtgxXCXeUeCyc="},"indexInfo":{"baseKey":"Bba8wfwvjIrW7YDbn/dDEMYXlRX3WcVYV07ngSH3Kuxu","baseKeyType":1,"closed":1742271293083,"used":1742271291229,"created":1742271291229,"remoteIdentityKey":"BcCsB5CuHn2NtcwUXvvoyAkGqV5rGShOd0jQrihtQ8t3"},"_chains":{"BaykamwZDckbjL/mE1a/xaeHc0NwuB0qDHJHLsQZWMFL":{"chainKey":{"counter":0,"key":"A+qUsESfjeTAQh3rNdbgyj0ijs6+TKO0IY9UECyMxC0="},"chainType":1,"messageKeys":{}}},"pendingPreKey":{"signedKeyId":2,"baseKey":"Bba8wfwvjIrW7YDbn/dDEMYXlRX3WcVYV07ngSH3Kuxu","preKeyId":4193}},"BSB4/uNhAYAJzSih9P0GYtJsazYdvbLcpT6IPdEVcL0N":{"registrationId":6573,"currentRatchet":{"ephemeralKeyPair":{"pubKey":"BfxNXxZJUZd9DlPStlrxFQnQpkCgP5l+8rI09geWkOBz","privKey":"eN/+fujDb8HuxbFI4KZvZDztcHglp4ToOM7040wuf3s="},"lastRemoteEphemeralKey":"BR20oZvKMAJ8vw9Z4fJA4ILHMAL9kecQe0GiIhEY7TwJ","previousCounter":0,"rootKey":"TZRIRqU0wNV2pPX5npI5oAWo+nBWiaKAakXn5eFvxdU="},"indexInfo":{"baseKey":"BSB4/uNhAYAJzSih9P0GYtJsazYdvbLcpT6IPdEVcL0N","baseKeyType":1,"closed":-1,"used":1742271292932,"created":1742271292932,"remoteIdentityKey":"BcCsB5CuHn2NtcwUXvvoyAkGqV5rGShOd0jQrihtQ8t3"},"_chains":{"BfxNXxZJUZd9DlPStlrxFQnQpkCgP5l+8rI09geWkOBz":{"chainKey":{"counter":0,"key":"hL47tGJDE7H1LrDHzLwqwpIqkfHqAGEc8BlMdYWH/JQ="},"chainType":1,"messageKeys":{}}},"pendingPreKey":{"signedKeyId":2,"baseKey":"BSB4/uNhAYAJzSih9P0GYtJsazYdvbLcpT6IPdEVcL0N","preKeyId":3679}}},"version":"v1"}