{"_sessions":{"BVJMcEWZWoMDpX1RKPVU8hpFMr10cYICOi4FH+75ARgA":{"registrationId":1151165314,"currentRatchet":{"ephemeralKeyPair":{"pubKey":"BZEuYTDvIBRBv7Z7+BK+8U65ngk/r4yX6xGI5aO8pokn","privKey":"iFMKRlCye2MQybvGgPjx1krMQ1GkLPEWv1ixCSigem8="},"lastRemoteEphemeralKey":"Bf97E5/ERY9AR12dJdnWgHB7+/W+B+e3hkcrrLxkWH9R","previousCounter":0,"rootKey":"MwLUKatmbhfbSuqd4Pmrm51z9mcvgMCO9hSbHZG/6SY="},"indexInfo":{"baseKey":"BVJMcEWZWoMDpX1RKPVU8hpFMr10cYICOi4FH+75ARgA","baseKeyType":2,"closed":-1,"used":1742278681710,"created":1742278681710,"remoteIdentityKey":"BQ2yP872SuY92ZkYMqZEjpZXYz5Ab51LSO7EhIf/Mqp1"},"_chains":{"Bf97E5/ERY9AR12dJdnWgHB7+/W+B+e3hkcrrLxkWH9R":{"chainKey":{"counter":6,"key":"6uvIFsk+QjJCQoLsuRq9wVWCAUhhC66ufvj+8Z+5D7o="},"chainType":2,"messageKeys":{}},"BZEuYTDvIBRBv7Z7+BK+8U65ngk/r4yX6xGI5aO8pokn":{"chainKey":{"counter":-1,"key":"I+02zz8Q2n6YOwM2OKINMVpsV79LPuu6h1Rg3VrcDTY="},"chainType":1,"messageKeys":{}}}}},"version":"v1"}