{"_sessions":{"Beqt1n0ZWSNwDqHnPQqhYWjOwkoZSfQLxewhqA6NnJoa":{"registrationId":2143033815,"currentRatchet":{"ephemeralKeyPair":{"pubKey":"Bfv5wO/fFT87rLEw0x2mchjfYPc/+G3e5uGYbLRu4ycC","privKey":"gJAW7OPjRQeIEKk+TUguoG/YbNh0tzIOafZPOSIFNW8="},"lastRemoteEphemeralKey":"BVOqYJNgHX1SBBQDU0X/HWisagcuRJmNsNuXsN4cp35B","previousCounter":0,"rootKey":"Wlzv7E8OPTK5UItKCgbMeswnadshDCx3gl/pbRXtvoY="},"indexInfo":{"baseKey":"Beqt1n0ZWSNwDqHnPQqhYWjOwkoZSfQLxewhqA6NnJoa","baseKeyType":2,"closed":-1,"used":1742311328834,"created":1742311328834,"remoteIdentityKey":"BQCd4dodNTXeH/HSC2lfwH0Jl3AHoLNv0cKWCqrNuktK"},"_chains":{"BVOqYJNgHX1SBBQDU0X/HWisagcuRJmNsNuXsN4cp35B":{"chainKey":{"counter":8,"key":"/jCQ5XtaTOWbNMgao0BetZNaXoDIxK2/QgIuOLeb5P0="},"chainType":2,"messageKeys":{}},"Bfv5wO/fFT87rLEw0x2mchjfYPc/+G3e5uGYbLRu4ycC":{"chainKey":{"counter":-1,"key":"+/Aij3BWtZ+uAskd9GOMyIi5juvN2G7is4QyqQCMuNk="},"chainType":1,"messageKeys":{}}}}},"version":"v1"}