{"_sessions":{"Be3MZrFb3gpk5ntEqypi3JYb71fkEF6ccuhPxZLTCuQs":{"registrationId":1453005910,"currentRatchet":{"ephemeralKeyPair":{"pubKey":"BUECqX6oy9+06IUpTiszI/Wdla6MM66F1MZ/luG0CfZd","privKey":"QKQML8TJo8cM0WY1SabO/mh/EUe7AtZoJ8TE4kiWtko="},"lastRemoteEphemeralKey":"BQqEk4j/qX5jn2fDTE4r3/ZQtwv6STV2QNibhYEkiJ9L","previousCounter":0,"rootKey":"Qi0yZwnDTOTRjHa+T7cQ7v24+HQgnZALVcIPPQeziZY="},"indexInfo":{"baseKey":"Be3MZrFb3gpk5ntEqypi3JYb71fkEF6ccuhPxZLTCuQs","baseKeyType":1,"closed":1742271293889,"used":1742271292140,"created":1742271292140,"remoteIdentityKey":"BT/9yLu9FDVYIYVX67bUOW2PU+RlonqEfLatxDRMqZZV"},"_chains":{"BUECqX6oy9+06IUpTiszI/Wdla6MM66F1MZ/luG0CfZd":{"chainKey":{"counter":0,"key":"5dfhvRlP7Jo85IhHyQ9zOsanOrK7xwTp00qrd8HXs4s="},"chainType":1,"messageKeys":{}}},"pendingPreKey":{"signedKeyId":0,"baseKey":"Be3MZrFb3gpk5ntEqypi3JYb71fkEF6ccuhPxZLTCuQs","preKeyId":3769814}},"BeJS3Bs4+dKUIcOS41K4EPwaijZtxIOmSQLw+nWfeCEk":{"registrationId":1453005910,"currentRatchet":{"ephemeralKeyPair":{"pubKey":"BS2ZrWyNyxAZvpU1jxHdahe4fj3XjI9f6U+HrHlvFO0u","privKey":"kEFyvg/bmVbuGf77f5iPvQzJfcdpZUn3+VtwPfkwvXk="},"lastRemoteEphemeralKey":"BVaRRAzN+ZoCisykM6ChXC6Fr4aQ4mW5DH+dysx4ZY0N","previousCounter":0,"rootKey":"Rsi8J+KC+lXR8OeHAzy7lDp0lLIBl77GTVVKrxm20Fc="},"indexInfo":{"baseKey":"BeJS3Bs4+dKUIcOS41K4EPwaijZtxIOmSQLw+nWfeCEk","baseKeyType":1,"closed":-1,"used":1742426003037,"created":1742271293718,"remoteIdentityKey":"BT/9yLu9FDVYIYVX67bUOW2PU+RlonqEfLatxDRMqZZV"},"_chains":{"BVaRRAzN+ZoCisykM6ChXC6Fr4aQ4mW5DH+dysx4ZY0N":{"chainKey":{"counter":1,"key":"VtLnE/CaeEA9kqc+Q3XKxPu2HXiCWnjSozXpmRlzoIg="},"chainType":2,"messageKeys":{}},"BS2ZrWyNyxAZvpU1jxHdahe4fj3XjI9f6U+HrHlvFO0u":{"chainKey":{"counter":-1,"key":"0pj+JwCLpI2lR8dXNEyNVhBvGVN2bA6Jbl3lRk5BXW4="},"chainType":1,"messageKeys":{}}}}},"version":"v1"}