{"_sessions":{"BYUY6BKsTTKNqB5E5HxHppiEGhCPmTkwzMWjrR+GIJ4W":{"registrationId":2005554798,"currentRatchet":{"ephemeralKeyPair":{"pubKey":"BcwejxNgcDsgKejo0hs5j6G7y5rD4Ywi/U+GEr/ORf5X","privKey":"mJWh3LHxLK0m0oMfzxtYuvT4tYxZPdiyIyqkLqcd/n4="},"lastRemoteEphemeralKey":"BTOU04pEXgMoC6l7TJI9ATMmifLd/BmvlwCfyXTQzfo9","previousCounter":0,"rootKey":"SRt6OI9pcflsS/+T7sof70Nd4ql8l7/eFPF51ZOhkd8="},"indexInfo":{"baseKey":"BYUY6BKsTTKNqB5E5HxHppiEGhCPmTkwzMWjrR+GIJ4W","baseKeyType":2,"closed":-1,"used":1742372183112,"created":1742372183112,"remoteIdentityKey":"BaB9x30CwGwEEPyCkbl9hruWJySusHc9WkIxUHBPOQE7"},"_chains":{"BTOU04pEXgMoC6l7TJI9ATMmifLd/BmvlwCfyXTQzfo9":{"chainKey":{"counter":0,"key":"rrK2jA6v3XisLaWadW7aGqAXGgNhW6ttStH/6G+FWqc="},"chainType":2,"messageKeys":{}},"BcwejxNgcDsgKejo0hs5j6G7y5rD4Ywi/U+GEr/ORf5X":{"chainKey":{"counter":-1,"key":"eiNRFv0rDkvjrDbl9tCZOrxR4EsmCjyIBSOWfmnFvmc="},"chainType":1,"messageKeys":{}}}}},"version":"v1"}