{"_sessions":{"BSbo1Knp1n3JVNUjhEBzlG7Mk3Tj9o+7r7zevykxIf83":{"registrationId":1124391599,"currentRatchet":{"ephemeralKeyPair":{"pubKey":"BdDwEY+rJrgqdrPDuj8rFQt/ruxYj3lma8cDBsZPa5ND","privKey":"oBUUjHquk2CYx7lxCd9KlQelEOHmLjr8JsFDXwy/TmQ="},"lastRemoteEphemeralKey":"BVcinFdsYsZnC+i1DL3le8fxpxmmS8MfW9zLtXbUl9Eb","previousCounter":0,"rootKey":"ypPcdjq5MYp4F5JEdIdtQm101i9lqutQq+RXnFih5ys="},"indexInfo":{"baseKey":"BSbo1Knp1n3JVNUjhEBzlG7Mk3Tj9o+7r7zevykxIf83","baseKeyType":1,"closed":1742271293897,"used":1742271292165,"created":1742271292165,"remoteIdentityKey":"BbHC7HvKHEXfrMteHQ2Kgrlwnp+OypTK5zzpDN2WJ1JU"},"_chains":{"BdDwEY+rJrgqdrPDuj8rFQt/ruxYj3lma8cDBsZPa5ND":{"chainKey":{"counter":0,"key":"RKwCBXRXQPOdpam3HBZo1O7by8AeLGusFF4H+7yqHoM="},"chainType":1,"messageKeys":{}}},"pendingPreKey":{"signedKeyId":11,"baseKey":"BSbo1Knp1n3JVNUjhEBzlG7Mk3Tj9o+7r7zevykxIf83","preKeyId":10410219}},"BW9QTaGqT56rp9iaBU81xQ6GPD66rD1yRN6XRPfPJ7Mr":{"registrationId":1124391599,"currentRatchet":{"ephemeralKeyPair":{"pubKey":"BX5n1pycMByRgDEC15hfCR7NndUXAqdOoXJT0S3CsYIq","privKey":"2IG0J02FFHIg5QkhIPrYiKIHvtvYYdGZROvbSAGnyFw="},"lastRemoteEphemeralKey":"BS4veYW4K7MkOJAc0xN4nopwuy1Rqz9xPABOnZeTm+sE","previousCounter":0,"rootKey":"OrNDGr9tI3ctXBZZ0QyuQ3I2jZPH2Wf4JvrN8jnLPVw="},"indexInfo":{"baseKey":"BW9QTaGqT56rp9iaBU81xQ6GPD66rD1yRN6XRPfPJ7Mr","baseKeyType":1,"closed":-1,"used":1742456153016,"created":1742271293743,"remoteIdentityKey":"BbHC7HvKHEXfrMteHQ2Kgrlwnp+OypTK5zzpDN2WJ1JU"},"_chains":{"BS4veYW4K7MkOJAc0xN4nopwuy1Rqz9xPABOnZeTm+sE":{"chainKey":{"counter":0,"key":"3wJ81vS8l1r8YiMCa/XZ797LmPVvH3W5Y78a2SgEtVc="},"chainType":2,"messageKeys":{}},"BX5n1pycMByRgDEC15hfCR7NndUXAqdOoXJT0S3CsYIq":{"chainKey":{"counter":-1,"key":"2QIy0BWjHHgSdda1G8arTfOKNNj3szLkL7YnTXcMcYQ="},"chainType":1,"messageKeys":{}}}}},"version":"v1"}