{"_sessions":{"BQG0TqAl2OYv9k5ho4jv6xNXTLSqIyBTjRH9cz+bjhMN":{"registrationId":14511,"currentRatchet":{"ephemeralKeyPair":{"pubKey":"BYrXykGIpSSHHBFIZ+1fCIGZ34I3Cqc6PUSY0pQBdfhY","privKey":"iGqzxX+cN+DI1066nIVCRCigwszje3y3b/iym5LLmn0="},"lastRemoteEphemeralKey":"BbvFBZ9Xz2il9ZUnYuazj/3sma0hkKhwwPe96ZYvc0Bf","previousCounter":0,"rootKey":"z7mfueqh8fL4xnLRak+/hOAGp1899AV6KrYlBia1IdM="},"indexInfo":{"baseKey":"BQG0TqAl2OYv9k5ho4jv6xNXTLSqIyBTjRH9cz+bjhMN","baseKeyType":1,"closed":1742271293083,"used":1742271291231,"created":1742271291231,"remoteIdentityKey":"BWWkQ1NjyztDMV7X05R00F0cextJ9mG8nqLmXZWHXLkI"},"_chains":{"BYrXykGIpSSHHBFIZ+1fCIGZ34I3Cqc6PUSY0pQBdfhY":{"chainKey":{"counter":0,"key":"4UxLy94vjyFyt0bTZ1jZcj7VE6Q6P4xsxFlhDGnVYq8="},"chainType":1,"messageKeys":{}}},"pendingPreKey":{"signedKeyId":1,"baseKey":"BQG0TqAl2OYv9k5ho4jv6xNXTLSqIyBTjRH9cz+bjhMN","preKeyId":963}},"BbxyFtSJXzM0gfFytGMqExgDl6zYgPVOANMleyuoQ7hX":{"registrationId":14511,"currentRatchet":{"ephemeralKeyPair":{"pubKey":"BbebncwcaIKcTc6TT3dX04pfr6U/1Nfg3lK5hipcNQ18","privKey":"iDvuAK2wJfVnwoxThjO/aq7AKCNUaQCUfOKtUK9fpnw="},"lastRemoteEphemeralKey":"BbvFBZ9Xz2il9ZUnYuazj/3sma0hkKhwwPe96ZYvc0Bf","previousCounter":0,"rootKey":"VRuVsLGiRW30ic/CVIK0iSPgtjVV/cowC676lgLeD2M="},"indexInfo":{"baseKey":"BbxyFtSJXzM0gfFytGMqExgDl6zYgPVOANMleyuoQ7hX","baseKeyType":1,"closed":-1,"used":1742271292934,"created":1742271292934,"remoteIdentityKey":"BWWkQ1NjyztDMV7X05R00F0cextJ9mG8nqLmXZWHXLkI"},"_chains":{"BbebncwcaIKcTc6TT3dX04pfr6U/1Nfg3lK5hipcNQ18":{"chainKey":{"counter":0,"key":"HsPU7Kr+C48q1Sj4jrN0CVug1JRKxD+JeKI7up/N83U="},"chainType":1,"messageKeys":{}}},"pendingPreKey":{"signedKeyId":1,"baseKey":"BbxyFtSJXzM0gfFytGMqExgDl6zYgPVOANMleyuoQ7hX","preKeyId":850}}},"version":"v1"}