{"_sessions":{"BSkaTnEg1b/oXkLJV/nJNJce7z82Dq3vJVz3QS/aV3YM":{"registrationId":723978693,"currentRatchet":{"ephemeralKeyPair":{"pubKey":"BZcSr2rI6dFfmrBMb7K5TeInHyP0lVAScnKzYaZFfXJ4","privKey":"COf3vQgb3K04lX63JmrMSP+sxu01fQBtbbwU5DgbamE="},"lastRemoteEphemeralKey":"BdcUJzMj5/5G3alkJ1zpeJdh0ZhrrdbpXpTpnI8Ysotl","previousCounter":0,"rootKey":"NEgIMOBcawWthmjxwpN2PQVy1jDEqDGeBvyGteTf7WI="},"indexInfo":{"baseKey":"BSkaTnEg1b/oXkLJV/nJNJce7z82Dq3vJVz3QS/aV3YM","baseKeyType":2,"closed":-1,"used":1742367540577,"created":1742367540577,"remoteIdentityKey":"BZovh8NjwFcHpmf7TRAGt9gRYeoophyWichhJVCMFBIi"},"_chains":{"BdcUJzMj5/5G3alkJ1zpeJdh0ZhrrdbpXpTpnI8Ysotl":{"chainKey":{"counter":0,"key":"Wc2NHwlX476iuQ/hklt+t6jSDdJcXsWQvjcEXTnMRis="},"chainType":2,"messageKeys":{}},"BZcSr2rI6dFfmrBMb7K5TeInHyP0lVAScnKzYaZFfXJ4":{"chainKey":{"counter":-1,"key":"EZn/j7w83A0TsqqrawX9YAcX+r/d8l2GMgYxWhFZIDk="},"chainType":1,"messageKeys":{}}}}},"version":"v1"}