{"_sessions":{"BXvlXvz+Qa+hqwAgQNspngBakYrIVWvMHl3UnDC3Jv4n":{"registrationId":1714064613,"currentRatchet":{"ephemeralKeyPair":{"pubKey":"BWWEtHAEd5Il2ZWMuTDozM9bMMyVnSNLVtYxa6FrW19f","privKey":"UK6JcLQN/ADziRs5qw6i2fy4E4wSZc7D7GHdno6cnF4="},"lastRemoteEphemeralKey":"BU5zGvW5nr/SHxx5ZhXpeq4CjL2UiRn+FKI9p3I/k14L","previousCounter":0,"rootKey":"T7gStY9wSXlhIvi2Ip0gAgvjS+6qYbuORbTjuXMQLCI="},"indexInfo":{"baseKey":"BXvlXvz+Qa+hqwAgQNspngBakYrIVWvMHl3UnDC3Jv4n","baseKeyType":2,"closed":-1,"used":1742380345935,"created":1742380345935,"remoteIdentityKey":"Bdr38ozzho+Dm53QUMDaEnaf4c1e73KIqF/y0b/2JOVk"},"_chains":{"BU5zGvW5nr/SHxx5ZhXpeq4CjL2UiRn+FKI9p3I/k14L":{"chainKey":{"counter":2,"key":"lXZWmdyeCPEYFZBoyTGDUqryEYo4ULHR46Z5Ce0S7OY="},"chainType":2,"messageKeys":{"0":"4t8II75d+HbJ7jl9somjhO21yxL8Cg6m9zsNsfpM2NA="}},"BWWEtHAEd5Il2ZWMuTDozM9bMMyVnSNLVtYxa6FrW19f":{"chainKey":{"counter":-1,"key":"gsdGDbycpJqn08dqe38u8xtHIRYuFBz7htP+fRsMyV4="},"chainType":1,"messageKeys":{}}}}},"version":"v1"}