{"_sessions":{"BdQyeV8IzSMwgI0Mx+XHACWnJi71bGU+TC8iZ40hBJoj":{"registrationId":1626476063,"currentRatchet":{"ephemeralKeyPair":{"pubKey":"BcP6QGeJRg9xuqe3UrRqsn8FGyeZJvrSbES7Qhfm3gw0","privKey":"KAONXWl8bFmMtgfKc9VGOsQdCfL+427/+F0xlOEsKFo="},"lastRemoteEphemeralKey":"BbBDvT5uEf5VaYO4lSfVpsYfUY7VE+bCBjDJdEKSrW9M","previousCounter":0,"rootKey":"nmeHaYvTQVDSW+mISxzg2w82Y6Afk+g3Q3Vu6A4jsdM="},"indexInfo":{"baseKey":"BdQyeV8IzSMwgI0Mx+XHACWnJi71bGU+TC8iZ40hBJoj","baseKeyType":1,"closed":1742271293114,"used":1742271291333,"created":1742271291333,"remoteIdentityKey":"Bde5bXZpaehr5MJ29s+EcafuQAiQ+aMebW+KfdikOAND"},"_chains":{"BcP6QGeJRg9xuqe3UrRqsn8FGyeZJvrSbES7Qhfm3gw0":{"chainKey":{"counter":0,"key":"5ui/OuipdS5Ls9VDgw57Xl8P8LdjRrJolnA3M5/mSKE="},"chainType":1,"messageKeys":{}}},"pendingPreKey":{"signedKeyId":23,"baseKey":"BdQyeV8IzSMwgI0Mx+XHACWnJi71bGU+TC8iZ40hBJoj","preKeyId":14826077}},"BXZMGMBrgjI3Cg22IHbnXyDTyiuZoVJqILAc0FZt+fFI":{"registrationId":1626476063,"currentRatchet":{"ephemeralKeyPair":{"pubKey":"BcwFjYfZIkaVJzIMspkdivuFHdqNyyzKekR5GX5YA1ga","privKey":"qN8/IsafF8V4XzgQNDhP08lKciwP+5ECAt7Eu25mR38="},"lastRemoteEphemeralKey":"BbBDvT5uEf5VaYO4lSfVpsYfUY7VE+bCBjDJdEKSrW9M","previousCounter":0,"rootKey":"hBH63qA6mCsAsaWI2U20eqjNL9o+uKe57zSjIraJblo="},"indexInfo":{"baseKey":"BXZMGMBrgjI3Cg22IHbnXyDTyiuZoVJqILAc0FZt+fFI","baseKeyType":1,"closed":-1,"used":1742271293031,"created":1742271293031,"remoteIdentityKey":"Bde5bXZpaehr5MJ29s+EcafuQAiQ+aMebW+KfdikOAND"},"_chains":{"BcwFjYfZIkaVJzIMspkdivuFHdqNyyzKekR5GX5YA1ga":{"chainKey":{"counter":0,"key":"2tEljy+bzSjyNEVH355FwwIHejgPI0IRp607zTuh9z0="},"chainType":1,"messageKeys":{}}},"pendingPreKey":{"signedKeyId":23,"baseKey":"BXZMGMBrgjI3Cg22IHbnXyDTyiuZoVJqILAc0FZt+fFI","preKeyId":14825802}}},"version":"v1"}