{"_sessions":{"BTX579oFX9kgd+hEd/7WvxzsaX+m8quiP2/p2qgMdiNp":{"registrationId":1921950119,"currentRatchet":{"ephemeralKeyPair":{"pubKey":"BXHTo3RpegTz2nHYZ7Np2NeSg26d+b++jTlFy1eAvN4F","privKey":"aHvEUyjFq0hkdXC9z3lcRpARp5rk65qid4PyGigr9Xo="},"lastRemoteEphemeralKey":"BdJW1q1Pqn5JNvpcIUaA5Jdpbjx0xudzk7xkofUjumlJ","previousCounter":0,"rootKey":"n4WDsyGijVqKjoJRxz4y5lfRJUv0GLtm0NEvD1FkimQ="},"indexInfo":{"baseKey":"BTX579oFX9kgd+hEd/7WvxzsaX+m8quiP2/p2qgMdiNp","baseKeyType":2,"closed":-1,"used":1742338445896,"created":1742338445896,"remoteIdentityKey":"BQOCroEm4gtWJ67K3Jwz2MXkU0MFffAb/ObTGSH5Wt1Q"},"_chains":{"BdJW1q1Pqn5JNvpcIUaA5Jdpbjx0xudzk7xkofUjumlJ":{"chainKey":{"counter":2,"key":"OW1buoz3j8n2N1jQHLkqIsOTfmkhyhTbBncotxE6Ias="},"chainType":2,"messageKeys":{"1":"eWz+NOM+3VrZEcbZmUgEkrHDfl2X2ChQcZgJKNDDsgE="}},"BXHTo3RpegTz2nHYZ7Np2NeSg26d+b++jTlFy1eAvN4F":{"chainKey":{"counter":-1,"key":"PnW7mKil2IoftIcUlhUgGFUjtlysQ1A7EA1QnGOEybo="},"chainType":1,"messageKeys":{}}}}},"version":"v1"}