{"_sessions":{"BYWSsBJCRuHUWc1cM/7EURwCr2FrbdhKf5HKMWnKXZEU":{"registrationId":1738128974,"currentRatchet":{"ephemeralKeyPair":{"pubKey":"BULFqlUaWpZxRD9BKRnubF+Hubfhz2DYmrR3q7qB+9Zr","privKey":"QOdj4R6yY+XO5rsOmNS2uvBKq6FkRGRfajcTzAIpJkg="},"lastRemoteEphemeralKey":"BZNBVPu8SLU5SEij79MCbVnWttVhTKmjGH47lyqszXpL","previousCounter":0,"rootKey":"IglcEERTh1+WN2v0S3JJcPpYShJ3HJEw+9caF/4jnN8="},"indexInfo":{"baseKey":"BYWSsBJCRuHUWc1cM/7EURwCr2FrbdhKf5HKMWnKXZEU","baseKeyType":1,"closed":1742271293899,"used":1742271292169,"created":1742271292169,"remoteIdentityKey":"Bdx3qClbI+S1aWJEl4tJt5s8goOqiaJETjUfZoQQO4xz"},"_chains":{"BULFqlUaWpZxRD9BKRnubF+Hubfhz2DYmrR3q7qB+9Zr":{"chainKey":{"counter":0,"key":"ZKY16hAm0n1haSmX8SBnatziH84R/LeMt1MxprttnHo="},"chainType":1,"messageKeys":{}}},"pendingPreKey":{"signedKeyId":24,"baseKey":"BYWSsBJCRuHUWc1cM/7EURwCr2FrbdhKf5HKMWnKXZEU","preKeyId":7505282}},"BW0VL8mcnoS6HUJ3UuhLADyLJNuoQqPh4LyWmWl3q2g7":{"registrationId":1738128974,"currentRatchet":{"ephemeralKeyPair":{"pubKey":"Bdf7yY+3bBVQgJQ4AwwdHuwVdAoxjmB5iGHhPYsR9J4Q","privKey":"2KczyNYfuWoxS5xH1PMVNd0n699vgoXByxwwqDZ8o3U="},"lastRemoteEphemeralKey":"BZNBVPu8SLU5SEij79MCbVnWttVhTKmjGH47lyqszXpL","previousCounter":0,"rootKey":"ortYMQQlb1e6n2lt3t8rjJBEV4DhAW0RSRLLS5U8Bj4="},"indexInfo":{"baseKey":"BW0VL8mcnoS6HUJ3UuhLADyLJNuoQqPh4LyWmWl3q2g7","baseKeyType":1,"closed":-1,"used":1742271293747,"created":1742271293747,"remoteIdentityKey":"Bdx3qClbI+S1aWJEl4tJt5s8goOqiaJETjUfZoQQO4xz"},"_chains":{"Bdf7yY+3bBVQgJQ4AwwdHuwVdAoxjmB5iGHhPYsR9J4Q":{"chainKey":{"counter":0,"key":"UoiD/YUQXN6nCH9nTf5oAct7aO6WI+S+SgclKXrkcdI="},"chainType":1,"messageKeys":{}}},"pendingPreKey":{"signedKeyId":24,"baseKey":"BW0VL8mcnoS6HUJ3UuhLADyLJNuoQqPh4LyWmWl3q2g7","preKeyId":7505431}}},"version":"v1"}