{"_sessions":{"BXVZBGdQMjyF+WeGQHYBmdxusJvvV+7GuJRQQpgDUmd8":{"registrationId":187862382,"currentRatchet":{"ephemeralKeyPair":{"pubKey":"BajJdf9SmijQ1h42odfhi9ppfYXBY8pyhclunoGclUI4","privKey":"eMT6bjcwvNklPXsL0jUQN84UetIxUBjG5/yKCf0pG2w="},"lastRemoteEphemeralKey":"BcLF1dUryU9vovTHXHQr7kjgysa1uj4UlyrHwELxk0hM","previousCounter":0,"rootKey":"/Dxq8MwYy3zdqDTnFf1dXonlP2bkxSqvgVGSufSGYbs="},"indexInfo":{"baseKey":"BXVZBGdQMjyF+WeGQHYBmdxusJvvV+7GuJRQQpgDUmd8","baseKeyType":2,"closed":-1,"used":1742345312520,"created":1742345312520,"remoteIdentityKey":"BUS/TgyhO+jI1g7PyJjMFROEZTyi5nx699Tq2f769otC"},"_chains":{"BcLF1dUryU9vovTHXHQr7kjgysa1uj4UlyrHwELxk0hM":{"chainKey":{"counter":3,"key":"OEI8IQY66hxZpq1FzoxJSP80JB5Jbdbp33bMLzvCDz4="},"chainType":2,"messageKeys":{}},"BajJdf9SmijQ1h42odfhi9ppfYXBY8pyhclunoGclUI4":{"chainKey":{"counter":-1,"key":"Y19wQI3P44RJi44MbyvmDAduil3TPgeKrZ+sacvF8D4="},"chainType":1,"messageKeys":{}}}}},"version":"v1"}