{"_sessions":{"BXGI3Ei2V0qtaEKSqOCjf2jNSdRRTbuREDyNjwSthzsI":{"registrationId":4891,"currentRatchet":{"ephemeralKeyPair":{"pubKey":"BdFpxJpNiUih2wApt5XBJSHvbi8Vl74tqSCbDVxl/slu","privKey":"iMPusmAx7MJH81yJhv70qbXrkeqIWejmQo3oPui130c="},"lastRemoteEphemeralKey":"BVZJNyc6VQ8RmnbVkLXsVWVOQaLkhZ/nrHSODureK91/","previousCounter":0,"rootKey":"mlExUePQc78SpkUmO9Eo+WGzm+04RzBeutdpm/RSZ3M="},"indexInfo":{"baseKey":"BXGI3Ei2V0qtaEKSqOCjf2jNSdRRTbuREDyNjwSthzsI","baseKeyType":1,"closed":1742271293085,"used":1742271291236,"created":1742271291236,"remoteIdentityKey":"BZcN59oYS8JhWLtbt2+W30TmdaxhXLZ5chiG8mOw8Lcc"},"_chains":{"BdFpxJpNiUih2wApt5XBJSHvbi8Vl74tqSCbDVxl/slu":{"chainKey":{"counter":0,"key":"rUOynJcNcstqUG6fHZb0pKebGxW9XRR9f8Wr+4g2DQ8="},"chainType":1,"messageKeys":{}}},"pendingPreKey":{"signedKeyId":1,"baseKey":"BXGI3Ei2V0qtaEKSqOCjf2jNSdRRTbuREDyNjwSthzsI"}},"BSJm7LVcZpB/DfXDsLURBEoPONo8MHkVVq6haSehhSha":{"registrationId":4891,"currentRatchet":{"ephemeralKeyPair":{"pubKey":"BbDdx1CtL6NItTHupt46e8uihVU4URVbmYrQ+Y4eVgNb","privKey":"KM2ZOakjwuWNUoY3SEps29hglTlHQD3uEMTj+Txzb2s="},"lastRemoteEphemeralKey":"BVZJNyc6VQ8RmnbVkLXsVWVOQaLkhZ/nrHSODureK91/","previousCounter":0,"rootKey":"39Djft1WqT2GIqsJ0Mld3GVFWiaHlYfnMeidFeb2nGM="},"indexInfo":{"baseKey":"BSJm7LVcZpB/DfXDsLURBEoPONo8MHkVVq6haSehhSha","baseKeyType":1,"closed":-1,"used":1742271292939,"created":1742271292939,"remoteIdentityKey":"BZcN59oYS8JhWLtbt2+W30TmdaxhXLZ5chiG8mOw8Lcc"},"_chains":{"BbDdx1CtL6NItTHupt46e8uihVU4URVbmYrQ+Y4eVgNb":{"chainKey":{"counter":0,"key":"DyTb8x60t/VrosXR6zkgpc/NhF+dbBos06xnSyNU5o0="},"chainType":1,"messageKeys":{}}},"pendingPreKey":{"signedKeyId":1,"baseKey":"BSJm7LVcZpB/DfXDsLURBEoPONo8MHkVVq6haSehhSha"}}},"version":"v1"}