{"_sessions":{"BXFEifWBwJXvILqaxH0sLcQF4SfMT/00SRe5IVZMnBAz":{"registrationId":114,"currentRatchet":{"ephemeralKeyPair":{"pubKey":"BZSQhRkPEVKvFOus+j0CJ3Ek6qH2ZIKr+Y+rkqovQMpz","privKey":"UExdQ1xvMGSLf6FBsE2GKd9VnisKcWWXiaVbtz1wIG4="},"lastRemoteEphemeralKey":"BR/m8IMgQG4pgNC90mcTpB0x4EUSZBZIT2DyVNDC84om","previousCounter":0,"rootKey":"swYWtYwcA4ypMRdOjFRRSUd0OyiBD/11BIMLtTMvesA="},"indexInfo":{"baseKey":"BXFEifWBwJXvILqaxH0sLcQF4SfMT/00SRe5IVZMnBAz","baseKeyType":1,"closed":1742271293109,"used":1742271291319,"created":1742271291319,"remoteIdentityKey":"BZTaOq2LMdD4mlL/7IhZX1XzxLTVpFtDePS1/K6kkyYS"},"_chains":{"BZSQhRkPEVKvFOus+j0CJ3Ek6qH2ZIKr+Y+rkqovQMpz":{"chainKey":{"counter":0,"key":"obDK4AQVlBH4jVAp8deVZBtCDObElpvGQIKljnp1t58="},"chainType":1,"messageKeys":{}}},"pendingPreKey":{"signedKeyId":1,"baseKey":"BXFEifWBwJXvILqaxH0sLcQF4SfMT/00SRe5IVZMnBAz","preKeyId":48}},"BXpBjZANMWBbjDIs7120MjO/xgWqrr+QGcPnI1KQPxpy":{"registrationId":114,"currentRatchet":{"ephemeralKeyPair":{"pubKey":"BaX0fP1IgDipWURaZ89QGoH45LXjD3eNwQeOOCcRKJt6","privKey":"0E7gROUS+KOTI3gABAA6+skAjUfRmzZ9stGyCatPOUE="},"lastRemoteEphemeralKey":"BR/m8IMgQG4pgNC90mcTpB0x4EUSZBZIT2DyVNDC84om","previousCounter":0,"rootKey":"nXC1pXgN4HFlmIql8C9zc2kOTE73HT/r6tSPwxQBWXQ="},"indexInfo":{"baseKey":"BXpBjZANMWBbjDIs7120MjO/xgWqrr+QGcPnI1KQPxpy","baseKeyType":1,"closed":-1,"used":1742271293016,"created":1742271293016,"remoteIdentityKey":"BZTaOq2LMdD4mlL/7IhZX1XzxLTVpFtDePS1/K6kkyYS"},"_chains":{"BaX0fP1IgDipWURaZ89QGoH45LXjD3eNwQeOOCcRKJt6":{"chainKey":{"counter":0,"key":"9np4Xx5KXMJgDf+6t/FDkzaLohzolOuhuN7FBbE+mIw="},"chainType":1,"messageKeys":{}}},"pendingPreKey":{"signedKeyId":1,"baseKey":"BXpBjZANMWBbjDIs7120MjO/xgWqrr+QGcPnI1KQPxpy","preKeyId":756}}},"version":"v1"}