{"_sessions":{"BdnhqZJSPagrvT0K/gkBafI2sQ4YSczMuUYU68posYAk":{"registrationId":404252839,"currentRatchet":{"ephemeralKeyPair":{"pubKey":"BbKe9732GRkRkI/i9MPT+LlEKXTguXupungBiUCQtFEx","privKey":"eHfQSZ/xkm4xlPEiomecwfTj4mTtIAtk8B6LbN2sxmo="},"lastRemoteEphemeralKey":"BV3H1uzz0zAVLNv6HuhHARqt5ytEO0/TBrV8gUGxxEcI","previousCounter":0,"rootKey":"WgDa8JmlWn9w3NktgfAMqEizWaqZnAlhm/1Pc40BrPQ="},"indexInfo":{"baseKey":"BdnhqZJSPagrvT0K/gkBafI2sQ4YSczMuUYU68posYAk","baseKeyType":2,"closed":-1,"used":1742426015207,"created":1742426015207,"remoteIdentityKey":"Bdrbgf9F2BjPzRmr4KkHssMMaCt0Kr/u8MWW9yQjNZgw"},"_chains":{"BV3H1uzz0zAVLNv6HuhHARqt5ytEO0/TBrV8gUGxxEcI":{"chainKey":{"counter":0,"key":"tn3AIQwOWNf+F/r2rvVlrE3EBLPUhVte33IhpXof+Gk="},"chainType":2,"messageKeys":{}},"BbKe9732GRkRkI/i9MPT+LlEKXTguXupungBiUCQtFEx":{"chainKey":{"counter":-1,"key":"k6jpfKdLNSrDb8h9Fz6tTxT2ts362HqJr8KpTWcuZBw="},"chainType":1,"messageKeys":{}}}}},"version":"v1"}