{"_sessions":{"BczKacjQDlSxGDo0G0C1fzs6iqwNzZbClvlA5QvNuAhp":{"registrationId":1146448505,"currentRatchet":{"ephemeralKeyPair":{"pubKey":"BXOSMAlXlWF8NYoNujCZlZqEZuk15aAloqLa5qwF6cto","privKey":"wGG8QCOeskD7VQtYpzJS/T1iyZQSx5i7tFaKoMFGXn0="},"lastRemoteEphemeralKey":"BWEe/dFPJ/PlbkNEODcMJ0DLSrpnutDneVfS1eHzWMl8","previousCounter":0,"rootKey":"VdFLqVnDsYrRJUJJyxdG7Pzzl3ciE7w5V3gwtB0twBQ="},"indexInfo":{"baseKey":"BczKacjQDlSxGDo0G0C1fzs6iqwNzZbClvlA5QvNuAhp","baseKeyType":1,"closed":1742271293898,"used":1742271292167,"created":1742271292167,"remoteIdentityKey":"BU/VOWgcXAEagQePllZibIwsaQezUcEWfnJ7pVOrviYX"},"_chains":{"BXOSMAlXlWF8NYoNujCZlZqEZuk15aAloqLa5qwF6cto":{"chainKey":{"counter":0,"key":"hZMXl1kqNGrXt9OeGreTj00dGmGA7I488iy8lKIpJEI="},"chainType":1,"messageKeys":{}}},"pendingPreKey":{"signedKeyId":20,"baseKey":"BczKacjQDlSxGDo0G0C1fzs6iqwNzZbClvlA5QvNuAhp","preKeyId":11557770}},"BerB9E/KHJOflDGAxnwPe44Qf0bLJyFxPCI9YWCf4xNN":{"registrationId":1146448505,"currentRatchet":{"ephemeralKeyPair":{"pubKey":"BQ0e6eOmHTENSVqV6LVFtbdrKvd9Lg7KX9d2ekmU4V0P","privKey":"+HHEqcIoyRU62MLWYE+sHYQchJ29hK1Q/X71VcZZVFY="},"lastRemoteEphemeralKey":"BWEe/dFPJ/PlbkNEODcMJ0DLSrpnutDneVfS1eHzWMl8","previousCounter":0,"rootKey":"UEpnGcYwz6Bay8CxQodiFA+MnBfkEPRtS7FpVuVWY9I="},"indexInfo":{"baseKey":"BerB9E/KHJOflDGAxnwPe44Qf0bLJyFxPCI9YWCf4xNN","baseKeyType":1,"closed":-1,"used":1742271293745,"created":1742271293745,"remoteIdentityKey":"BU/VOWgcXAEagQePllZibIwsaQezUcEWfnJ7pVOrviYX"},"_chains":{"BQ0e6eOmHTENSVqV6LVFtbdrKvd9Lg7KX9d2ekmU4V0P":{"chainKey":{"counter":0,"key":"RwTXdEjbMAgnHqcLpzaPEEdYFo0z22E6+zD+AbMhnZ0="},"chainType":1,"messageKeys":{}}},"pendingPreKey":{"signedKeyId":20,"baseKey":"BerB9E/KHJOflDGAxnwPe44Qf0bLJyFxPCI9YWCf4xNN","preKeyId":11558541}}},"version":"v1"}