{"_sessions":{"BQSvZyI/8L2n8vjm3FXTDafiwrSB5GqI4RD20L4vBSRi":{"registrationId":12764110,"currentRatchet":{"ephemeralKeyPair":{"pubKey":"BXbrpQDw8Vu39Lfs/3+g3Mdy87z3PxzzStu5H1r8Ku5q","privKey":"WCy7J/5uKJS5yIG5AUEfsMdNu6KTeikMQXBl3EtcOUM="},"lastRemoteEphemeralKey":"BVeZ98t0RF7UrFgUYNvA3g1kEg7dTmo81ltv5T2DL4gD","previousCounter":0,"rootKey":"TyLtR5OSZzcAd3z+IHPQuRjblxT9Xs+Ia/GDnwo0TTg="},"indexInfo":{"baseKey":"BQSvZyI/8L2n8vjm3FXTDafiwrSB5GqI4RD20L4vBSRi","baseKeyType":1,"closed":-1,"used":1742380900416,"created":1742271344246,"remoteIdentityKey":"Bb+6zgNvBx+BCDJtyc7m4b2A6eGUA8lsEcWOR20TjQ0C"},"_chains":{"BVeZ98t0RF7UrFgUYNvA3g1kEg7dTmo81ltv5T2DL4gD":{"chainKey":{"counter":1,"key":"iGioxmO9Y60n5eKJAsEt3q+URX322BRTL9mF5hPuWUE="},"chainType":2,"messageKeys":{}},"BXbrpQDw8Vu39Lfs/3+g3Mdy87z3PxzzStu5H1r8Ku5q":{"chainKey":{"counter":-1,"key":"d7Sbl/SEX8v+wqfVNgzlBh/FoozWcuutDsBA0Qrdujg="},"chainType":1,"messageKeys":{}}}}},"version":"v1"}