{"_sessions":{"Bbu+6geOHtg4WQLinX3N3bJm8trUgpBIik3L0XWw5scU":{"registrationId":1022758083,"currentRatchet":{"ephemeralKeyPair":{"pubKey":"BeO22y9JzIy5ZZ4e4gODVrkuq1hs+nfOZ/iR263a1bNv","privKey":"ADyKkW+RquUHa7tnIHnnpzSzKvWikmiPSDsniGq/tmY="},"lastRemoteEphemeralKey":"BdD7KyiUEepZ1WO2h6CJZ2RoLXpFoPMnrrjjbqqd1C9B","previousCounter":0,"rootKey":"RaOmj5tHH80WPiCsxi7Dl81CP9sKvttDcP1EiGHyuk8="},"indexInfo":{"baseKey":"Bbu+6geOHtg4WQLinX3N3bJm8trUgpBIik3L0XWw5scU","baseKeyType":2,"closed":1742426049102,"used":1742276359024,"created":1742276359024,"remoteIdentityKey":"BTj5T8GjETlHhCawvabHlZpEKbgE8YFY0Zj5uXVsJOop"},"_chains":{"BdD7KyiUEepZ1WO2h6CJZ2RoLXpFoPMnrrjjbqqd1C9B":{"chainKey":{"counter":5,"key":"wJ5Q830kiv7S1wyjCSKNFT0BQqkZHw6GQAZV1xjeDzs="},"chainType":2,"messageKeys":{}},"BeO22y9JzIy5ZZ4e4gODVrkuq1hs+nfOZ/iR263a1bNv":{"chainKey":{"counter":-1,"key":"b97+MxoyAh3XqThutoCNlflCNaoN9AGosfsbjw7KPWk="},"chainType":1,"messageKeys":{}}}},"BXbSQSrZvVhgZtcxI8L1ryf1oiFWUceehyox8CvIOeZ0":{"registrationId":1022758083,"currentRatchet":{"ephemeralKeyPair":{"pubKey":"BfS4aDvAypvb9gXKNnaCiYnRWu2a5KhHlucI+oZuqsJn","privKey":"+BEhrDPNBu85mGaSUduISltTZ7F9BO3e7q6l0/nqG3U="},"lastRemoteEphemeralKey":"BSDLh7G8M0ZE4g/iO+Vtf55NAjCLanXgspZLbiK6vtUQ","previousCounter":0,"rootKey":"215sEcRib4rKbGJN5vReY6bIi5U7KDxFZQRBA6eeFpA="},"indexInfo":{"baseKey":"BXbSQSrZvVhgZtcxI8L1ryf1oiFWUceehyox8CvIOeZ0","baseKeyType":2,"closed":-1,"used":1742426049111,"created":1742426049111,"remoteIdentityKey":"BTj5T8GjETlHhCawvabHlZpEKbgE8YFY0Zj5uXVsJOop"},"_chains":{"BSDLh7G8M0ZE4g/iO+Vtf55NAjCLanXgspZLbiK6vtUQ":{"chainKey":{"counter":3,"key":"l6UvClFsqoOGZIvERVy9xXQ+2APp61iiBfjoS2GZPRE="},"chainType":2,"messageKeys":{}},"BfS4aDvAypvb9gXKNnaCiYnRWu2a5KhHlucI+oZuqsJn":{"chainKey":{"counter":-1,"key":"fplEwhTkN04S75Obu/x+72Gw5qdCl/nr3D+c5LwZrjo="},"chainType":1,"messageKeys":{}}}}},"version":"v1"}