{"_sessions":{"BV1U9lKFAiVzagBfaAMcUJlol3sjQJhLZynLWjhJv0sL":{"registrationId":1720037754,"currentRatchet":{"ephemeralKeyPair":{"pubKey":"BYMAQu6c7vtwamhoNE562kCPUzn0niNhXGqbADeui5Fl","privKey":"KBWTycrsMatBtavxsW/XB310i0isu97ze9elgyGBIkA="},"lastRemoteEphemeralKey":"BT23ZZcmsQ2fqUcmofvg/6x7w8X5mW6T1XbLRI+QxlBt","previousCounter":0,"rootKey":"dZK76uQi1rNAxAcDvwlboW+ZGhu7dKQVn65J5tZ4GhI="},"indexInfo":{"baseKey":"BV1U9lKFAiVzagBfaAMcUJlol3sjQJhLZynLWjhJv0sL","baseKeyType":1,"closed":1742271293117,"used":1742271291342,"created":1742271291342,"remoteIdentityKey":"BaCr0HsriuI8k/qBdjmtu49Iflrq+O8WToy9+beRKmZd"},"_chains":{"BYMAQu6c7vtwamhoNE562kCPUzn0niNhXGqbADeui5Fl":{"chainKey":{"counter":0,"key":"f79YhidvWGbc5G9S+0JdtNYbCIZxSnrIowkNIj5lYoE="},"chainType":1,"messageKeys":{}}},"pendingPreKey":{"signedKeyId":38,"baseKey":"BV1U9lKFAiVzagBfaAMcUJlol3sjQJhLZynLWjhJv0sL","preKeyId":11254956}},"BcGzonfP0t7SiQIQCRG0/Qi1ES1nXmTd5yGBUsjURN0b":{"registrationId":1720037754,"currentRatchet":{"ephemeralKeyPair":{"pubKey":"BWDmacVnm/K/tqNpaatkFdn1zj2QiGQLEHJwc/n/mlMQ","privKey":"iBFFPZgVMDU2LV74ALyGayXjYPJFfdYLwVvxpp/wP3I="},"lastRemoteEphemeralKey":"BT23ZZcmsQ2fqUcmofvg/6x7w8X5mW6T1XbLRI+QxlBt","previousCounter":0,"rootKey":"ieO+1a8CjH9YpVmZI15vP+nUrbtdotsKhEPjKNOnMhQ="},"indexInfo":{"baseKey":"BcGzonfP0t7SiQIQCRG0/Qi1ES1nXmTd5yGBUsjURN0b","baseKeyType":1,"closed":-1,"used":1742271293042,"created":1742271293042,"remoteIdentityKey":"BaCr0HsriuI8k/qBdjmtu49Iflrq+O8WToy9+beRKmZd"},"_chains":{"BWDmacVnm/K/tqNpaatkFdn1zj2QiGQLEHJwc/n/mlMQ":{"chainKey":{"counter":0,"key":"fXed0+MvadHh85mmokwenJePNtP3PRYkosv4uzYJ96Q="},"chainType":1,"messageKeys":{}}},"pendingPreKey":{"signedKeyId":38,"baseKey":"BcGzonfP0t7SiQIQCRG0/Qi1ES1nXmTd5yGBUsjURN0b","preKeyId":11254863}}},"version":"v1"}